timestamp_utc,price_eur_per_mwh,carbon_gco2_per_kwh
2025-09-27 22:00:00+00:00,91.67,351.063
2025-09-27 23:00:00+00:00,89.29,351.95799999999997
2025-09-28 00:00:00+00:00,89.62,357.36175
2025-09-28 01:00:00+00:00,91.47,364.9775
2025-09-28 02:00:00+00:00,90.6,362.99424999999997
2025-09-28 03:00:00+00:00,92.28,361.57525000000004
2025-09-28 04:00:00+00:00,100.91,360.58349999999996
2025-09-28 05:00:00+00:00,99.48,360.00575000000003
2025-09-28 06:00:00+00:00,93.93,331.16249999999997
2025-09-28 07:00:00+00:00,89.9,236.01975
2025-09-28 08:00:00+00:00,74.12,122.710725
2025-09-28 09:00:00+00:00,36.15,75.01945
2025-09-28 10:00:00+00:00,17.11,62.17402500000001
2025-09-28 11:00:00+00:00,8.53,59.962275000000005
2025-09-28 12:00:00+00:00,13.0,66.99949999999998
2025-09-28 13:00:00+00:00,54.04,79.56190000000001
2025-09-28 14:00:00+00:00,75.68,144.25949999999997
2025-09-28 15:00:00+00:00,94.66,241.073
2025-09-28 16:00:00+00:00,128.07,327.87275000000005
2025-09-28 17:00:00+00:00,139.0,369.41524999999996
2025-09-28 18:00:00+00:00,125.93,369.71175
2025-09-28 19:00:00+00:00,113.51,374.47600000000006
2025-09-28 20:00:00+00:00,98.17,377.22700000000003
2025-09-28 21:00:00+00:00,89.79,375.17925
2025-09-28 22:00:00+00:00,84.93,373.68675
2025-09-28 23:00:00+00:00,82.33,373.95824999999996
2025-09-29 00:00:00+00:00,80.96,374.07925
2025-09-29 01:00:00+00:00,80.65,373.94300000000004
2025-09-29 02:00:00+00:00,82.78,373.74925
2025-09-29 03:00:00+00:00,92.0,374.771
2025-09-29 04:00:00+00:00,117.89,373.5085
2025-09-29 05:00:00+00:00,193.51,372.96275
2025-09-29 06:00:00+00:00,160.43,353.7945
2025-09-29 07:00:00+00:00,121.08,283.9215
2025-09-29 08:00:00+00:00,86.18,208.7845
2025-09-29 09:00:00+00:00,78.84,131.1315
2025-09-29 10:00:00+00:00,73.26,91.937875
2025-09-29 11:00:00+00:00,70.75,89.96419999999999
2025-09-29 12:00:00+00:00,74.57,103.2545
2025-09-29 13:00:00+00:00,79.23,128.80325
2025-09-29 14:00:00+00:00,88.0,192.72925
2025-09-29 15:00:00+00:00,125.0,249.44375000000002
2025-09-29 16:00:00+00:00,263.0,303.09025
2025-09-29 17:00:00+00:00,353.65,340.661
2025-09-29 18:00:00+00:00,164.24,347.83425
2025-09-29 19:00:00+00:00,117.61,354.41949999999997
2025-09-29 20:00:00+00:00,103.8,358.1745000000001
2025-09-29 21:00:00+00:00,92.74,354.61975
2025-09-29 22:00:00+00:00,95.37,354.32175
2025-09-29 23:00:00+00:00,91.36,357.1315
2025-09-30 00:00:00+00:00,92.57,358.95099999999996
2025-09-30 01:00:00+00:00,87.18,360.6915000000001
2025-09-30 02:00:00+00:00,89.01,359.15375
2025-09-30 03:00:00+00:00,96.6,363.47249999999997
2025-09-30 04:00:00+00:00,127.38,363.26950000000005
2025-09-30 05:00:00+00:00,216.06,361.62125000000003
2025-09-30 06:00:00+00:00,192.51,346.41875
2025-09-30 07:00:00+00:00,135.82,294.26625
2025-09-30 08:00:00+00:00,107.44,243.31900000000002
2025-09-30 09:00:00+00:00,87.57,185.53225
2025-09-30 10:00:00+00:00,79.22,154.8595
2025-09-30 11:00:00+00:00,77.13,135.65575
2025-09-30 12:00:00+00:00,76.15,140.497
2025-09-30 13:00:00+00:00,86.0,165.9925
2025-09-30 14:00:00+00:00,92.4,196.86125
2025-09-30 15:00:00+00:00,124.02,246.08374999999998
2025-09-30 16:00:00+00:00,254.96,320.73275
2025-09-30 17:00:00+00:00,312.0,360.98975
2025-09-30 18:00:00+00:00,139.56,366.47625
2025-09-30 19:00:00+00:00,110.0,372.66925000000003
2025-09-30 20:00:00+00:00,98.0,374.93925
2025-09-30 21:00:00+00:00,90.0,374.6425
2025-09-30 22:00:00+00:00,89.8175,373.593
2025-09-30 23:00:00+00:00,84.93,372.83225
2025-10-01 00:00:00+00:00,79.3125,381.83225000000004
2025-10-01 01:00:00+00:00,79.5325,381.9175
2025-10-01 02:00:00+00:00,81.17,380.57374999999996
2025-10-01 03:00:00+00:00,85.3525,378.54775
2025-10-01 04:00:00+00:00,115.7975,376.08975
2025-10-01 05:00:00+00:00,164.375,372.944
2025-10-01 06:00:00+00:00,138.41750000000002,347.89825
2025-10-01 07:00:00+00:00,104.365,275.72025
2025-10-01 08:00:00+00:00,83.47749999999999,207.11599999999999
2025-10-01 09:00:00+00:00,66.3375,128.29325
2025-10-01 10:00:00+00:00,58.5975,96.00115
2025-10-01 11:00:00+00:00,59.27,79.995975
2025-10-01 12:00:00+00:00,62.8175,87.202675
2025-10-01 13:00:00+00:00,72.59,127.55624999999998
2025-10-01 14:00:00+00:00,85.0,201.33650000000003
2025-10-01 15:00:00+00:00,128.1,259.46049999999997
2025-10-01 16:00:00+00:00,250.13,330.43225
2025-10-01 17:00:00+00:00,339.9925,359.58299999999997
2025-10-01 18:00:00+00:00,150.0,358.06425
2025-10-01 19:00:00+00:00,106.77,347.34275
2025-10-01 20:00:00+00:00,97.19749999999999,342.1295
2025-10-01 21:00:00+00:00,88.875,333.33675
2025-10-01 22:00:00+00:00,87.4625,332.874
2025-10-01 23:00:00+00:00,84.82,326.57650000000007
2025-10-02 00:00:00+00:00,81.3475,320.63750000000005
2025-10-02 01:00:00+00:00,79.5825,328.0335
2025-10-02 02:00:00+00:00,82.935,347.68024999999994
2025-10-02 03:00:00+00:00,91.38,354.08050000000003
2025-10-02 04:00:00+00:00,116.755,356.319
2025-10-02 05:00:00+00:00,149.68,357.49175
2025-10-02 06:00:00+00:00,132.2125,328.22774999999996
2025-10-02 07:00:00+00:00,99.56,258.95975
2025-10-02 08:00:00+00:00,88.245,171.29599999999996
2025-10-02 09:00:00+00:00,79.2725,96.124875
2025-10-02 10:00:00+00:00,64.8425,72.603425
2025-10-02 11:00:00+00:00,56.105,62.376675
2025-10-02 12:00:00+00:00,63.235,58.256550000000004
2025-10-02 13:00:00+00:00,71.5,66.1241
2025-10-02 14:00:00+00:00,82.8025,115.972075
2025-10-02 15:00:00+00:00,106.825,213.72975
2025-10-02 16:00:00+00:00,155.4925,281.57
2025-10-02 17:00:00+00:00,164.39499999999998,299.676
2025-10-02 18:00:00+00:00,105.025,298.31875
2025-10-02 19:00:00+00:00,84.6675,272.55050000000006
2025-10-02 20:00:00+00:00,87.935,213.063
2025-10-02 21:00:00+00:00,72.3225,145.92950000000002
2025-10-02 22:00:00+00:00,75.665,120.81400000000001
2025-10-02 23:00:00+00:00,68.6375,97.841175
2025-10-03 00:00:00+00:00,62.3975,87.87745
2025-10-03 01:00:00+00:00,65.7975,90.01175
2025-10-03 02:00:00+00:00,67.6375,110.84925
2025-10-03 03:00:00+00:00,67.655,119.24549999999999
2025-10-03 04:00:00+00:00,84.85499999999999,133.355
2025-10-03 05:00:00+00:00,96.7975,156.6235
2025-10-03 06:00:00+00:00,103.8575,155.1325
2025-10-03 07:00:00+00:00,103.9925,133.53550000000004
2025-10-03 08:00:00+00:00,99.89999999999999,115.20025000000001
2025-10-03 09:00:00+00:00,85.0,91.10345000000001
2025-10-03 10:00:00+00:00,78.3125,74.05847499999999
2025-10-03 11:00:00+00:00,71.095,71.183975
2025-10-03 12:00:00+00:00,49.8725,63.59760000000001
2025-10-03 13:00:00+00:00,52.597500000000004,64.0887
2025-10-03 14:00:00+00:00,63.08,71.50139999999999
2025-10-03 15:00:00+00:00,84.9,87.022325
2025-10-03 16:00:00+00:00,110.0025,94.514875
2025-10-03 17:00:00+00:00,99.7975,93.43495000000001
2025-10-03 18:00:00+00:00,70.22749999999999,74.779025
2025-10-03 19:00:00+00:00,41.4425,61.090875000000004
2025-10-03 20:00:00+00:00,23.185000000000002,44.067825
2025-10-03 21:00:00+00:00,9.7575,45.579449999999994
2025-10-03 22:00:00+00:00,-0.22499999999999992,45.8138
2025-10-03 23:00:00+00:00,-2.79,43.3937
2025-10-04 00:00:00+00:00,-3.9475,42.4999
2025-10-04 01:00:00+00:00,-4.3725,43.8602
2025-10-04 02:00:00+00:00,-4.0375,46.309625
2025-10-04 03:00:00+00:00,-4.2325,47.432475000000004
2025-10-04 04:00:00+00:00,-3.8425000000000002,50.2828
2025-10-04 05:00:00+00:00,-2.22,51.415825000000005
2025-10-04 06:00:00+00:00,-0.8025,60.679725
2025-10-04 07:00:00+00:00,1.975,62.178075
2025-10-04 08:00:00+00:00,1.175,53.87064999999999
2025-10-04 09:00:00+00:00,-0.037500000000000006,42.2169
2025-10-04 10:00:00+00:00,-0.07,30.488425
2025-10-04 11:00:00+00:00,-0.3875,27.34555
2025-10-04 12:00:00+00:00,-4.14,29.969649999999998
2025-10-04 13:00:00+00:00,-4.61,33.201925
2025-10-04 14:00:00+00:00,-2.2375,39.6806
2025-10-04 15:00:00+00:00,-0.04000000000000001,48.77335000000001
2025-10-04 16:00:00+00:00,1.2075,52.60337499999999
2025-10-04 17:00:00+00:00,5.8125,50.82425
2025-10-04 18:00:00+00:00,1.83,50.678975
2025-10-04 19:00:00+00:00,-0.009999999999999995,48.411274999999996
2025-10-04 20:00:00+00:00,-0.009999999999999998,47.938175
2025-10-04 21:00:00+00:00,-0.52,46.46167499999999
2025-10-04 22:00:00+00:00,-0.6575,48.846675
2025-10-04 23:00:00+00:00,-1.375,48.539025
2025-10-05 00:00:00+00:00,-4.0625,50.382999999999996
2025-10-05 01:00:00+00:00,-4.075,51.963699999999996
2025-10-05 02:00:00+00:00,-4.8375,53.5986
2025-10-05 03:00:00+00:00,-4.05,55.511975
2025-10-05 04:00:00+00:00,-3.7474999999999996,60.22965
2025-10-05 05:00:00+00:00,-1.5,62.054424999999995
2025-10-05 06:00:00+00:00,-0.0875,62.28955
2025-10-05 07:00:00+00:00,-1.3375,56.127425
2025-10-05 08:00:00+00:00,-3.6774999999999998,48.018175
2025-10-05 09:00:00+00:00,-2.0175,43.354175
2025-10-05 10:00:00+00:00,-3.4924999999999997,44.4402
2025-10-05 11:00:00+00:00,-3.2325,42.54707500000001
2025-10-05 12:00:00+00:00,-2.855,40.80644999999999
2025-10-05 13:00:00+00:00,-2.4,41.320800000000006
2025-10-05 14:00:00+00:00,-0.6875,45.42925
2025-10-05 15:00:00+00:00,2.1399999999999997,52.7354
2025-10-05 16:00:00+00:00,17.0425,60.674275
2025-10-05 17:00:00+00:00,40.0,68.91980000000001
2025-10-05 18:00:00+00:00,49.9925,70.162475
2025-10-05 19:00:00+00:00,47.765,76.5017
2025-10-05 20:00:00+00:00,39.9,72.728
2025-10-05 21:00:00+00:00,27.38,71.2152
2025-10-05 22:00:00+00:00,21.0,69.57274999999998
2025-10-05 23:00:00+00:00,10.940000000000001,64.913775
2025-10-06 00:00:00+00:00,9.682500000000001,84.04615
2025-10-06 01:00:00+00:00,10.997499999999999,89.92824999999999
2025-10-06 02:00:00+00:00,16.685000000000002,94.696025
2025-10-06 03:00:00+00:00,22.5225,119.83925
2025-10-06 04:00:00+00:00,69.6825,161.5705
2025-10-06 05:00:00+00:00,107.19,218.76449999999997
2025-10-06 06:00:00+00:00,122.4425,244.40525000000002
2025-10-06 07:00:00+00:00,119.6525,234.32875
2025-10-06 08:00:00+00:00,97.2625,220.19575
2025-10-06 09:00:00+00:00,84.7175,194.22575000000003
2025-10-06 10:00:00+00:00,82.8275,187.8935
2025-10-06 11:00:00+00:00,84.0,183.86275
2025-10-06 12:00:00+00:00,85.0,186.15525
2025-10-06 13:00:00+00:00,85.625,201.85025
2025-10-06 14:00:00+00:00,95.6025,227.42549999999997
2025-10-06 15:00:00+00:00,112.6175,273.9535
2025-10-06 16:00:00+00:00,135.7425,308.96375
2025-10-06 17:00:00+00:00,164.5925,337.926
2025-10-06 18:00:00+00:00,133.98000000000002,351.163
2025-10-06 19:00:00+00:00,118.60249999999999,356.22824999999995
2025-10-06 20:00:00+00:00,116.0425,361.20050000000003
2025-10-06 21:00:00+00:00,104.10499999999999,366.29425
2025-10-06 22:00:00+00:00,98.04249999999999,367.21524999999997
2025-10-06 23:00:00+00:00,92.93,368.7895
2025-10-07 00:00:00+00:00,87.1325,368.43250000000006
2025-10-07 01:00:00+00:00,86.9775,367.15575
2025-10-07 02:00:00+00:00,89.07249999999999,360.2135
2025-10-07 03:00:00+00:00,94.77250000000001,356.02975
2025-10-07 04:00:00+00:00,121.3825,355.18874999999997
2025-10-07 05:00:00+00:00,204.83499999999998,348.6585
2025-10-07 06:00:00+00:00,257.835,326.0765
2025-10-07 07:00:00+00:00,200.0,283.3655
2025-10-07 08:00:00+00:00,148.62,241.787
2025-10-07 09:00:00+00:00,117.0925,202.2115
2025-10-07 10:00:00+00:00,101.07,173.73375
2025-10-07 11:00:00+00:00,95.5175,191.529
2025-10-07 12:00:00+00:00,94.145,217.30225000000002
2025-10-07 13:00:00+00:00,101.4,236.86450000000002
2025-10-07 14:00:00+00:00,110.42,248.86800000000002
2025-10-07 15:00:00+00:00,142.095,264.21625
2025-10-07 16:00:00+00:00,194.5575,288.746
2025-10-07 17:00:00+00:00,207.56,299.76124999999996
2025-10-07 18:00:00+00:00,146.2475,309.87874999999997
2025-10-07 19:00:00+00:00,123.2425,319.84524999999996
2025-10-07 20:00:00+00:00,107.4225,328.22024999999996
2025-10-07 21:00:00+00:00,97.4825,337.678
2025-10-07 22:00:00+00:00,93.4525,342.76674999999994
2025-10-07 23:00:00+00:00,88.4375,346.18075000000005
2025-10-08 00:00:00+00:00,87.56,347.99699999999996
2025-10-08 01:00:00+00:00,86.0075,350.57875000000007
2025-10-08 02:00:00+00:00,87.23,350.275
2025-10-08 03:00:00+00:00,93.9175,351.82349999999997
2025-10-08 04:00:00+00:00,114.1425,355.7225
2025-10-08 05:00:00+00:00,152.5575,361.17775
2025-10-08 06:00:00+00:00,166.395,357.4635
2025-10-08 07:00:00+00:00,136.1325,329.93675
2025-10-08 08:00:00+00:00,116.18,304.61100000000005
2025-10-08 09:00:00+00:00,100.3025,282.73725
2025-10-08 10:00:00+00:00,88.5075,260.51525
2025-10-08 11:00:00+00:00,86.7775,248.66875000000002
2025-10-08 12:00:00+00:00,87.2325,259.35850000000005
2025-10-08 13:00:00+00:00,94.3225,278.79549999999995
2025-10-08 14:00:00+00:00,109.515,300.42
2025-10-08 15:00:00+00:00,141.6325,321.9805
2025-10-08 16:00:00+00:00,177.1175,332.24775
2025-10-08 17:00:00+00:00,194.6375,333.9035
2025-10-08 18:00:00+00:00,141.4475,323.57674999999995
2025-10-08 19:00:00+00:00,113.5625,326.90775
2025-10-08 20:00:00+00:00,106.2025,336.37275
2025-10-08 21:00:00+00:00,96.73750000000001,340.65075
2025-10-08 22:00:00+00:00,96.405,350.4735
2025-10-08 23:00:00+00:00,90.64,360.686
2025-10-09 00:00:00+00:00,90.9725,365.73124999999993
2025-10-09 01:00:00+00:00,87.0325,361.92225
2025-10-09 02:00:00+00:00,87.3625,363.66074999999995
2025-10-09 03:00:00+00:00,96.0,364.8575
2025-10-09 04:00:00+00:00,119.675,368.58599999999996
2025-10-09 05:00:00+00:00,141.425,367.41274999999996
2025-10-09 06:00:00+00:00,147.555,357.5305
2025-10-09 07:00:00+00:00,129.1525,305.28875
2025-10-09 08:00:00+00:00,106.16749999999999,239.627
2025-10-09 09:00:00+00:00,94.78999999999999,171.24099999999999
2025-10-09 10:00:00+00:00,88.445,143.79274999999998
2025-10-09 11:00:00+00:00,77.4125,151.20725000000002
2025-10-09 12:00:00+00:00,77.3125,172.465
2025-10-09 13:00:00+00:00,87.1525,208.098
2025-10-09 14:00:00+00:00,87.9275,222.66275
2025-10-09 15:00:00+00:00,103.61500000000001,255.811
2025-10-09 16:00:00+00:00,119.6075,304.83574999999996
2025-10-09 17:00:00+00:00,123.54,318.553
2025-10-09 18:00:00+00:00,112.625,324.3395
2025-10-09 19:00:00+00:00,97.9925,329.1345
2025-10-09 20:00:00+00:00,96.7475,327.534
2025-10-09 21:00:00+00:00,93.065,321.25675
2025-10-09 22:00:00+00:00,89.9975,319.112
2025-10-09 23:00:00+00:00,84.99000000000001,338.065
2025-10-10 00:00:00+00:00,80.09,348.33525
2025-10-10 01:00:00+00:00,77.92750000000001,348.601
2025-10-10 02:00:00+00:00,77.58,348.2045
2025-10-10 03:00:00+00:00,85.015,353.808
2025-10-10 04:00:00+00:00,98.915,356.39824999999996
2025-10-10 05:00:00+00:00,115.945,349.90574999999995
2025-10-10 06:00:00+00:00,122.4425,342.6147500000001
2025-10-10 07:00:00+00:00,107.2875,283.27675
2025-10-10 08:00:00+00:00,92.0125,211.744
2025-10-10 09:00:00+00:00,82.33250000000001,162.57950000000002
2025-10-10 10:00:00+00:00,77.07,158.8675
2025-10-10 11:00:00+00:00,73.2025,182.05374999999998
2025-10-10 12:00:00+00:00,87.12,200.61974999999998
2025-10-10 13:00:00+00:00,82.13499999999999,243.91050000000004
2025-10-10 14:00:00+00:00,89.9025,282.80875
2025-10-10 15:00:00+00:00,112.63,314.52699999999993
2025-10-10 16:00:00+00:00,117.22,340.95624999999995
2025-10-10 17:00:00+00:00,122.255,351.05425
2025-10-10 18:00:00+00:00,115.15,366.27175
2025-10-10 19:00:00+00:00,102.37,368.3165
2025-10-10 20:00:00+00:00,96.94,371.18174999999997
2025-10-10 21:00:00+00:00,93.47,366.483
2025-10-10 22:00:00+00:00,100.6,365.81550000000004
2025-10-10 23:00:00+00:00,89.9,374.39525000000003
2025-10-11 00:00:00+00:00,88.85499999999999,379.29125000000005
2025-10-11 01:00:00+00:00,82.0225,378.83500000000004
2025-10-11 02:00:00+00:00,82.6375,373.9485
2025-10-11 03:00:00+00:00,83.32,374.63175
2025-10-11 04:00:00+00:00,90.265,379.83275
2025-10-11 05:00:00+00:00,96.7525,378.22099999999995
2025-10-11 06:00:00+00:00,101.5,376.38775000000004
2025-10-11 07:00:00+00:00,116.3,364.308
2025-10-11 08:00:00+00:00,106.595,344.23325
2025-10-11 09:00:00+00:00,89.225,319.07525000000004
2025-10-11 10:00:00+00:00,85.5225,302.0225
2025-10-11 11:00:00+00:00,62.6,294.35100000000006
2025-10-11 12:00:00+00:00,77.3,295.57475
2025-10-11 13:00:00+00:00,81.8,306.88424999999995
2025-10-11 14:00:00+00:00,96.0025,322.8845
2025-10-11 15:00:00+00:00,105.63499999999999,350.19375
2025-10-11 16:00:00+00:00,120.91499999999999,380.84975
2025-10-11 17:00:00+00:00,127.19,386.80575
2025-10-11 18:00:00+00:00,118.895,388.75399999999996
2025-10-11 19:00:00+00:00,109.005,391.18325
2025-10-11 20:00:00+00:00,103.97999999999999,390.55424999999997
2025-10-11 21:00:00+00:00,94.825,390.72525
2025-10-11 22:00:00+00:00,95.56,394.12749999999994
2025-10-11 23:00:00+00:00,92.9425,396.1295
2025-10-12 00:00:00+00:00,85.785,396.1305
2025-10-12 01:00:00+00:00,80.45,392.02175
2025-10-12 02:00:00+00:00,82.2125,389.1925
2025-10-12 03:00:00+00:00,82.0,386.544
2025-10-12 04:00:00+00:00,86.0775,381.708
2025-10-12 05:00:00+00:00,87.81,377.38899999999995
2025-10-12 06:00:00+00:00,88.0875,369.4235
2025-10-12 07:00:00+00:00,93.7875,328.68225
2025-10-12 08:00:00+00:00,94.9,260.37325
2025-10-12 09:00:00+00:00,77.865,203.46399999999997
2025-10-12 10:00:00+00:00,71.9,203.21900000000002
2025-10-12 11:00:00+00:00,59.6475,204.529
2025-10-12 12:00:00+00:00,70.30499999999999,213.4045
2025-10-12 13:00:00+00:00,81.0325,245.2175
2025-10-12 14:00:00+00:00,88.0025,280.43625
2025-10-12 15:00:00+00:00,93.9425,325.22874999999993
2025-10-12 16:00:00+00:00,105.215,358.3645
2025-10-12 17:00:00+00:00,116.305,367.03824999999995
2025-10-12 18:00:00+00:00,115.3175,367.76175
2025-10-12 19:00:00+00:00,109.215,364.69675
2025-10-12 20:00:00+00:00,103.8425,368.31025
2025-10-12 21:00:00+00:00,91.31,374.34299999999996
2025-10-12 22:00:00+00:00,89.58,404.358
2025-10-12 23:00:00+00:00,85.825,404.45375
2025-10-13 00:00:00+00:00,85.5725,402.01925
2025-10-13 01:00:00+00:00,78.9125,399.0395
2025-10-13 02:00:00+00:00,81.51,401.108
2025-10-13 03:00:00+00:00,88.50999999999999,399.2995
2025-10-13 04:00:00+00:00,117.0,385.69375
2025-10-13 05:00:00+00:00,146.6,382.58475000000004
2025-10-13 06:00:00+00:00,176.9525,379.3385
2025-10-13 07:00:00+00:00,146.20499999999998,356.90250000000003
2025-10-13 08:00:00+00:00,121.4275,321.57650000000007
2025-10-13 09:00:00+00:00,106.425,305.19025
2025-10-13 10:00:00+00:00,92.525,301.63849999999996
2025-10-13 11:00:00+00:00,85.3675,292.93025
2025-10-13 12:00:00+00:00,84.9875,286.41275
2025-10-13 13:00:00+00:00,92.4425,289.16825
2025-10-13 14:00:00+00:00,106.2175,297.3305
2025-10-13 15:00:00+00:00,165.805,331.71275
2025-10-13 16:00:00+00:00,275.4125,378.457
2025-10-13 17:00:00+00:00,279.555,393.407
2025-10-13 18:00:00+00:00,174.425,392.317
2025-10-13 19:00:00+00:00,130.46,394.01575
2025-10-13 20:00:00+00:00,117.0,397.46325
2025-10-13 21:00:00+00:00,106.4325,404.24774999999994
2025-10-13 22:00:00+00:00,107.15,395.88800000000003
2025-10-13 23:00:00+00:00,100.4675,395.62050000000005
2025-10-14 00:00:00+00:00,96.56,396.736
2025-10-14 01:00:00+00:00,94.45,395.32375
2025-10-14 02:00:00+00:00,94.625,392.463
2025-10-14 03:00:00+00:00,96.19749999999999,379.69050000000004
2025-10-14 04:00:00+00:00,114.1725,367.42575
2025-10-14 05:00:00+00:00,153.33,363.60024999999996
2025-10-14 06:00:00+00:00,183.495,358.13849999999996
2025-10-14 07:00:00+00:00,149.8,327.00575
2025-10-14 08:00:00+00:00,130.1075,287.6535
2025-10-14 09:00:00+00:00,114.63,264.40125
2025-10-14 10:00:00+00:00,102.6675,244.43325
2025-10-14 11:00:00+00:00,97.1825,238.72925000000004
2025-10-14 12:00:00+00:00,98.10249999999999,231.08225
2025-10-14 13:00:00+00:00,112.4225,249.85324999999997
2025-10-14 14:00:00+00:00,131.51,267.70950000000005
2025-10-14 15:00:00+00:00,186.6325,310.774
2025-10-14 16:00:00+00:00,329.02250000000004,355.92400000000004
2025-10-14 17:00:00+00:00,371.7275,368.80225
2025-10-14 18:00:00+00:00,209.745,374.77075
2025-10-14 19:00:00+00:00,154.26500000000001,377.89075
2025-10-14 20:00:00+00:00,128.13,384.26099999999997
2025-10-14 21:00:00+00:00,113.4875,387.7565
2025-10-14 22:00:00+00:00,110.0,379.60325000000006
2025-10-14 23:00:00+00:00,104.8925,384.78325
2025-10-15 00:00:00+00:00,101.0375,387.1805
2025-10-15 01:00:00+00:00,96.425,380.49175
2025-10-15 02:00:00+00:00,97.715,382.77225
2025-10-15 03:00:00+00:00,104.9,383.308
2025-10-15 04:00:00+00:00,116.41,380.439
2025-10-15 05:00:00+00:00,160.255,381.349
2025-10-15 06:00:00+00:00,243.2375,376.37375000000003
2025-10-15 07:00:00+00:00,172.1475,358.47249999999997
2025-10-15 08:00:00+00:00,137.9725,335.87325
2025-10-15 09:00:00+00:00,119.145,315.51450000000006
2025-10-15 10:00:00+00:00,111.6625,304.54449999999997
2025-10-15 11:00:00+00:00,104.4525,294.8825
2025-10-15 12:00:00+00:00,103.0625,297.2815
2025-10-15 13:00:00+00:00,111.345,313.48575
2025-10-15 14:00:00+00:00,124.83500000000001,320.50775
2025-10-15 15:00:00+00:00,159.0025,332.45375
2025-10-15 16:00:00+00:00,207.79500000000002,351.2535
2025-10-15 17:00:00+00:00,210.8325,363.81299999999993
2025-10-15 18:00:00+00:00,148.5175,369.0365
2025-10-15 19:00:00+00:00,119.9,376.73400000000004
2025-10-15 20:00:00+00:00,97.10249999999999,383.88750000000005
2025-10-15 21:00:00+00:00,87.64,384.07949999999994
2025-10-15 22:00:00+00:00,86.08,380.86800000000005
2025-10-15 23:00:00+00:00,82.6225,382.30475
2025-10-16 00:00:00+00:00,84.52,378.62475
2025-10-16 01:00:00+00:00,80.2325,370.18125000000003
2025-10-16 02:00:00+00:00,78.89750000000001,368.64624999999995
2025-10-16 03:00:00+00:00,79.6725,372.2625
2025-10-16 04:00:00+00:00,87.0775,359.78875000000005
2025-10-16 05:00:00+00:00,102.6925,360.48325
2025-10-16 06:00:00+00:00,129.535,367.7635
2025-10-16 07:00:00+00:00,117.95,347.105
2025-10-16 08:00:00+00:00,91.2,304.371
2025-10-16 09:00:00+00:00,85.92,238.68425000000002
2025-10-16 10:00:00+00:00,78.7825,204.20624999999998
2025-10-16 11:00:00+00:00,78.805,214.75225
2025-10-16 12:00:00+00:00,80.34,217.4195
2025-10-16 13:00:00+00:00,79.235,232.735
2025-10-16 14:00:00+00:00,86.5675,268.78950000000003
2025-10-16 15:00:00+00:00,115.3675,315.818
2025-10-16 16:00:00+00:00,128.4325,351.49325000000005
2025-10-16 17:00:00+00:00,141.07999999999998,355.805
2025-10-16 18:00:00+00:00,124.655,359.336
2025-10-16 19:00:00+00:00,100.91,362.44000000000005
2025-10-16 20:00:00+00:00,97.0125,368.651
2025-10-16 21:00:00+00:00,92.6725,367.17475
2025-10-16 22:00:00+00:00,87.8775,366.42199999999997
2025-10-16 23:00:00+00:00,85.8775,362.73425
2025-10-17 00:00:00+00:00,87.34,367.703
2025-10-17 01:00:00+00:00,87.1375,375.2347500000001
2025-10-17 02:00:00+00:00,87.9325,380.2455
2025-10-17 03:00:00+00:00,92.16,372.63725000000005
2025-10-17 04:00:00+00:00,100.4525,368.60224999999997
2025-10-17 05:00:00+00:00,127.86500000000001,368.90225
2025-10-17 06:00:00+00:00,144.205,369.1017499999999
2025-10-17 07:00:00+00:00,129.02,352.144
2025-10-17 08:00:00+00:00,114.07,329.84425
2025-10-17 09:00:00+00:00,96.4025,300.1515
2025-10-17 10:00:00+00:00,84.9975,278.24925
2025-10-17 11:00:00+00:00,79.7175,262.953
2025-10-17 12:00:00+00:00,78.895,274.61025
2025-10-17 13:00:00+00:00,80.3175,286.086
2025-10-17 14:00:00+00:00,89.7625,308.303
2025-10-17 15:00:00+00:00,115.56,337.8775
2025-10-17 16:00:00+00:00,128.8,369.9935
2025-10-17 17:00:00+00:00,131.805,382.4285
2025-10-17 18:00:00+00:00,117.3475,383.71574999999996
2025-10-17 19:00:00+00:00,104.125,388.21775
2025-10-17 20:00:00+00:00,102.3275,397.937
2025-10-17 21:00:00+00:00,92.4975,397.41400000000004
2025-10-17 22:00:00+00:00,94.59,399.42125
2025-10-17 23:00:00+00:00,90.2625,403.25325
2025-10-18 00:00:00+00:00,89.9725,405.82425
2025-10-18 01:00:00+00:00,87.3075,408.10200000000003
2025-10-18 02:00:00+00:00,85.795,405.75975000000005
2025-10-18 03:00:00+00:00,86.615,401.90675000000005
2025-10-18 04:00:00+00:00,89.96000000000001,399.849
2025-10-18 05:00:00+00:00,107.7225,393.6215
2025-10-18 06:00:00+00:00,114.41,381.5355
2025-10-18 07:00:00+00:00,101.8475,332.92524999999995
2025-10-18 08:00:00+00:00,88.7125,237.47700000000003
2025-10-18 09:00:00+00:00,73.4975,138.811
2025-10-18 10:00:00+00:00,67.7725,93.33749999999999
2025-10-18 11:00:00+00:00,60.0025,89.303775
2025-10-18 12:00:00+00:00,63.239999999999995,96.32065
2025-10-18 13:00:00+00:00,72.325,133.15349999999998
2025-10-18 14:00:00+00:00,84.0275,218.66525000000001
2025-10-18 15:00:00+00:00,111.31,308.56875
2025-10-18 16:00:00+00:00,127.1925,350.48
2025-10-18 17:00:00+00:00,123.8125,349.51
2025-10-18 18:00:00+00:00,111.3975,333.50174999999996
2025-10-18 19:00:00+00:00,92.5975,318.96625
2025-10-18 20:00:00+00:00,95.445,298.73875000000004
2025-10-18 21:00:00+00:00,94.325,287.58099999999996
2025-10-18 22:00:00+00:00,90.9625,269.81624999999997
2025-10-18 23:00:00+00:00,84.7675,262.11049999999994
2025-10-19 00:00:00+00:00,77.6275,240.02249999999998
2025-10-19 01:00:00+00:00,73.765,214.18075
2025-10-19 02:00:00+00:00,73.67,199.19025000000002
2025-10-19 03:00:00+00:00,72.3725,173.178
2025-10-19 04:00:00+00:00,75.1425,177.51524999999998
2025-10-19 05:00:00+00:00,74.9825,196.25725
2025-10-19 06:00:00+00:00,76.9575,203.71
2025-10-19 07:00:00+00:00,69.7975,165.477
2025-10-19 08:00:00+00:00,60.845,116.65425
2025-10-19 09:00:00+00:00,53.04,98.46735000000001
2025-10-19 10:00:00+00:00,33.192499999999995,74.30945
2025-10-19 11:00:00+00:00,18.8125,59.8915
2025-10-19 12:00:00+00:00,32.3275,52.611149999999995
2025-10-19 13:00:00+00:00,64.935,61.563925000000005
2025-10-19 14:00:00+00:00,76.675,99.704075
2025-10-19 15:00:00+00:00,106.235,146.25674999999998
2025-10-19 16:00:00+00:00,97.0,180.52374999999998
2025-10-19 17:00:00+00:00,91.9975,177.28875
2025-10-19 18:00:00+00:00,76.27,151.23999999999998
2025-10-19 19:00:00+00:00,69.8875,138.5145
2025-10-19 20:00:00+00:00,69.46000000000001,126.62225
2025-10-19 21:00:00+00:00,55.5625,108.38874999999999
2025-10-19 22:00:00+00:00,61.7525,96.160175
2025-10-19 23:00:00+00:00,54.4075,89.71675
2025-10-20 00:00:00+00:00,53.375,89.792025
2025-10-20 01:00:00+00:00,52.0775,93.290075
2025-10-20 02:00:00+00:00,52.2,103.592125
2025-10-20 03:00:00+00:00,63.9825,132.14025
2025-10-20 04:00:00+00:00,73.88,170.55550000000002
2025-10-20 05:00:00+00:00,88.515,201.04175
2025-10-20 06:00:00+00:00,118.985,222.249
2025-10-20 07:00:00+00:00,119.0375,229.721
2025-10-20 08:00:00+00:00,98.0,197.50875000000002
2025-10-20 09:00:00+00:00,68.905,174.544
2025-10-20 10:00:00+00:00,57.745000000000005,151.23075
2025-10-20 11:00:00+00:00,60.2775,132.55225
2025-10-20 12:00:00+00:00,65.5525,126.30724999999998
2025-10-20 13:00:00+00:00,83.755,150.072
2025-10-20 14:00:00+00:00,101.335,167.64025
2025-10-20 15:00:00+00:00,110.5025,188.9785
2025-10-20 16:00:00+00:00,116.5575,216.9585
2025-10-20 17:00:00+00:00,101.855,206.93325
2025-10-20 18:00:00+00:00,80.215,173.706
2025-10-20 19:00:00+00:00,75.5325,148.06924999999998
2025-10-20 20:00:00+00:00,63.3725,122.47575
2025-10-20 21:00:00+00:00,51.0,101.763725
2025-10-20 22:00:00+00:00,51.339999999999996,100.92562500000001
2025-10-20 23:00:00+00:00,37.8425,106.44699999999999
2025-10-21 00:00:00+00:00,26.855,103.92499999999998
2025-10-21 01:00:00+00:00,17.0,96.256975
2025-10-21 02:00:00+00:00,20.6325,96.9897
2025-10-21 03:00:00+00:00,38.785,98.492525
2025-10-21 04:00:00+00:00,67.6525,110.28399999999999
2025-10-21 05:00:00+00:00,80.42750000000001,133.00525
2025-10-21 06:00:00+00:00,93.1,140.34474999999998
2025-10-21 07:00:00+00:00,87.0,142.96675
2025-10-21 08:00:00+00:00,74.27,128.42299999999997
2025-10-21 09:00:00+00:00,65.1125,116.33475
2025-10-21 10:00:00+00:00,47.455,107.9745
2025-10-21 11:00:00+00:00,30.4225,98.5133
2025-10-21 12:00:00+00:00,31.8475,100.607975
2025-10-21 13:00:00+00:00,55.64,100.79549999999999
2025-10-21 14:00:00+00:00,67.7775,117.61075
2025-10-21 15:00:00+00:00,96.85000000000001,165.03175000000002
2025-10-21 16:00:00+00:00,119.405,193.22875
2025-10-21 17:00:00+00:00,116.66,207.6515
2025-10-21 18:00:00+00:00,100.0025,193.001
2025-10-21 19:00:00+00:00,80.345,166.93175
2025-10-21 20:00:00+00:00,80.2625,153.372
2025-10-21 21:00:00+00:00,73.2025,152.57000000000002
2025-10-21 22:00:00+00:00,78.425,139.55599999999998
2025-10-21 23:00:00+00:00,76.61749999999999,128.68425
2025-10-22 00:00:00+00:00,74.63,141.11075
2025-10-22 01:00:00+00:00,77.9675,150.10800000000003
2025-10-22 02:00:00+00:00,79.8225,155.91325
2025-10-22 03:00:00+00:00,81.53999999999999,188.8905
2025-10-22 04:00:00+00:00,88.295,250.84025
2025-10-22 05:00:00+00:00,93.535,290.06175
2025-10-22 06:00:00+00:00,111.1425,313.185
2025-10-22 07:00:00+00:00,124.545,301.31975
2025-10-22 08:00:00+00:00,100.1075,271.81425
2025-10-22 09:00:00+00:00,82.0475,237.07475
2025-10-22 10:00:00+00:00,78.6075,217.30575
2025-10-22 11:00:00+00:00,78.5625,203.10175
2025-10-22 12:00:00+00:00,84.0975,224.09675000000001
2025-10-22 13:00:00+00:00,104.55,264.78925
2025-10-22 14:00:00+00:00,123.685,297.4615
2025-10-22 15:00:00+00:00,182.4025,339.69275000000005
2025-10-22 16:00:00+00:00,288.09749999999997,392.80674999999997
2025-10-22 17:00:00+00:00,278.055,399.0447500000001
2025-10-22 18:00:00+00:00,170.5675,396.99625000000003
2025-10-22 19:00:00+00:00,120.245,389.124
2025-10-22 20:00:00+00:00,107.7,373.96125
2025-10-22 21:00:00+00:00,94.2925,340.53975
2025-10-22 22:00:00+00:00,89.2725,276.37375
2025-10-22 23:00:00+00:00,81.8825,167.9455
2025-10-23 00:00:00+00:00,79.265,115.179
2025-10-23 01:00:00+00:00,66.215,97.59017499999999
2025-10-23 02:00:00+00:00,65.41749999999999,87.924
2025-10-23 03:00:00+00:00,60.292500000000004,83.7257
2025-10-23 04:00:00+00:00,72.25,84.63115
2025-10-23 05:00:00+00:00,85.0,98.47342499999999
2025-10-23 06:00:00+00:00,107.28999999999999,106.92599999999999
2025-10-23 07:00:00+00:00,96.7325,98.5776
2025-10-23 08:00:00+00:00,79.9825,71.219375
2025-10-23 09:00:00+00:00,67.0975,62.71925
2025-10-23 10:00:00+00:00,61.2625,66.13959999999999
2025-10-23 11:00:00+00:00,64.105,81.36452499999999
2025-10-23 12:00:00+00:00,63.945,114.63922500000001
2025-10-23 13:00:00+00:00,84.25,135.77450000000002
2025-10-23 14:00:00+00:00,89.44,153.97250000000003
2025-10-23 15:00:00+00:00,110.82,176.14049999999997
2025-10-23 16:00:00+00:00,117.465,169.49925
2025-10-23 17:00:00+00:00,121.6225,149.8325
2025-10-23 18:00:00+00:00,102.0,122.59625
2025-10-23 19:00:00+00:00,88.6925,102.380775
2025-10-23 20:00:00+00:00,86.91,85.446925
2025-10-23 21:00:00+00:00,60.0775,55.73855
2025-10-23 22:00:00+00:00,14.145,50.71005000000001
2025-10-23 23:00:00+00:00,6.9025,49.18322500000001
2025-10-24 00:00:00+00:00,4.135,49.116225
2025-10-24 01:00:00+00:00,1.025,49.514
2025-10-24 02:00:00+00:00,2.1575,49.22125
2025-10-24 03:00:00+00:00,6.7925,51.728049999999996
2025-10-24 04:00:00+00:00,23.2775,58.16275
2025-10-24 05:00:00+00:00,65.42,64.99275
2025-10-24 06:00:00+00:00,88.845,70.28225
2025-10-24 07:00:00+00:00,79.9,65.59717500000001
2025-10-24 08:00:00+00:00,60.2325,50.64095
2025-10-24 09:00:00+00:00,38.54,43.011849999999995
2025-10-24 10:00:00+00:00,17.125,38.127075000000005
2025-10-24 11:00:00+00:00,1.1075,36.8281
2025-10-24 12:00:00+00:00,1.3675000000000002,35.4144
2025-10-24 13:00:00+00:00,17.9425,39.89465
2025-10-24 14:00:00+00:00,39.9525,42.9538
2025-10-24 15:00:00+00:00,70.85249999999999,53.200025
2025-10-24 16:00:00+00:00,89.9975,66.02329999999999
2025-10-24 17:00:00+00:00,84.9,66.0742
2025-10-24 18:00:00+00:00,62.0,61.584250000000004
2025-10-24 19:00:00+00:00,45.0,54.99515
2025-10-24 20:00:00+00:00,28.919999999999998,50.709450000000004
2025-10-24 21:00:00+00:00,10.0,50.3411
2025-10-24 22:00:00+00:00,3.0075,50.40755
2025-10-24 23:00:00+00:00,-0.010000000000000009,49.3523
2025-10-25 00:00:00+00:00,-0.012500000000000011,50.57014999999999
2025-10-25 01:00:00+00:00,-0.2025,51.092075
2025-10-25 02:00:00+00:00,-0.51,51.622175000000006
2025-10-25 03:00:00+00:00,-0.5,52.77292500000001
2025-10-25 04:00:00+00:00,-0.010000000000000009,54.59759999999999
2025-10-25 05:00:00+00:00,1.4500000000000002,58.596450000000004
2025-10-25 06:00:00+00:00,4.6125,64.403375
2025-10-25 07:00:00+00:00,8.89,65.232975
2025-10-25 08:00:00+00:00,8.0475,60.93385
2025-10-25 09:00:00+00:00,6.215,59.1531
2025-10-25 10:00:00+00:00,6.2625,61.01987499999999
2025-10-25 11:00:00+00:00,4.8925,55.9155
2025-10-25 12:00:00+00:00,4.21,49.967475
2025-10-25 13:00:00+00:00,4.26,46.973425
2025-10-25 14:00:00+00:00,6.095,51.30435
2025-10-25 15:00:00+00:00,37.4825,59.518
2025-10-25 16:00:00+00:00,63.0,75.35587499999998
2025-10-25 17:00:00+00:00,71.9,79.11545000000001
2025-10-25 18:00:00+00:00,54.7,79.29404999999998
2025-10-25 19:00:00+00:00,43.1,77.69062499999998
2025-10-25 20:00:00+00:00,30.8675,73.741275
2025-10-25 21:00:00+00:00,10.19,72.75824999999999
2025-10-25 22:00:00+00:00,14.997499999999999,67.56139999999999
2025-10-25 23:00:00+00:00,3.81,62.296575
2025-10-26 00:00:00+00:00,3.19,100.279525
2025-10-26 01:00:00+00:00,2.0425,60.871
2025-10-26 02:00:00+00:00,0.4175,60.932050000000004
2025-10-26 03:00:00+00:00,0.11750000000000001,59.3271
2025-10-26 04:00:00+00:00,0.10500000000000001,59.818175
2025-10-26 05:00:00+00:00,0.15,63.67625
2025-10-26 06:00:00+00:00,2.3925,68.192225
2025-10-26 07:00:00+00:00,4.3325,66.804375
2025-10-26 08:00:00+00:00,3.9025,59.604625
2025-10-26 09:00:00+00:00,1.6800000000000002,50.6432
2025-10-26 10:00:00+00:00,0.33,43.454375000000006
2025-10-26 11:00:00+00:00,0.3425,40.28145000000001
2025-10-26 12:00:00+00:00,0.06999999999999999,37.466575
2025-10-26 13:00:00+00:00,-0.010000000000000009,42.437875
2025-10-26 14:00:00+00:00,3.25,45.661325000000005
2025-10-26 15:00:00+00:00,27.9675,55.61215
2025-10-26 16:00:00+00:00,54.81,69.72
2025-10-26 17:00:00+00:00,89.595,74.536125
2025-10-26 18:00:00+00:00,75.0325,74.2897
2025-10-26 19:00:00+00:00,47.2125,68.97255
2025-10-26 20:00:00+00:00,39.9,63.9393
2025-10-26 21:00:00+00:00,19.9,57.437000000000005
2025-10-26 22:00:00+00:00,6.4350000000000005,54.113125
2025-10-26 23:00:00+00:00,0.9675,54.197649999999996
2025-10-27 00:00:00+00:00,0.91,53.9764
2025-10-27 01:00:00+00:00,-0.010000000000000009,59.923825
2025-10-27 02:00:00+00:00,-0.425,61.630575
2025-10-27 03:00:00+00:00,-0.8175,61.626075
2025-10-27 04:00:00+00:00,6.81,60.9238
2025-10-27 05:00:00+00:00,48.84,65.90155
2025-10-27 06:00:00+00:00,80.96,74.79225000000001
2025-10-27 07:00:00+00:00,94.125,78.85829999999999
2025-10-27 08:00:00+00:00,94.88,83.92302500000001
2025-10-27 09:00:00+00:00,88.60499999999999,78.12422500000001
2025-10-27 10:00:00+00:00,83.85,75.6796
2025-10-27 11:00:00+00:00,73.295,75.1134
2025-10-27 12:00:00+00:00,70.0,67.57145
2025-10-27 13:00:00+00:00,71.5,69.30754999999999
2025-10-27 14:00:00+00:00,77.475,87.876525
2025-10-27 15:00:00+00:00,100.1825,117.84275
2025-10-27 16:00:00+00:00,109.82,159.45700000000002
2025-10-27 17:00:00+00:00,127.245,171.35675
2025-10-27 18:00:00+00:00,119.69,168.59199999999998
2025-10-27 19:00:00+00:00,96.0825,158.67075
2025-10-27 20:00:00+00:00,90.0025,140.16075
2025-10-27 21:00:00+00:00,89.4125,120.90724999999999
2025-10-27 22:00:00+00:00,79.0325,130.95725
2025-10-27 23:00:00+00:00,56.63,119.91149999999999
2025-10-28 00:00:00+00:00,29.380000000000003,104.1165
2025-10-28 01:00:00+00:00,19.305,97.53862500000001
2025-10-28 02:00:00+00:00,9.8875,90.37365
2025-10-28 03:00:00+00:00,10.155,85.45454999999998
2025-10-28 04:00:00+00:00,28.872500000000002,82.52745
2025-10-28 05:00:00+00:00,57.1725,86.39187499999998
2025-10-28 06:00:00+00:00,75.425,87.8035
2025-10-28 07:00:00+00:00,86.5075,87.58965
2025-10-28 08:00:00+00:00,85.2125,79.70970000000001
2025-10-28 09:00:00+00:00,76.1825,70.310875
2025-10-28 10:00:00+00:00,69.3825,69.02272500000001
2025-10-28 11:00:00+00:00,61.67,63.184050000000006
2025-10-28 12:00:00+00:00,55.1775,58.879124999999995
2025-10-28 13:00:00+00:00,58.2725,61.931599999999996
2025-10-28 14:00:00+00:00,69.8775,76.82847500000001
2025-10-28 15:00:00+00:00,86.14,112.43927500000001
2025-10-28 16:00:00+00:00,102.94,162.10575000000003
2025-10-28 17:00:00+00:00,121.67999999999999,185.866
2025-10-28 18:00:00+00:00,114.9,194.08249999999998
2025-10-28 19:00:00+00:00,91.8825,179.0715
2025-10-28 20:00:00+00:00,82.95,146.48175
2025-10-28 21:00:00+00:00,84.025,126.51849999999997
2025-10-28 22:00:00+00:00,73.3825,125.5085
2025-10-28 23:00:00+00:00,61.15,120.25549999999998
2025-10-29 00:00:00+00:00,56.7,118.94000000000001
2025-10-29 01:00:00+00:00,56.192499999999995,124.17925
2025-10-29 02:00:00+00:00,55.807500000000005,121.81875
2025-10-29 03:00:00+00:00,52.595,118.77075
2025-10-29 04:00:00+00:00,63.4075,114.4975
2025-10-29 05:00:00+00:00,93.1925,146.07225
2025-10-29 06:00:00+00:00,106.995,176.75375
2025-10-29 07:00:00+00:00,100.1325,176.68725
2025-10-29 08:00:00+00:00,90.69,153.91025
2025-10-29 09:00:00+00:00,84.86,139.945
2025-10-29 10:00:00+00:00,84.01,118.67125
2025-10-29 11:00:00+00:00,89.85249999999999,125.97249999999998
2025-10-29 12:00:00+00:00,80.0025,157.00300000000001
2025-10-29 13:00:00+00:00,88.5,197.966
2025-10-29 14:00:00+00:00,114.35249999999999,231.10924999999997
2025-10-29 15:00:00+00:00,121.6,263.73775
2025-10-29 16:00:00+00:00,126.23750000000001,282.3865
2025-10-29 17:00:00+00:00,129.2275,299.03625
2025-10-29 18:00:00+00:00,114.5275,315.02825
2025-10-29 19:00:00+00:00,102.72500000000001,319.1885
2025-10-29 20:00:00+00:00,95.155,308.1775
2025-10-29 21:00:00+00:00,92.675,284.36575000000005
2025-10-29 22:00:00+00:00,85.565,237.63500000000002
2025-10-29 23:00:00+00:00,69.1775,159.00575
2025-10-30 00:00:00+00:00,64.6725,128.51975
2025-10-30 01:00:00+00:00,60.3875,98.75344999999999
2025-10-30 02:00:00+00:00,55.4125,97.42349999999999
2025-10-30 03:00:00+00:00,53.485,97.7309
2025-10-30 04:00:00+00:00,58.9775,105.39975
2025-10-30 05:00:00+00:00,68.3725,134.62925
2025-10-30 06:00:00+00:00,82.8475,176.00850000000003
2025-10-30 07:00:00+00:00,95.68,177.3845
2025-10-30 08:00:00+00:00,72.7,138.02
2025-10-30 09:00:00+00:00,59.2225,101.43130000000001
2025-10-30 10:00:00+00:00,51.2975,87.14425
2025-10-30 11:00:00+00:00,44.3925,78.75525
2025-10-30 12:00:00+00:00,51.5775,85.2059
2025-10-30 13:00:00+00:00,80.0,110.815675
2025-10-30 14:00:00+00:00,97.7025,186.004
2025-10-30 15:00:00+00:00,112.91499999999999,283.05150000000003
2025-10-30 16:00:00+00:00,116.6475,335.78624999999994
2025-10-30 17:00:00+00:00,117.8875,336.19675000000007
2025-10-30 18:00:00+00:00,113.99,327.16299999999995
2025-10-30 19:00:00+00:00,101.495,308.31
2025-10-30 20:00:00+00:00,90.545,302.291
2025-10-30 21:00:00+00:00,90.39,282.64500000000004
2025-10-30 22:00:00+00:00,76.0025,237.16325
2025-10-30 23:00:00+00:00,77.1025,170.875
2025-10-31 00:00:00+00:00,68.74,142.06475
2025-10-31 01:00:00+00:00,66.22749999999999,137.65125
2025-10-31 02:00:00+00:00,66.35,136.80475
2025-10-31 03:00:00+00:00,69.60249999999999,131.09300000000002
2025-10-31 04:00:00+00:00,79.9975,152.00525000000002
2025-10-31 05:00:00+00:00,106.5425,179.55725
2025-10-31 06:00:00+00:00,106.7975,192.614
2025-10-31 07:00:00+00:00,97.645,195.77349999999998
2025-10-31 08:00:00+00:00,81.22749999999999,163.844
2025-10-31 09:00:00+00:00,76.8675,125.83425000000001
2025-10-31 10:00:00+00:00,71.1525,114.44675
2025-10-31 11:00:00+00:00,72.5725,116.34074999999999
2025-10-31 12:00:00+00:00,74.51,128.66025
2025-10-31 13:00:00+00:00,92.4625,154.00625000000002
2025-10-31 14:00:00+00:00,112.7425,188.86575
2025-10-31 15:00:00+00:00,116.295,212.02925
2025-10-31 16:00:00+00:00,110.35,217.8255
2025-10-31 17:00:00+00:00,98.8125,209.24625000000003
2025-10-31 18:00:00+00:00,83.0175,195.12075
2025-10-31 19:00:00+00:00,76.71000000000001,162.95925
2025-10-31 20:00:00+00:00,76.61500000000001,130.4825
2025-10-31 21:00:00+00:00,73.0275,121.13225000000001
2025-10-31 22:00:00+00:00,58.5025,122.86375
2025-10-31 23:00:00+00:00,50.2925,115.33299999999998
2025-11-01 00:00:00+00:00,32.585,97.733425
2025-11-01 01:00:00+00:00,21.9525,93.644375
2025-11-01 02:00:00+00:00,18.287499999999998,86.595725
2025-11-01 03:00:00+00:00,14.78,82.36135
2025-11-01 04:00:00+00:00,7.2675,82.97540000000001
2025-11-01 05:00:00+00:00,8.01,89.522975
2025-11-01 06:00:00+00:00,14.149999999999999,89.77502500000001
2025-11-01 07:00:00+00:00,27.5175,89.428175
2025-11-01 08:00:00+00:00,26.2,90.302775
2025-11-01 09:00:00+00:00,18.299999999999997,85.935325
2025-11-01 10:00:00+00:00,15.7575,83.784925
2025-11-01 11:00:00+00:00,21.015,81.912925
2025-11-01 12:00:00+00:00,31.1325,84.43792499999999
2025-11-01 13:00:00+00:00,48.4075,93.085525
2025-11-01 14:00:00+00:00,55.185,90.45865
2025-11-01 15:00:00+00:00,71.47749999999999,98.199125
2025-11-01 16:00:00+00:00,83.8675,139.39675000000003
2025-11-01 17:00:00+00:00,88.135,146.36124999999998
2025-11-01 18:00:00+00:00,84.66,144.62125
2025-11-01 19:00:00+00:00,79.22,134.67024999999998
2025-11-01 20:00:00+00:00,75.0825,125.76300000000002
2025-11-01 21:00:00+00:00,77.3,111.263
2025-11-01 22:00:00+00:00,72.8225,97.731925
2025-11-01 23:00:00+00:00,56.442499999999995,95.73972499999999
2025-11-02 00:00:00+00:00,53.8225,96.858775
2025-11-02 01:00:00+00:00,53.5625,108.13924999999999
2025-11-02 02:00:00+00:00,54.8025,109.57375
2025-11-02 03:00:00+00:00,57.9425,122.18025000000002
2025-11-02 04:00:00+00:00,59.8475,136.53074999999998
2025-11-02 05:00:00+00:00,62.0025,142.54625
2025-11-02 06:00:00+00:00,65.375,153.01375000000002
2025-11-02 07:00:00+00:00,67.92,143.53449999999998
2025-11-02 08:00:00+00:00,67.39750000000001,123.27075
2025-11-02 09:00:00+00:00,65.5975,102.338225
2025-11-02 10:00:00+00:00,64.5825,78.8404
2025-11-02 11:00:00+00:00,65.6725,67.645725
2025-11-02 12:00:00+00:00,68.8975,84.92434999999999
2025-11-02 13:00:00+00:00,75.85249999999999,117.590125
2025-11-02 14:00:00+00:00,91.3025,188.75325
2025-11-02 15:00:00+00:00,98.475,248.21425000000002
2025-11-02 16:00:00+00:00,117.5275,261.34475000000003
2025-11-02 17:00:00+00:00,122.245,273.7385
2025-11-02 18:00:00+00:00,105.605,278.39899999999994
2025-11-02 19:00:00+00:00,90.25999999999999,278.48675000000003
2025-11-02 20:00:00+00:00,85.0,275.56825
2025-11-02 21:00:00+00:00,84.535,269.54025
2025-11-02 22:00:00+00:00,78.215,221.4005
2025-11-02 23:00:00+00:00,78.1325,191.81324999999998
2025-11-03 00:00:00+00:00,73.72,197.27775
2025-11-03 01:00:00+00:00,69.8175,183.215
2025-11-03 02:00:00+00:00,66.3925,158.68900000000002
2025-11-03 03:00:00+00:00,67.5825,147.8355
2025-11-03 04:00:00+00:00,69.11,154.74475
2025-11-03 05:00:00+00:00,88.28750000000001,186.10575
2025-11-03 06:00:00+00:00,110.7175,198.84799999999998
2025-11-03 07:00:00+00:00,104.7675,173.41975000000002
2025-11-03 08:00:00+00:00,84.3675,128.667
2025-11-03 09:00:00+00:00,73.77250000000001,104.72735
2025-11-03 10:00:00+00:00,67.8925,89.85877500000001
2025-11-03 11:00:00+00:00,62.6675,88.82735
2025-11-03 12:00:00+00:00,66.4075,87.880875
2025-11-03 13:00:00+00:00,69.4425,86.88947499999999
2025-11-03 14:00:00+00:00,77.3125,103.511025
2025-11-03 15:00:00+00:00,90.0,132.049
2025-11-03 16:00:00+00:00,93.0025,151.72075
2025-11-03 17:00:00+00:00,92.1625,149.38075
2025-11-03 18:00:00+00:00,83.5325,135.019
2025-11-03 19:00:00+00:00,73.4875,113.07575
2025-11-03 20:00:00+00:00,60.7375,98.77705
2025-11-03 21:00:00+00:00,52.817499999999995,94.321825
2025-11-03 22:00:00+00:00,29.817500000000003,92.703975
2025-11-03 23:00:00+00:00,15.4875,84.83112500000001
2025-11-04 00:00:00+00:00,8.2175,83.93305000000001
2025-11-04 01:00:00+00:00,6.385,85.47250000000001
2025-11-04 02:00:00+00:00,5.85,89.99442499999999
2025-11-04 03:00:00+00:00,13.815000000000001,99.03155000000001
2025-11-04 04:00:00+00:00,42.435,106.05475
2025-11-04 05:00:00+00:00,71.13749999999999,125.99100000000001
2025-11-04 06:00:00+00:00,106.6575,149.10625
2025-11-04 07:00:00+00:00,104.5875,156.16125
2025-11-04 08:00:00+00:00,84.005,143.69700000000003
2025-11-04 09:00:00+00:00,94.15,111.06160000000001
2025-11-04 10:00:00+00:00,77.92,74.67302500000001
2025-11-04 11:00:00+00:00,70.155,60.277975000000005
2025-11-04 12:00:00+00:00,74.67,60.45352499999999
2025-11-04 13:00:00+00:00,76.71000000000001,86.9755
2025-11-04 14:00:00+00:00,95.69,153.24425
2025-11-04 15:00:00+00:00,109.1275,201.11874999999998
2025-11-04 16:00:00+00:00,108.4325,205.52149999999997
2025-11-04 17:00:00+00:00,108.07,210.48699999999997
2025-11-04 18:00:00+00:00,95.62,202.2575
2025-11-04 19:00:00+00:00,86.6,166.61225
2025-11-04 20:00:00+00:00,79.8,136.5085
2025-11-04 21:00:00+00:00,77.875,120.54200000000002
2025-11-04 22:00:00+00:00,68.9225,114.72525
2025-11-04 23:00:00+00:00,68.8425,110.04650000000001
2025-11-05 00:00:00+00:00,66.9325,108.89574999999999
2025-11-05 01:00:00+00:00,65.99,108.10825
2025-11-05 02:00:00+00:00,66.0575,114.7105
2025-11-05 03:00:00+00:00,65.10249999999999,128.729
2025-11-05 04:00:00+00:00,73.315,141.155
2025-11-05 05:00:00+00:00,77.6825,177.16075000000004
2025-11-05 06:00:00+00:00,102.26249999999999,211.934
2025-11-05 07:00:00+00:00,99.9175,216.20075
2025-11-05 08:00:00+00:00,100.69999999999999,184.62475
2025-11-05 09:00:00+00:00,74.9,135.1485
2025-11-05 10:00:00+00:00,63.7675,91.56229999999998
2025-11-05 11:00:00+00:00,60.51,80.65849999999999
2025-11-05 12:00:00+00:00,68.5125,96.66325
2025-11-05 13:00:00+00:00,84.21,130.138
2025-11-05 14:00:00+00:00,100.4675,180.18925
2025-11-05 15:00:00+00:00,118.785,227.19225
2025-11-05 16:00:00+00:00,125.925,243.04149999999998
2025-11-05 17:00:00+00:00,111.03999999999999,242.5805
2025-11-05 18:00:00+00:00,101.94,234.7215
2025-11-05 19:00:00+00:00,92.29,230.5275
2025-11-05 20:00:00+00:00,84.47749999999999,219.301
2025-11-05 21:00:00+00:00,78.88,214.45374999999999
2025-11-05 22:00:00+00:00,78.03999999999999,210.82125
2025-11-05 23:00:00+00:00,81.5775,216.81775
2025-11-06 00:00:00+00:00,78.5325,221.3155
2025-11-06 01:00:00+00:00,78.8425,233.0525
2025-11-06 02:00:00+00:00,76.7575,231.51074999999997
2025-11-06 03:00:00+00:00,77.565,240.74450000000002
2025-11-06 04:00:00+00:00,79.03,280.15575
2025-11-06 05:00:00+00:00,105.27,315.67775
2025-11-06 06:00:00+00:00,117.0025,332.47275
2025-11-06 07:00:00+00:00,110.77000000000001,327.38875
2025-11-06 08:00:00+00:00,93.2125,278.02624999999995
2025-11-06 09:00:00+00:00,85.1575,247.906
2025-11-06 10:00:00+00:00,83.7,223.7105
2025-11-06 11:00:00+00:00,82.985,226.67
2025-11-06 12:00:00+00:00,83.255,229.76275
2025-11-06 13:00:00+00:00,94.36,255.4445
2025-11-06 14:00:00+00:00,120.405,302.17825
2025-11-06 15:00:00+00:00,152.14749999999998,338.8155
2025-11-06 16:00:00+00:00,159.9425,364.301
2025-11-06 17:00:00+00:00,139.0675,374.2185
2025-11-06 18:00:00+00:00,126.455,374.073
2025-11-06 19:00:00+00:00,114.255,374.32275
2025-11-06 20:00:00+00:00,99.83,369.63749999999993
2025-11-06 21:00:00+00:00,96.0375,366.92525
2025-11-06 22:00:00+00:00,88.805,354.2325
2025-11-06 23:00:00+00:00,85.0325,344.39975
2025-11-07 00:00:00+00:00,82.5475,333.75374999999997
2025-11-07 01:00:00+00:00,82.845,335.25325
2025-11-07 02:00:00+00:00,80.63,340.84349999999995
2025-11-07 03:00:00+00:00,80.785,343.16225000000003
2025-11-07 04:00:00+00:00,86.0,359.862
2025-11-07 05:00:00+00:00,105.42,378.76125
2025-11-07 06:00:00+00:00,123.20500000000001,379.74075
2025-11-07 07:00:00+00:00,120.83,371.58025
2025-11-07 08:00:00+00:00,102.3025,326.13675
2025-11-07 09:00:00+00:00,87.9825,278.25325
2025-11-07 10:00:00+00:00,84.2025,244.811
2025-11-07 11:00:00+00:00,83.18,224.11275000000003
2025-11-07 12:00:00+00:00,85.025,225.91275
2025-11-07 13:00:00+00:00,94.9525,249.94975
2025-11-07 14:00:00+00:00,116.7075,281.61749999999995
2025-11-07 15:00:00+00:00,148.7225,324.54825
2025-11-07 16:00:00+00:00,165.04,353.54049999999995
2025-11-07 17:00:00+00:00,139.48,362.34749999999997
2025-11-07 18:00:00+00:00,127.8125,361.74649999999997
2025-11-07 19:00:00+00:00,114.1,371.97274999999996
2025-11-07 20:00:00+00:00,102.565,378.12924999999996
2025-11-07 21:00:00+00:00,96.22,381.63925000000006
2025-11-07 22:00:00+00:00,89.235,386.72075000000007
2025-11-07 23:00:00+00:00,91.9925,386.344
2025-11-08 00:00:00+00:00,90.395,385.76899999999995
2025-11-08 01:00:00+00:00,87.68,383.86725
2025-11-08 02:00:00+00:00,86.8075,378.48025
2025-11-08 03:00:00+00:00,86.58,375.822
2025-11-08 04:00:00+00:00,86.5075,378.63725
2025-11-08 05:00:00+00:00,89.5825,387.1885
2025-11-08 06:00:00+00:00,97.1475,392.77275000000003
2025-11-08 07:00:00+00:00,97.2125,385.19425
2025-11-08 08:00:00+00:00,96.7375,343.74775
2025-11-08 09:00:00+00:00,95.3375,297.518
2025-11-08 10:00:00+00:00,90.135,275.85475
2025-11-08 11:00:00+00:00,88.925,260.48825
2025-11-08 12:00:00+00:00,88.2975,281.68075
2025-11-08 13:00:00+00:00,92.55,299.417
2025-11-08 14:00:00+00:00,106.345,345.02225
2025-11-08 15:00:00+00:00,113.0175,384.56275
2025-11-08 16:00:00+00:00,125.3775,389.3145
2025-11-08 17:00:00+00:00,131.05,390.625
2025-11-08 18:00:00+00:00,126.7875,390.21374999999995
2025-11-08 19:00:00+00:00,117.7525,392.70624999999995
2025-11-08 20:00:00+00:00,108.0275,395.7537500000001
2025-11-08 21:00:00+00:00,101.5075,397.85775
2025-11-08 22:00:00+00:00,93.495,398.29525
2025-11-08 23:00:00+00:00,92.015,390.48275
2025-11-09 00:00:00+00:00,89.48,387.52
2025-11-09 01:00:00+00:00,87.02,377.891
2025-11-09 02:00:00+00:00,85.06,367.43575
2025-11-09 03:00:00+00:00,85.53,362.43674999999996
2025-11-09 04:00:00+00:00,86.05250000000001,364.56899999999996
2025-11-09 05:00:00+00:00,85.98750000000001,364.2115
2025-11-09 06:00:00+00:00,86.3525,373.8555
2025-11-09 07:00:00+00:00,93.2925,377.95374999999996
2025-11-09 08:00:00+00:00,91.01249999999999,351.12350000000004
2025-11-09 09:00:00+00:00,89.275,305.79499999999996
2025-11-09 10:00:00+00:00,89.275,269.1345
2025-11-09 11:00:00+00:00,90.22,250.272
2025-11-09 12:00:00+00:00,86.295,252.35225
2025-11-09 13:00:00+00:00,85.6125,257.795
2025-11-09 14:00:00+00:00,90.0275,277.7725
2025-11-09 15:00:00+00:00,102.85249999999999,338.0245
2025-11-09 16:00:00+00:00,119.7625,365.17850000000004
2025-11-09 17:00:00+00:00,122.03999999999999,366.95649999999995
2025-11-09 18:00:00+00:00,116.29,363.8385
2025-11-09 19:00:00+00:00,102.735,353.916
2025-11-09 20:00:00+00:00,90.9025,345.78825
2025-11-09 21:00:00+00:00,90.52,335.88125
2025-11-09 22:00:00+00:00,86.8775,315.24975
2025-11-09 23:00:00+00:00,81.5025,296.016
2025-11-10 00:00:00+00:00,78.50999999999999,275.96524999999997
2025-11-10 01:00:00+00:00,79.385,259.76075
2025-11-10 02:00:00+00:00,77.1425,250.09299999999996
2025-11-10 03:00:00+00:00,77.14750000000001,241.68800000000002
2025-11-10 04:00:00+00:00,82.01,256.2105
2025-11-10 05:00:00+00:00,97.155,267.72075
2025-11-10 06:00:00+00:00,120.66749999999999,269.53325
2025-11-10 07:00:00+00:00,133.70749999999998,265.64074999999997
2025-11-10 08:00:00+00:00,123.8775,251.48074999999997
2025-11-10 09:00:00+00:00,96.0025,230.70625
2025-11-10 10:00:00+00:00,89.0,197.92875
2025-11-10 11:00:00+00:00,91.1725,199.45649999999998
2025-11-10 12:00:00+00:00,91.17,174.00875
2025-11-10 13:00:00+00:00,101.35249999999999,189.82525
2025-11-10 14:00:00+00:00,116.87,226.02
2025-11-10 15:00:00+00:00,125.5625,248.66875
2025-11-10 16:00:00+00:00,129.9975,256.89775
2025-11-10 17:00:00+00:00,114.7,256.32325000000003
2025-11-10 18:00:00+00:00,100.09,245.787
2025-11-10 19:00:00+00:00,88.2025,221.16225
2025-11-10 20:00:00+00:00,85.08,194.05775
2025-11-10 21:00:00+00:00,83.455,169.8615
2025-11-10 22:00:00+00:00,77.8375,149.87449999999998
2025-11-10 23:00:00+00:00,76.535,128.87949999999998
2025-11-11 00:00:00+00:00,72.825,119.72474999999999
2025-11-11 01:00:00+00:00,69.35,116.918
2025-11-11 02:00:00+00:00,67.565,118.50325
2025-11-11 03:00:00+00:00,67.22,123.53500000000001
2025-11-11 04:00:00+00:00,68.0525,135.21075
2025-11-11 05:00:00+00:00,76.1725,168.911
2025-11-11 06:00:00+00:00,91.61,206.3095
2025-11-11 07:00:00+00:00,100.0,226.67375
2025-11-11 08:00:00+00:00,96.0,199.486
2025-11-11 09:00:00+00:00,88.0775,162.66625000000002
2025-11-11 10:00:00+00:00,82.6,142.51775
2025-11-11 11:00:00+00:00,75.6075,138.3145
2025-11-11 12:00:00+00:00,77.6375,147.034
2025-11-11 13:00:00+00:00,85.9575,162.42624999999998
2025-11-11 14:00:00+00:00,105.4975,188.45075
2025-11-11 15:00:00+00:00,124.14,211.65475
2025-11-11 16:00:00+00:00,127.77000000000001,226.95925
2025-11-11 17:00:00+00:00,104.055,229.22725
2025-11-11 18:00:00+00:00,90.97999999999999,204.97750000000002
2025-11-11 19:00:00+00:00,85.6225,177.483
2025-11-11 20:00:00+00:00,83.30499999999999,159.79775
2025-11-11 21:00:00+00:00,79.9975,133.2845
2025-11-11 22:00:00+00:00,65.6875,114.22574999999999
2025-11-11 23:00:00+00:00,67.1975,101.78699999999999
2025-11-12 00:00:00+00:00,58.49,101.756
2025-11-12 01:00:00+00:00,54.942499999999995,99.310375
2025-11-12 02:00:00+00:00,52.16,100.5355
2025-11-12 03:00:00+00:00,46.5875,101.7635
2025-11-12 04:00:00+00:00,53.01,102.38625
2025-11-12 05:00:00+00:00,59.995,114.60475000000001
2025-11-12 06:00:00+00:00,101.8325,145.79149999999998
2025-11-12 07:00:00+00:00,95.1575,149.951
2025-11-12 08:00:00+00:00,80.595,125.21075
2025-11-12 09:00:00+00:00,68.92,95.39779999999999
2025-11-12 10:00:00+00:00,52.9075,75.341325
2025-11-12 11:00:00+00:00,52.5975,73.5651
2025-11-12 12:00:00+00:00,65.3175,78.036375
2025-11-12 13:00:00+00:00,80.425,90.33255000000001
2025-11-12 14:00:00+00:00,99.9575,118.85050000000001
2025-11-12 15:00:00+00:00,102.6825,145.623
2025-11-12 16:00:00+00:00,106.8725,176.458
2025-11-12 17:00:00+00:00,99.0325,180.56775
2025-11-12 18:00:00+00:00,84.45,160.1755
2025-11-12 19:00:00+00:00,79.2,138.3785
2025-11-12 20:00:00+00:00,68.525,124.0855
2025-11-12 21:00:00+00:00,69.4075,123.20249999999999
2025-11-12 22:00:00+00:00,54.03,123.96924999999999
2025-11-12 23:00:00+00:00,29.8975,123.182
2025-11-13 00:00:00+00:00,17.055,120.87825000000001
2025-11-13 01:00:00+00:00,8.6,118.62475000000002
2025-11-13 02:00:00+00:00,4.885,110.15300000000002
2025-11-13 03:00:00+00:00,4.1625,104.88650000000001
2025-11-13 04:00:00+00:00,22.6325,105.74875
2025-11-13 05:00:00+00:00,44.567499999999995,116.95775
2025-11-13 06:00:00+00:00,72.4375,127.52250000000001
2025-11-13 07:00:00+00:00,86.81,132.75
2025-11-13 08:00:00+00:00,97.45,128.07075
2025-11-13 09:00:00+00:00,86.07,118.19625
2025-11-13 10:00:00+00:00,84.07,115.818
2025-11-13 11:00:00+00:00,87.9575,119.59425
2025-11-13 12:00:00+00:00,99.0,145.05625
2025-11-13 13:00:00+00:00,95.0025,180.90675000000002
2025-11-13 14:00:00+00:00,99.205,224.96099999999998
2025-11-13 15:00:00+00:00,119.80000000000001,268.221
2025-11-13 16:00:00+00:00,119.0325,314.45975
2025-11-13 17:00:00+00:00,121.9625,349.5665
2025-11-13 18:00:00+00:00,120.0,369.945
2025-11-13 19:00:00+00:00,101.845,378.53200000000004
2025-11-13 20:00:00+00:00,105.155,381.00500000000005
2025-11-13 21:00:00+00:00,99.4125,381.856
2025-11-13 22:00:00+00:00,91.9625,378.16675
2025-11-13 23:00:00+00:00,87.73,369.08025
2025-11-14 00:00:00+00:00,85.3275,345.14425000000006
2025-11-14 01:00:00+00:00,83.155,317.31750000000005
2025-11-14 02:00:00+00:00,80.045,305.94725
2025-11-14 03:00:00+00:00,79.67,299.6205
2025-11-14 04:00:00+00:00,79.255,290.73875
2025-11-14 05:00:00+00:00,96.94,281.26225
2025-11-14 06:00:00+00:00,120.14750000000001,268.3875
2025-11-14 07:00:00+00:00,121.6025,267.434
2025-11-14 08:00:00+00:00,107.3975,256.78599999999994
2025-11-14 09:00:00+00:00,98.7175,241.4985
2025-11-14 10:00:00+00:00,93.9675,236.63
2025-11-14 11:00:00+00:00,90.655,233.2055
2025-11-14 12:00:00+00:00,93.82249999999999,228.87775
2025-11-14 13:00:00+00:00,96.565,231.612
2025-11-14 14:00:00+00:00,103.4225,238.02725
2025-11-14 15:00:00+00:00,104.7425,245.04874999999998
2025-11-14 16:00:00+00:00,114.81,245.15125
2025-11-14 17:00:00+00:00,89.9,236.19975000000002
2025-11-14 18:00:00+00:00,86.0475,222.867
2025-11-14 19:00:00+00:00,87.38,191.30999999999997
2025-11-14 20:00:00+00:00,80.60499999999999,162.82425
2025-11-14 21:00:00+00:00,86.7325,137.35825000000003
2025-11-14 22:00:00+00:00,71.4325,119.14949999999999
2025-11-14 23:00:00+00:00,68.5,106.87725
2025-11-15 00:00:00+00:00,68.6425,97.6276
2025-11-15 01:00:00+00:00,63.05,101.383575
2025-11-15 02:00:00+00:00,63.6525,111.78200000000001
2025-11-15 03:00:00+00:00,60.22,109.26550000000002
2025-11-15 04:00:00+00:00,61.714999999999996,120.77675
2025-11-15 05:00:00+00:00,58.585,126.73125000000002
2025-11-15 06:00:00+00:00,68.765,132.52
2025-11-15 07:00:00+00:00,80.3575,155.23275
2025-11-15 08:00:00+00:00,83.6725,185.56449999999995
2025-11-15 09:00:00+00:00,86.9025,200.28674999999998
2025-11-15 10:00:00+00:00,87.805,202.177
2025-11-15 11:00:00+00:00,85.925,206.1115
2025-11-15 12:00:00+00:00,86.53,217.76800000000003
2025-11-15 13:00:00+00:00,88.3275,239.279
2025-11-15 14:00:00+00:00,92.0875,262.37025000000006
2025-11-15 15:00:00+00:00,94.9,290.40025
2025-11-15 16:00:00+00:00,105.67999999999999,303.799
2025-11-15 17:00:00+00:00,112.7575,301.76399999999995
2025-11-15 18:00:00+00:00,105.12,290.83375
2025-11-15 19:00:00+00:00,94.4425,289.13325000000003
2025-11-15 20:00:00+00:00,93.375,296.137
2025-11-15 21:00:00+00:00,91.97,300.3175
2025-11-15 22:00:00+00:00,88.9975,305.7545
2025-11-15 23:00:00+00:00,87.10249999999999,313.15775
2025-11-16 00:00:00+00:00,84.7075,316.56249999999994
2025-11-16 01:00:00+00:00,82.9425,299.2205
2025-11-16 02:00:00+00:00,85.8075,277.32849999999996
2025-11-16 03:00:00+00:00,77.91499999999999,265.3485
2025-11-16 04:00:00+00:00,80.44749999999999,259.46999999999997
2025-11-16 05:00:00+00:00,75.9875,265.3565
2025-11-16 06:00:00+00:00,82.595,268.44575
2025-11-16 07:00:00+00:00,86.52250000000001,277.05575
2025-11-16 08:00:00+00:00,88.2625,283.0745
2025-11-16 09:00:00+00:00,86.6275,278.289
2025-11-16 10:00:00+00:00,89.9975,274.79175
2025-11-16 11:00:00+00:00,95.035,276.598
2025-11-16 12:00:00+00:00,92.47749999999999,268.74975
2025-11-16 13:00:00+00:00,95.5675,266.50775
2025-11-16 14:00:00+00:00,99.48750000000001,265.3255
2025-11-16 15:00:00+00:00,108.4925,302.80025
2025-11-16 16:00:00+00:00,118.1225,327.0775
2025-11-16 17:00:00+00:00,117.405,337.1235
2025-11-16 18:00:00+00:00,109.9025,336.57025
2025-11-16 19:00:00+00:00,93.9325,339.2015
2025-11-16 20:00:00+00:00,84.5275,328.68825000000004
2025-11-16 21:00:00+00:00,89.535,312.87350000000004
2025-11-16 22:00:00+00:00,82.39750000000001,265.901
2025-11-16 23:00:00+00:00,82.385,224.455
2025-11-17 00:00:00+00:00,76.5425,201.46800000000002
2025-11-17 01:00:00+00:00,69.9525,187.07649999999998
2025-11-17 02:00:00+00:00,58.9775,165.4865
2025-11-17 03:00:00+00:00,58.28,151.59025
2025-11-17 04:00:00+00:00,63.205,158.608
2025-11-17 05:00:00+00:00,73.64,186.67625
2025-11-17 06:00:00+00:00,93.0025,202.88850000000002
2025-11-17 07:00:00+00:00,105.0025,204.82350000000002
2025-11-17 08:00:00+00:00,97.5725,205.5835
2025-11-17 09:00:00+00:00,84.89750000000001,178.59675
2025-11-17 10:00:00+00:00,71.3025,132.02775
2025-11-17 11:00:00+00:00,73.04249999999999,106.31550000000001
2025-11-17 12:00:00+00:00,73.225,114.52550000000001
2025-11-17 13:00:00+00:00,80.5875,149.57475
2025-11-17 14:00:00+00:00,86.0275,200.23625
2025-11-17 15:00:00+00:00,85.9325,273.589
2025-11-17 16:00:00+00:00,112.9975,301.34675
2025-11-17 17:00:00+00:00,115.97749999999999,320.46
2025-11-17 18:00:00+00:00,110.6425,333.7655
2025-11-17 19:00:00+00:00,101.3475,336.023
2025-11-17 20:00:00+00:00,87.11,341.293
2025-11-17 21:00:00+00:00,85.0,330.4255
2025-11-17 22:00:00+00:00,81.025,299.082
2025-11-17 23:00:00+00:00,84.59,295.787
2025-11-18 00:00:00+00:00,82.26,267.38375
2025-11-18 01:00:00+00:00,78.0425,242.15425000000002
2025-11-18 02:00:00+00:00,77.7175,235.50025
2025-11-18 03:00:00+00:00,79.0025,240.9595
2025-11-18 04:00:00+00:00,81.365,238.6335
2025-11-18 05:00:00+00:00,89.175,262.14624999999995
2025-11-18 06:00:00+00:00,99.46,286.71475000000004
2025-11-18 07:00:00+00:00,115.495,286.42575000000005
2025-11-18 08:00:00+00:00,105.3525,276.26174999999995
2025-11-18 09:00:00+00:00,90.6,252.01624999999999
2025-11-18 10:00:00+00:00,85.2125,236.5375
2025-11-18 11:00:00+00:00,85.7625,230.56199999999998
2025-11-18 12:00:00+00:00,86.9225,221.526
2025-11-18 13:00:00+00:00,93.3575,246.24575
2025-11-18 14:00:00+00:00,116.32,266.70349999999996
2025-11-18 15:00:00+00:00,135.22750000000002,281.641
2025-11-18 16:00:00+00:00,144.9025,301.81974999999994
2025-11-18 17:00:00+00:00,142.025,290.83475000000004
2025-11-18 18:00:00+00:00,131.0775,290.61325
2025-11-18 19:00:00+00:00,105.85,287.3675
2025-11-18 20:00:00+00:00,93.7975,285.35875000000004
2025-11-18 21:00:00+00:00,97.3775,281.6985
2025-11-18 22:00:00+00:00,89.9625,278.57275
2025-11-18 23:00:00+00:00,86.45,252.671
2025-11-19 00:00:00+00:00,85.83,226.8025
2025-11-19 01:00:00+00:00,82.5175,218.75275000000002
2025-11-19 02:00:00+00:00,79.79,215.544
2025-11-19 03:00:00+00:00,81.0775,223.98024999999998
2025-11-19 04:00:00+00:00,84.5125,250.02274999999997
2025-11-19 05:00:00+00:00,94.67,291.90125
2025-11-19 06:00:00+00:00,122.07,310.20175000000006
2025-11-19 07:00:00+00:00,134.055,313.21274999999997
2025-11-19 08:00:00+00:00,113.065,322.17625
2025-11-19 09:00:00+00:00,96.6925,314.61075
2025-11-19 10:00:00+00:00,89.3425,309.882
2025-11-19 11:00:00+00:00,86.9125,294.46825
2025-11-19 12:00:00+00:00,89.485,277.1485
2025-11-19 13:00:00+00:00,98.36749999999999,275.81875
2025-11-19 14:00:00+00:00,109.95750000000001,270.19075
2025-11-19 15:00:00+00:00,108.645,272.146
2025-11-19 16:00:00+00:00,119.5775,272.36125
2025-11-19 17:00:00+00:00,118.08,266.46524999999997
2025-11-19 18:00:00+00:00,118.24,260.70225
2025-11-19 19:00:00+00:00,104.60249999999999,258.96074999999996
2025-11-19 20:00:00+00:00,97.535,281.93525
2025-11-19 21:00:00+00:00,98.015,296.28475
2025-11-19 22:00:00+00:00,91.885,303.96325
2025-11-19 23:00:00+00:00,89.605,320.91675
2025-11-20 00:00:00+00:00,86.24,302.10225
2025-11-20 01:00:00+00:00,85.22749999999999,308.38025000000005
2025-11-20 02:00:00+00:00,84.80250000000001,319.33
2025-11-20 03:00:00+00:00,85.22,342.88425
2025-11-20 04:00:00+00:00,89.0575,357.37350000000004
2025-11-20 05:00:00+00:00,100.0975,347.7485
2025-11-20 06:00:00+00:00,138.7325,347.1815
2025-11-20 07:00:00+00:00,150.275,348.174
2025-11-20 08:00:00+00:00,148.85000000000002,313.34625000000005
2025-11-20 09:00:00+00:00,136.2,307.23325
2025-11-20 10:00:00+00:00,124.355,289.80424999999997
2025-11-20 11:00:00+00:00,121.35,298.50899999999996
2025-11-20 12:00:00+00:00,120.9975,298.55875
2025-11-20 13:00:00+00:00,129.45999999999998,309.43325
2025-11-20 14:00:00+00:00,143.03,337.9905
2025-11-20 15:00:00+00:00,165.8575,346.44625
2025-11-20 16:00:00+00:00,171.0325,347.83625
2025-11-20 17:00:00+00:00,162.23,357.0545
2025-11-20 18:00:00+00:00,155.3725,356.217
2025-11-20 19:00:00+00:00,135.45499999999998,357.99974999999995
2025-11-20 20:00:00+00:00,118.255,350.15975
2025-11-20 21:00:00+00:00,107.3975,358.27725
2025-11-20 22:00:00+00:00,93.63499999999999,367.18325000000004
2025-11-20 23:00:00+00:00,98.5875,354.64124999999996
2025-11-21 00:00:00+00:00,93.24000000000001,358.01574999999997
2025-11-21 01:00:00+00:00,89.56,359.59775
2025-11-21 02:00:00+00:00,88.875,357.88225
2025-11-21 03:00:00+00:00,91.2825,348.637
2025-11-21 04:00:00+00:00,98.80250000000001,351.42375000000004
2025-11-21 05:00:00+00:00,126.86250000000001,360.3865
2025-11-21 06:00:00+00:00,174.3175,362.41075
2025-11-21 07:00:00+00:00,203.9475,358.05350000000004
2025-11-21 08:00:00+00:00,180.3275,300.27175
2025-11-21 09:00:00+00:00,144.63,268.839
2025-11-21 10:00:00+00:00,131.255,273.1555
2025-11-21 11:00:00+00:00,122.62,272.31825
2025-11-21 12:00:00+00:00,125.2025,274.80375000000004
2025-11-21 13:00:00+00:00,145.8275,285.6685
2025-11-21 14:00:00+00:00,183.185,307.6565
2025-11-21 15:00:00+00:00,231.4325,364.1845
2025-11-21 16:00:00+00:00,241.45999999999998,371.3995
2025-11-21 17:00:00+00:00,201.225,372.8757499999999
2025-11-21 18:00:00+00:00,170.2175,365.3005
2025-11-21 19:00:00+00:00,140.925,364.81525
2025-11-21 20:00:00+00:00,115.5775,363.702
2025-11-21 21:00:00+00:00,102.38749999999999,372.06374999999997
2025-11-21 22:00:00+00:00,93.3425,351.7455
2025-11-21 23:00:00+00:00,100.4225,325.52500000000003
2025-11-22 00:00:00+00:00,94.42750000000001,300.1915000000001
2025-11-22 01:00:00+00:00,88.44,260.65625
2025-11-22 02:00:00+00:00,85.2775,231.7315
2025-11-22 03:00:00+00:00,81.42,214.72275000000002
2025-11-22 04:00:00+00:00,78.375,210.27575
2025-11-22 05:00:00+00:00,79.475,209.05200000000002
2025-11-22 06:00:00+00:00,87.9625,208.55025
2025-11-22 07:00:00+00:00,100.0,208.88549999999998
2025-11-22 08:00:00+00:00,89.4225,172.34475
2025-11-22 09:00:00+00:00,82.3775,149.74599999999998
2025-11-22 10:00:00+00:00,78.865,123.16574999999999
2025-11-22 11:00:00+00:00,76.515,106.46650000000001
2025-11-22 12:00:00+00:00,76.2175,104.003
2025-11-22 13:00:00+00:00,81.485,115.26849999999999
2025-11-22 14:00:00+00:00,87.7875,142.8035
2025-11-22 15:00:00+00:00,98.105,193.06775000000002
2025-11-22 16:00:00+00:00,109.3,201.83874999999998
2025-11-22 17:00:00+00:00,104.3375,199.35000000000002
2025-11-22 18:00:00+00:00,92.2025,189.158
2025-11-22 19:00:00+00:00,88.39,175.25249999999997
2025-11-22 20:00:00+00:00,85.435,161.00425
2025-11-22 21:00:00+00:00,89.7675,145.459
2025-11-22 22:00:00+00:00,78.845,133.62775
2025-11-22 23:00:00+00:00,81.5275,120.46675
2025-11-23 00:00:00+00:00,74.35249999999999,115.09925000000001
2025-11-23 01:00:00+00:00,70.44,113.895
2025-11-23 02:00:00+00:00,63.230000000000004,121.48075
2025-11-23 03:00:00+00:00,60.885,120.60825
2025-11-23 04:00:00+00:00,63.7425,124.7865
2025-11-23 05:00:00+00:00,60.18,127.83224999999999
2025-11-23 06:00:00+00:00,65.7625,128.601
2025-11-23 07:00:00+00:00,68.02000000000001,130.62875000000003
2025-11-23 08:00:00+00:00,66.55499999999999,125.54525
2025-11-23 09:00:00+00:00,66.7025,115.37
2025-11-23 10:00:00+00:00,67.375,102.81524999999999
2025-11-23 11:00:00+00:00,68.38499999999999,101.01
2025-11-23 12:00:00+00:00,65.89750000000001,105.85225
2025-11-23 13:00:00+00:00,71.175,115.99275
2025-11-23 14:00:00+00:00,79.845,131.91625
2025-11-23 15:00:00+00:00,83.0,144.68975
2025-11-23 16:00:00+00:00,91.4,165.29874999999998
2025-11-23 17:00:00+00:00,89.89750000000001,171.14024999999998
2025-11-23 18:00:00+00:00,86.5125,161.93449999999999
2025-11-23 19:00:00+00:00,81.6975,148.89425
2025-11-23 20:00:00+00:00,75.8375,137.54549999999998
2025-11-23 21:00:00+00:00,73.42,135.74075
2025-11-23 22:00:00+00:00,69.3125,135.20525
2025-11-23 23:00:00+00:00,71.7575,126.9815
2025-11-24 00:00:00+00:00,69.0325,133.268
2025-11-24 01:00:00+00:00,70.2,141.36900000000003
2025-11-24 02:00:00+00:00,69.67500000000001,146.62125
2025-11-24 03:00:00+00:00,68.815,171.89425
2025-11-24 04:00:00+00:00,76.41499999999999,206.27575000000002
2025-11-24 05:00:00+00:00,89.3675,255.13174999999998
2025-11-24 06:00:00+00:00,89.055,274.69175
2025-11-24 07:00:00+00:00,94.55250000000001,280.30325
2025-11-24 08:00:00+00:00,101.1425,279.85974999999996
2025-11-24 09:00:00+00:00,112.74,267.88250000000005
2025-11-24 10:00:00+00:00,123.16,254.23000000000002
2025-11-24 11:00:00+00:00,123.80250000000001,258.79575
2025-11-24 12:00:00+00:00,139.17000000000002,271.76725
2025-11-24 13:00:00+00:00,145.41,303.25075000000004
2025-11-24 14:00:00+00:00,175.0525,344.24475
2025-11-24 15:00:00+00:00,202.77249999999998,376.44674999999995
2025-11-24 16:00:00+00:00,237.5,385.35125
2025-11-24 17:00:00+00:00,209.99,389.63800000000003
2025-11-24 18:00:00+00:00,174.615,389.07275000000004
2025-11-24 19:00:00+00:00,141.97500000000002,387.33175
2025-11-24 20:00:00+00:00,127.785,384.43
2025-11-24 21:00:00+00:00,116.52,380.409
2025-11-24 22:00:00+00:00,100.4,382.38775000000004
2025-11-24 23:00:00+00:00,94.6825,381.98075000000006
2025-11-25 00:00:00+00:00,91.4,374.938
2025-11-25 01:00:00+00:00,88.85,373.3155
2025-11-25 02:00:00+00:00,86.0875,361.70025000000004
2025-11-25 03:00:00+00:00,87.5575,324.19425
2025-11-25 04:00:00+00:00,86.255,306.41824999999994
2025-11-25 05:00:00+00:00,90.11,304.16175
2025-11-25 06:00:00+00:00,194.9875,307.0625
2025-11-25 07:00:00+00:00,227.1575,301.3485
2025-11-25 08:00:00+00:00,216.65,291.71675
2025-11-25 09:00:00+00:00,182.385,278.86499999999995
2025-11-25 10:00:00+00:00,109.5525,269.25124999999997
2025-11-25 11:00:00+00:00,102.9325,261.1385
2025-11-25 12:00:00+00:00,105.695,252.78549999999998
2025-11-25 13:00:00+00:00,121.9125,265.62275
2025-11-25 14:00:00+00:00,190.0,279.99275
2025-11-25 15:00:00+00:00,257.5425,298.771
2025-11-25 16:00:00+00:00,282.4575,306.79375
2025-11-25 17:00:00+00:00,247.485,308.44375
2025-11-25 18:00:00+00:00,201.3975,308.8865
2025-11-25 19:00:00+00:00,154.3325,309.816
2025-11-25 20:00:00+00:00,124.3975,309.13199999999995
2025-11-25 21:00:00+00:00,107.2775,307.863
2025-11-25 22:00:00+00:00,90.63499999999999,311.11425
2025-11-25 23:00:00+00:00,85.68,314.48650000000004
2025-11-26 00:00:00+00:00,87.22749999999999,320.73600000000005
2025-11-26 01:00:00+00:00,84.9075,326.2655
2025-11-26 02:00:00+00:00,85.8325,336.99825
2025-11-26 03:00:00+00:00,86.1075,345.37800000000004
2025-11-26 04:00:00+00:00,93.0175,358.20050000000003
2025-11-26 05:00:00+00:00,112.2875,368.01525000000004
2025-11-26 06:00:00+00:00,178.0825,376.21099999999996
2025-11-26 07:00:00+00:00,220.16,381.71875
2025-11-26 08:00:00+00:00,198.5575,369.29124999999993
2025-11-26 09:00:00+00:00,182.6725,341.337
2025-11-26 10:00:00+00:00,160.21,327.96375
2025-11-26 11:00:00+00:00,153.21,318.2795
2025-11-26 12:00:00+00:00,154.865,312.63575
2025-11-26 13:00:00+00:00,170.9925,320.86075000000005
2025-11-26 14:00:00+00:00,205.27,346.64225
2025-11-26 15:00:00+00:00,267.58000000000004,382.38575
2025-11-26 16:00:00+00:00,272.8275,385.05025
2025-11-26 17:00:00+00:00,221.735,381.31750000000005
2025-11-26 18:00:00+00:00,181.305,368.036
2025-11-26 19:00:00+00:00,138.62,354.13125
2025-11-26 20:00:00+00:00,112.61,341.45574999999997
2025-11-26 21:00:00+00:00,98.035,323.19325000000003
2025-11-26 22:00:00+00:00,88.8125,300.6475
2025-11-26 23:00:00+00:00,89.8125,259.69100000000003
2025-11-27 00:00:00+00:00,83.9575,207.7165
2025-11-27 01:00:00+00:00,79.18,180.15925
2025-11-27 02:00:00+00:00,73.6825,173.50225000000003
2025-11-27 03:00:00+00:00,65.1725,163.56500000000003
2025-11-27 04:00:00+00:00,73.29,163.432
2025-11-27 05:00:00+00:00,70.785,175.71925
2025-11-27 06:00:00+00:00,90.52,195.08325
2025-11-27 07:00:00+00:00,99.97999999999999,199.03875000000002
2025-11-27 08:00:00+00:00,95.0,194.39025
2025-11-27 09:00:00+00:00,88.355,188.07975
2025-11-27 10:00:00+00:00,85.44,184.71175
2025-11-27 11:00:00+00:00,86.815,182.0605
2025-11-27 12:00:00+00:00,86.5725,183.47399999999996
2025-11-27 13:00:00+00:00,90.6425,187.35875000000001
2025-11-27 14:00:00+00:00,91.9775,189.8975
2025-11-27 15:00:00+00:00,92.405,191.9245
2025-11-27 16:00:00+00:00,98.0025,190.70775
2025-11-27 17:00:00+00:00,93.61,187.89225000000002
2025-11-27 18:00:00+00:00,87.0,182.45925
2025-11-27 19:00:00+00:00,79.9075,168.2235
2025-11-27 20:00:00+00:00,78.78,149.59725
2025-11-27 21:00:00+00:00,66.7,129.10250000000002
2025-11-27 22:00:00+00:00,55.82,113.91599999999998
2025-11-27 23:00:00+00:00,59.105,93.45119999999999
2025-11-28 00:00:00+00:00,54.81,93.0754
2025-11-28 01:00:00+00:00,51.975,93.3976
2025-11-28 02:00:00+00:00,45.802499999999995,93.53197500000002
2025-11-28 03:00:00+00:00,53.28,96.083025
2025-11-28 04:00:00+00:00,58.1075,103.102
2025-11-28 05:00:00+00:00,78.6875,148.0975
2025-11-28 06:00:00+00:00,81.6175,221.00625000000002
2025-11-28 07:00:00+00:00,97.4525,249.5705
2025-11-28 08:00:00+00:00,103.7975,258.08875
2025-11-28 09:00:00+00:00,96.91,238.70550000000003
2025-11-28 10:00:00+00:00,94.7475,222.84374999999997
2025-11-28 11:00:00+00:00,96.2925,218.31324999999998
2025-11-28 12:00:00+00:00,96.3025,213.40975
2025-11-28 13:00:00+00:00,78.0,210.788
2025-11-28 14:00:00+00:00,100.4425,222.10850000000002
2025-11-28 15:00:00+00:00,94.1275,231.33625
2025-11-28 16:00:00+00:00,94.9025,228.6425
2025-11-28 17:00:00+00:00,91.53,223.469
2025-11-28 18:00:00+00:00,91.9625,220.08849999999998
2025-11-28 19:00:00+00:00,85.97,199.28175000000002
2025-11-28 20:00:00+00:00,83.33500000000001,167.22025000000002
2025-11-28 21:00:00+00:00,83.97999999999999,150.32425
2025-11-28 22:00:00+00:00,76.685,144.44275
2025-11-28 23:00:00+00:00,80.41499999999999,151.57775
2025-11-29 00:00:00+00:00,79.8625,163.16275000000002
2025-11-29 01:00:00+00:00,81.005,177.4325
2025-11-29 02:00:00+00:00,81.58,191.74925
2025-11-29 03:00:00+00:00,83.3075,185.682
2025-11-29 04:00:00+00:00,87.1225,177.64274999999998
2025-11-29 05:00:00+00:00,88.845,184.23450000000003
2025-11-29 06:00:00+00:00,85.2475,205.00249999999997
2025-11-29 07:00:00+00:00,88.7625,210.81775
2025-11-29 08:00:00+00:00,98.13499999999999,196.58025
2025-11-29 09:00:00+00:00,96.61,186.30775
2025-11-29 10:00:00+00:00,89.9075,167.442
2025-11-29 11:00:00+00:00,81.785,153.227
2025-11-29 12:00:00+00:00,82.47,156.98899999999998
2025-11-29 13:00:00+00:00,85.8475,162.827
2025-11-29 14:00:00+00:00,96.5775,179.9925
2025-11-29 15:00:00+00:00,97.47749999999999,202.97925
2025-11-29 16:00:00+00:00,103.3825,203.765
2025-11-29 17:00:00+00:00,98.2225,202.90325
2025-11-29 18:00:00+00:00,89.36,190.62025
2025-11-29 19:00:00+00:00,82.42,170.5255
2025-11-29 20:00:00+00:00,79.86500000000001,163.26250000000002
2025-11-29 21:00:00+00:00,85.0,154.30275
2025-11-29 22:00:00+00:00,78.94,139.40999999999997
2025-11-29 23:00:00+00:00,74.755,123.003
2025-11-30 00:00:00+00:00,68.15,117.214
2025-11-30 01:00:00+00:00,66.2025,117.49374999999999
2025-11-30 02:00:00+00:00,64.07249999999999,117.62775
2025-11-30 03:00:00+00:00,65.78,112.4015
2025-11-30 04:00:00+00:00,71.865,116.08675
2025-11-30 05:00:00+00:00,72.79,117.46075
2025-11-30 06:00:00+00:00,74.625,125.74050000000001
2025-11-30 07:00:00+00:00,78.6675,139.76274999999998
2025-11-30 08:00:00+00:00,81.0575,147.54325
2025-11-30 09:00:00+00:00,82.7225,126.30125000000001
2025-11-30 10:00:00+00:00,79.225,94.52797500000001
2025-11-30 11:00:00+00:00,80.0,100.96205
2025-11-30 12:00:00+00:00,80.725,117.96375
2025-11-30 13:00:00+00:00,84.835,145.7795
2025-11-30 14:00:00+00:00,90.0025,182.0905
2025-11-30 15:00:00+00:00,91.21000000000001,226.52925
2025-11-30 16:00:00+00:00,102.935,245.5215
2025-11-30 17:00:00+00:00,105.6325,256.18825
2025-11-30 18:00:00+00:00,104.035,258.40824999999995
2025-11-30 19:00:00+00:00,97.9075,268.18175
2025-11-30 20:00:00+00:00,92.755,265.07725000000005
2025-11-30 21:00:00+00:00,91.3275,267.29274999999996
2025-11-30 22:00:00+00:00,86.39500000000001,255.84375000000003
2025-11-30 23:00:00+00:00,86.2175,232.1255
2025-12-01 00:00:00+00:00,83.535,200.236
2025-12-01 01:00:00+00:00,78.395,178.80425
2025-12-01 02:00:00+00:00,67.435,157.21099999999998
2025-12-01 03:00:00+00:00,62.61,149.7015
2025-12-01 04:00:00+00:00,60.0,149.44949999999997
2025-12-01 05:00:00+00:00,67.5775,175.47225
2025-12-01 06:00:00+00:00,89.5925,193.32300000000004
2025-12-01 07:00:00+00:00,99.485,198.80375000000004
2025-12-01 08:00:00+00:00,102.67,181.22325
2025-12-01 09:00:00+00:00,85.8025,159.3745
2025-12-01 10:00:00+00:00,79.87,150.62075
2025-12-01 11:00:00+00:00,76.99,144.58150000000003
2025-12-01 12:00:00+00:00,86.145,148.83374999999998
2025-12-01 13:00:00+00:00,93.5,160.8735
2025-12-01 14:00:00+00:00,90.65,172.332
2025-12-01 15:00:00+00:00,93.3,181.74675000000002
2025-12-01 16:00:00+00:00,99.64,183.76225000000002
2025-12-01 17:00:00+00:00,91.61500000000001,175.91799999999998
2025-12-01 18:00:00+00:00,86.7675,165.208
2025-12-01 19:00:00+00:00,85.3875,153.17000000000002
2025-12-01 20:00:00+00:00,77.0025,132.99625
2025-12-01 21:00:00+00:00,76.39750000000001,124.941
2025-12-01 22:00:00+00:00,70.78,112.39774999999999
2025-12-01 23:00:00+00:00,64.1025,92.61477499999998
2025-12-02 00:00:00+00:00,59.144999999999996,89.957875
2025-12-02 01:00:00+00:00,54.085,90.43412500000001
2025-12-02 02:00:00+00:00,50.88,92.47399999999999
2025-12-02 03:00:00+00:00,48.7975,98.00105
2025-12-02 04:00:00+00:00,62.1575,105.2055
2025-12-02 05:00:00+00:00,78.0,135.8965
2025-12-02 06:00:00+00:00,80.01249999999999,176.99174999999997
2025-12-02 07:00:00+00:00,90.1975,202.6875
2025-12-02 08:00:00+00:00,83.0,209.58624999999998
2025-12-02 09:00:00+00:00,87.9025,206.68475
2025-12-02 10:00:00+00:00,86.53999999999999,209.78674999999998
2025-12-02 11:00:00+00:00,87.17,218.88950000000003
2025-12-02 12:00:00+00:00,89.9,229.9755
2025-12-02 13:00:00+00:00,90.1125,259.96275
2025-12-02 14:00:00+00:00,96.58250000000001,290.32775
2025-12-02 15:00:00+00:00,120.72,313.06
2025-12-02 16:00:00+00:00,140.4875,322.029
2025-12-02 17:00:00+00:00,119.53,328.41525
2025-12-02 18:00:00+00:00,109.0,332.54725
2025-12-02 19:00:00+00:00,95.0025,333.26500000000004
2025-12-02 20:00:00+00:00,88.69,339.87375000000003
2025-12-02 21:00:00+00:00,87.58,345.128
2025-12-02 22:00:00+00:00,94.325,350.23825
2025-12-02 23:00:00+00:00,83.12,355.0695
2025-12-03 00:00:00+00:00,84.9675,353.50775
2025-12-03 01:00:00+00:00,84.555,352.12674999999996
2025-12-03 02:00:00+00:00,82.1625,355.42249999999996
2025-12-03 03:00:00+00:00,81.9925,353.8575
2025-12-03 04:00:00+00:00,85.845,352.75600000000003
2025-12-03 05:00:00+00:00,83.96000000000001,359.684
2025-12-03 06:00:00+00:00,107.7875,360.77525
2025-12-03 07:00:00+00:00,154.84,360.34725000000003
2025-12-03 08:00:00+00:00,142.3775,356.37074999999993
2025-12-03 09:00:00+00:00,129.5125,344.05625000000003
2025-12-03 10:00:00+00:00,129.9775,334.0165
2025-12-03 11:00:00+00:00,128.8075,327.11725
2025-12-03 12:00:00+00:00,130.0025,320.37399999999997
2025-12-03 13:00:00+00:00,170.1,328.6705
2025-12-03 14:00:00+00:00,210.5225,338.285
2025-12-03 15:00:00+00:00,258.22,350.7730000000001
2025-12-03 16:00:00+00:00,242.8825,355.769
2025-12-03 17:00:00+00:00,195.1975,353.33174999999994
2025-12-03 18:00:00+00:00,166.3725,352.26075000000003
2025-12-03 19:00:00+00:00,140.0025,348.84499999999997
2025-12-03 20:00:00+00:00,109.19749999999999,349.27425
2025-12-03 21:00:00+00:00,89.9075,347.75175
2025-12-03 22:00:00+00:00,84.89750000000001,344.74225
2025-12-03 23:00:00+00:00,89.415,348.26525
2025-12-04 00:00:00+00:00,88.875,340.7805
2025-12-04 01:00:00+00:00,85.2775,333.65075
2025-12-04 02:00:00+00:00,83.6075,329.61125000000004
2025-12-04 03:00:00+00:00,78.525,326.97875
2025-12-04 04:00:00+00:00,80.0,320.40825
2025-12-04 05:00:00+00:00,76.0,320.64675
2025-12-04 06:00:00+00:00,110.0,317.76725
2025-12-04 07:00:00+00:00,126.69,313.7745
2025-12-04 08:00:00+00:00,82.58500000000001,299.00025000000005
2025-12-04 09:00:00+00:00,92.47,273.7475
2025-12-04 10:00:00+00:00,92.0025,247.08149999999995
2025-12-04 11:00:00+00:00,89.06,226.29525
2025-12-04 12:00:00+00:00,90.72999999999999,219.40775000000002
2025-12-04 13:00:00+00:00,98.0,237.9195
2025-12-04 14:00:00+00:00,97.17,264.01674999999994
2025-12-04 15:00:00+00:00,132.51999999999998,278.40775
2025-12-04 16:00:00+00:00,128.56,275.38975
2025-12-04 17:00:00+00:00,121.11,271.1515
2025-12-04 18:00:00+00:00,117.0025,273.24899999999997
2025-12-04 19:00:00+00:00,110.2975,283.07149999999996
2025-12-04 20:00:00+00:00,96.1875,299.96675
2025-12-04 21:00:00+00:00,91.1825,311.73
2025-12-04 22:00:00+00:00,85.0,321.3055
2025-12-04 23:00:00+00:00,75.0,332.43225
2025-12-05 00:00:00+00:00,80.5375,339.202
2025-12-05 01:00:00+00:00,80.235,347.26800000000003
2025-12-05 02:00:00+00:00,80.83500000000001,349.414
2025-12-05 03:00:00+00:00,80.04249999999999,354.17900000000003
2025-12-05 04:00:00+00:00,90.0475,360.8195
2025-12-05 05:00:00+00:00,114.0,370.72999999999996
2025-12-05 06:00:00+00:00,126.1275,372.41375
2025-12-05 07:00:00+00:00,174.2175,369.04225
2025-12-05 08:00:00+00:00,176.465,359.6265
2025-12-05 09:00:00+00:00,160.695,341.76574999999997
2025-12-05 10:00:00+00:00,153.57750000000001,332.373
2025-12-05 11:00:00+00:00,148.2575,324.93525
2025-12-05 12:00:00+00:00,140.595,323.9375
2025-12-05 13:00:00+00:00,137.7525,320.3715
2025-12-05 14:00:00+00:00,138.0975,323.77825
2025-12-05 15:00:00+00:00,139.0875,318.93974999999995
2025-12-05 16:00:00+00:00,140.0,307.262
2025-12-05 17:00:00+00:00,109.9,294.86650000000003
2025-12-05 18:00:00+00:00,91.0,285.90225000000004
2025-12-05 19:00:00+00:00,87.215,270.40600000000006
2025-12-05 20:00:00+00:00,86.045,246.01925
2025-12-05 21:00:00+00:00,82.2925,214.92775
2025-12-05 22:00:00+00:00,79.0075,183.204
2025-12-05 23:00:00+00:00,75.225,140.85600000000002
2025-12-06 00:00:00+00:00,69.37,106.96775
2025-12-06 01:00:00+00:00,66.36,104.40225
2025-12-06 02:00:00+00:00,62.3175,101.2025
2025-12-06 03:00:00+00:00,59.1925,102.822
2025-12-06 04:00:00+00:00,57.0325,97.346
2025-12-06 05:00:00+00:00,56.605000000000004,101.73025
2025-12-06 06:00:00+00:00,60.989999999999995,111.56675
2025-12-06 07:00:00+00:00,70.9675,119.05924999999999
2025-12-06 08:00:00+00:00,76.13499999999999,126.9315
2025-12-06 09:00:00+00:00,76.3425,131.6895
2025-12-06 10:00:00+00:00,77.41499999999999,124.23899999999999
2025-12-06 11:00:00+00:00,76.1125,117.18925
2025-12-06 12:00:00+00:00,77.025,115.30925
2025-12-06 13:00:00+00:00,77.97999999999999,110.18674999999999
2025-12-06 14:00:00+00:00,82.53999999999999,114.51575
2025-12-06 15:00:00+00:00,87.33,123.26175
2025-12-06 16:00:00+00:00,88.41,124.0805
2025-12-06 17:00:00+00:00,84.57,115.1085
2025-12-06 18:00:00+00:00,83.1625,105.2855
2025-12-06 19:00:00+00:00,76.16,101.95025
2025-12-06 20:00:00+00:00,73.2475,99.450175
2025-12-06 21:00:00+00:00,71.295,94.81990000000002
2025-12-06 22:00:00+00:00,67.44749999999999,90.62145000000001
2025-12-06 23:00:00+00:00,63.9,83.014825
2025-12-07 00:00:00+00:00,58.2575,84.373375
2025-12-07 01:00:00+00:00,53.9525,83.013375
2025-12-07 02:00:00+00:00,51.7175,91.7121
2025-12-07 03:00:00+00:00,60.44,99.1672
2025-12-07 04:00:00+00:00,62.004999999999995,115.62375
2025-12-07 05:00:00+00:00,63.72,133.57325
2025-12-07 06:00:00+00:00,77.0075,159.84775000000002
2025-12-07 07:00:00+00:00,80.0925,182.8665
2025-12-07 08:00:00+00:00,85.555,209.11825000000002
2025-12-07 09:00:00+00:00,82.715,219.09450000000004
2025-12-07 10:00:00+00:00,88.405,216.75925
2025-12-07 11:00:00+00:00,87.1,215.80425000000002
2025-12-07 12:00:00+00:00,87.935,215.27475
2025-12-07 13:00:00+00:00,92.42999999999999,215.38975
2025-12-07 14:00:00+00:00,92.7225,216.5695
2025-12-07 15:00:00+00:00,97.0375,207.0865
2025-12-07 16:00:00+00:00,104.86749999999999,192.0165
2025-12-07 17:00:00+00:00,88.6975,167.50699999999998
2025-12-07 18:00:00+00:00,80.7975,134.398
2025-12-07 19:00:00+00:00,74.8875,106.821775
2025-12-07 20:00:00+00:00,65.775,84.579575
2025-12-07 21:00:00+00:00,59.2625,72.97377499999999
2025-12-07 22:00:00+00:00,37.5325,64.77969999999999
2025-12-07 23:00:00+00:00,16.0025,60.951325
2025-12-08 00:00:00+00:00,9.022499999999999,59.03124999999999
2025-12-08 01:00:00+00:00,10.3325,62.66677500000001
2025-12-08 02:00:00+00:00,5.57,69.74745
2025-12-08 03:00:00+00:00,10.809999999999999,73.12440000000001
2025-12-08 04:00:00+00:00,25.0025,82.80462499999999
2025-12-08 05:00:00+00:00,59.9975,102.88467500000002
2025-12-08 06:00:00+00:00,77.6775,136.61975
2025-12-08 07:00:00+00:00,90.9425,165.9985
2025-12-08 08:00:00+00:00,91.3775,161.30775
2025-12-08 09:00:00+00:00,85.02,145.756
2025-12-08 10:00:00+00:00,76.5525,130.757
2025-12-08 11:00:00+00:00,72.60249999999999,131.11575
2025-12-08 12:00:00+00:00,76.7425,145.281
2025-12-08 13:00:00+00:00,80.3175,154.585
2025-12-08 14:00:00+00:00,90.7475,158.55025
2025-12-08 15:00:00+00:00,89.1575,172.97249999999997
2025-12-08 16:00:00+00:00,102.5775,183.52525
2025-12-08 17:00:00+00:00,97.69,186.61475
2025-12-08 18:00:00+00:00,95.0,182.2895
2025-12-08 19:00:00+00:00,85.4925,172.96750000000003
2025-12-08 20:00:00+00:00,79.05,149.50674999999998
2025-12-08 21:00:00+00:00,77.5325,143.0625
2025-12-08 22:00:00+00:00,70.38,147.0905
2025-12-08 23:00:00+00:00,68.3125,145.34025
2025-12-09 00:00:00+00:00,68.005,136.0985
2025-12-09 01:00:00+00:00,68.5425,130.9075
2025-12-09 02:00:00+00:00,68.1925,133.06550000000001
2025-12-09 03:00:00+00:00,65.8375,135.2365
2025-12-09 04:00:00+00:00,71.58250000000001,149.27599999999998
2025-12-09 05:00:00+00:00,87.60249999999999,200.46775
2025-12-09 06:00:00+00:00,96.525,228.76525
2025-12-09 07:00:00+00:00,117.12,229.576
2025-12-09 08:00:00+00:00,104.6675,226.609
2025-12-09 09:00:00+00:00,94.0525,220.91174999999998
2025-12-09 10:00:00+00:00,91.39750000000001,197.31950000000003
2025-12-09 11:00:00+00:00,86.4975,178.0245
2025-12-09 12:00:00+00:00,89.055,177.98675
2025-12-09 13:00:00+00:00,88.01,185.34125
2025-12-09 14:00:00+00:00,96.93,194.5245
2025-12-09 15:00:00+00:00,93.72749999999999,198.64625000000004
2025-12-09 16:00:00+00:00,97.6675,192.94549999999998
2025-12-09 17:00:00+00:00,89.105,186.70975
2025-12-09 18:00:00+00:00,81.0,180.48099999999997
2025-12-09 19:00:00+00:00,78.32,143.139
2025-12-09 20:00:00+00:00,69.27250000000001,107.65174999999999
2025-12-09 21:00:00+00:00,64.54249999999999,85.548125
2025-12-09 22:00:00+00:00,48.2125,72.71935
2025-12-09 23:00:00+00:00,40.3925,69.3452
2025-12-10 00:00:00+00:00,32.8925,67.90990000000001
2025-12-10 01:00:00+00:00,27.259999999999998,68.86432500000001
2025-12-10 02:00:00+00:00,30.3,73.0095
2025-12-10 03:00:00+00:00,42.59,80.177975
2025-12-10 04:00:00+00:00,61.2425,91.23555
2025-12-10 05:00:00+00:00,73.7625,119.934
2025-12-10 06:00:00+00:00,86.33250000000001,175.95625
2025-12-10 07:00:00+00:00,93.47,195.60675
2025-12-10 08:00:00+00:00,93.02250000000001,195.21725
2025-12-10 09:00:00+00:00,85.68,170.14274999999998
2025-12-10 10:00:00+00:00,80.4675,150.98499999999999
2025-12-10 11:00:00+00:00,79.33500000000001,148.9835
2025-12-10 12:00:00+00:00,79.4,141.4115
2025-12-10 13:00:00+00:00,86.0,145.071
2025-12-10 14:00:00+00:00,88.9,161.63275
2025-12-10 15:00:00+00:00,94.995,180.37625000000003
2025-12-10 16:00:00+00:00,103.75999999999999,188.9185
2025-12-10 17:00:00+00:00,103.435,189.71949999999998
2025-12-10 18:00:00+00:00,95.56,193.02349999999998
2025-12-10 19:00:00+00:00,86.81,185.67725000000002
2025-12-10 20:00:00+00:00,84.3,163.83075000000002
2025-12-10 21:00:00+00:00,81.15,146.011
2025-12-10 22:00:00+00:00,75.4725,122.41525
2025-12-10 23:00:00+00:00,71.7275,122.59649999999999
2025-12-11 00:00:00+00:00,71.1425,126.01675000000002
2025-12-11 01:00:00+00:00,69.8825,126.21974999999999
2025-12-11 02:00:00+00:00,71.6475,129.45850000000002
2025-12-11 03:00:00+00:00,72.5325,134.03325
2025-12-11 04:00:00+00:00,76.9375,155.64525
2025-12-11 05:00:00+00:00,84.06,199.83499999999998
2025-12-11 06:00:00+00:00,96.39500000000001,237.27349999999998
2025-12-11 07:00:00+00:00,107.905,243.691
2025-12-11 08:00:00+00:00,103.7775,230.00975
2025-12-11 09:00:00+00:00,90.5675,212.09250000000003
2025-12-11 10:00:00+00:00,88.42,196.60475
2025-12-11 11:00:00+00:00,86.47,183.47975
2025-12-11 12:00:00+00:00,87.11500000000001,191.069
2025-12-11 13:00:00+00:00,93.83500000000001,214.92600000000002
2025-12-11 14:00:00+00:00,105.9925,241.338
2025-12-11 15:00:00+00:00,109.745,273.18025
2025-12-11 16:00:00+00:00,112.255,272.32924999999994
2025-12-11 17:00:00+00:00,110.765,258.60075
2025-12-11 18:00:00+00:00,105.9625,252.996
2025-12-11 19:00:00+00:00,100.52250000000001,255.52949999999996
2025-12-11 20:00:00+00:00,90.44,270.926
2025-12-11 21:00:00+00:00,91.4025,285.6125
2025-12-11 22:00:00+00:00,87.745,299.449
2025-12-11 23:00:00+00:00,81.925,317.833
2025-12-12 00:00:00+00:00,84.1175,325.004
2025-12-12 01:00:00+00:00,84.705,322.599
2025-12-12 02:00:00+00:00,85.205,304.73150000000004
2025-12-12 03:00:00+00:00,82.83,290.33750000000003
2025-12-12 04:00:00+00:00,83.4425,290.25
2025-12-12 05:00:00+00:00,87.4975,302.41175
2025-12-12 06:00:00+00:00,116.0125,315.683
2025-12-12 07:00:00+00:00,127.58,322.531
2025-12-12 08:00:00+00:00,124.205,331.505
2025-12-12 09:00:00+00:00,117.865,328.1875
2025-12-12 10:00:00+00:00,113.3775,323.55875000000003
2025-12-12 11:00:00+00:00,108.9875,317.40250000000003
2025-12-12 12:00:00+00:00,112.17750000000001,319.96524999999997
2025-12-12 13:00:00+00:00,119.0325,326.459
2025-12-12 14:00:00+00:00,124.905,330.6185
2025-12-12 15:00:00+00:00,137.44,335.31424999999996
2025-12-12 16:00:00+00:00,144.35500000000002,331.56825
2025-12-12 17:00:00+00:00,128.8675,328.60175
2025-12-12 18:00:00+00:00,109.1925,319.52675000000005
2025-12-12 19:00:00+00:00,101.4975,307.35825
2025-12-12 20:00:00+00:00,94.0,290.88475000000005
2025-12-12 21:00:00+00:00,89.5275,277.04999999999995
2025-12-12 22:00:00+00:00,89.9125,267.56125
2025-12-12 23:00:00+00:00,85.9625,265.44025
2025-12-13 00:00:00+00:00,88.7375,264.73325
2025-12-13 01:00:00+00:00,85.1,268.91600000000005
2025-12-13 02:00:00+00:00,82.3325,269.298
2025-12-13 03:00:00+00:00,79.7975,281.97875
2025-12-13 04:00:00+00:00,81.45750000000001,295.99525000000006
2025-12-13 05:00:00+00:00,77.1475,309.30800000000005
2025-12-13 06:00:00+00:00,79.375,325.83
2025-12-13 07:00:00+00:00,93.99,344.4815
2025-12-13 08:00:00+00:00,103.045,345.097
2025-12-13 09:00:00+00:00,98.33749999999999,325.22249999999997
2025-12-13 10:00:00+00:00,93.7,291.01200000000006
2025-12-13 11:00:00+00:00,90.2575,272.521
2025-12-13 12:00:00+00:00,88.695,248.22225000000003
2025-12-13 13:00:00+00:00,91.025,256.26525
2025-12-13 14:00:00+00:00,107.995,294.61725
2025-12-13 15:00:00+00:00,113.86,348.4575
2025-12-13 16:00:00+00:00,114.53,346.2695
2025-12-13 17:00:00+00:00,108.61500000000001,339.05949999999996
2025-12-13 18:00:00+00:00,101.3575,333.04625000000004
2025-12-13 19:00:00+00:00,89.70750000000001,324.0105
2025-12-13 20:00:00+00:00,87.75,306.473
2025-12-13 21:00:00+00:00,87.325,286.66175
2025-12-13 22:00:00+00:00,80.0,269.36
2025-12-13 23:00:00+00:00,89.41499999999999,242.57574999999997
2025-12-14 00:00:00+00:00,88.075,219.26125000000002
2025-12-14 01:00:00+00:00,79.7875,208.85475
2025-12-14 02:00:00+00:00,77.6575,201.411
2025-12-14 03:00:00+00:00,73.9,196.13625000000002
2025-12-14 04:00:00+00:00,74.82,188.0065
2025-12-14 05:00:00+00:00,73.3875,172.44474999999997
2025-12-14 06:00:00+00:00,74.2,161.13250000000002
2025-12-14 07:00:00+00:00,79.1825,159.77325000000002
2025-12-14 08:00:00+00:00,81.21,153.04149999999998
2025-12-14 09:00:00+00:00,77.805,145.01375
2025-12-14 10:00:00+00:00,81.4725,134.3985
2025-12-14 11:00:00+00:00,83.825,140.1285
2025-12-14 12:00:00+00:00,83.22,155.93
2025-12-14 13:00:00+00:00,84.72,165.93475
2025-12-14 14:00:00+00:00,88.30250000000001,174.24575000000002
2025-12-14 15:00:00+00:00,92.0975,184.83374999999998
2025-12-14 16:00:00+00:00,99.665,199.718
2025-12-14 17:00:00+00:00,100.9425,197.866
2025-12-14 18:00:00+00:00,91.0275,193.56674999999998
2025-12-14 19:00:00+00:00,88.35249999999999,176.74650000000003
2025-12-14 20:00:00+00:00,82.3675,144.05475
2025-12-14 21:00:00+00:00,80.75,136.9695
2025-12-14 22:00:00+00:00,74.4075,124.34925
2025-12-14 23:00:00+00:00,69.9725,115.6655
2025-12-15 00:00:00+00:00,69.42,112.15125
2025-12-15 01:00:00+00:00,67.89,112.126
2025-12-15 02:00:00+00:00,64.9975,112.27125000000001
2025-12-15 03:00:00+00:00,67.0675,113.952
2025-12-15 04:00:00+00:00,72.0,121.657
2025-12-15 05:00:00+00:00,84.535,160.92175000000003
2025-12-15 06:00:00+00:00,86.905,202.436
2025-12-15 07:00:00+00:00,100.515,215.31975
2025-12-15 08:00:00+00:00,96.2975,207.74050000000003
2025-12-15 09:00:00+00:00,87.41749999999999,184.98949999999996
2025-12-15 10:00:00+00:00,78.6575,176.32524999999998
2025-12-15 11:00:00+00:00,77.1775,171.69475
2025-12-15 12:00:00+00:00,85.3075,171.658
2025-12-15 13:00:00+00:00,91.7775,191.65975000000003
2025-12-15 14:00:00+00:00,101.0575,212.56074999999998
2025-12-15 15:00:00+00:00,107.56,261.18525
2025-12-15 16:00:00+00:00,102.8575,284.97499999999997
2025-12-15 17:00:00+00:00,97.4825,273.72025
2025-12-15 18:00:00+00:00,89.8325,257.85475
2025-12-15 19:00:00+00:00,83.095,237.12975
2025-12-15 20:00:00+00:00,83.3025,225.65275
2025-12-15 21:00:00+00:00,84.0625,212.06525
2025-12-15 22:00:00+00:00,80.0775,217.074
2025-12-15 23:00:00+00:00,77.495,250.12174999999996
2025-12-16 00:00:00+00:00,77.78999999999999,264.48325
2025-12-16 01:00:00+00:00,76.345,268.91774999999996
2025-12-16 02:00:00+00:00,77.1675,262.51625
2025-12-16 03:00:00+00:00,78.7975,267.8915
2025-12-16 04:00:00+00:00,80.4025,283.52675
2025-12-16 05:00:00+00:00,86.9775,292.16525
2025-12-16 06:00:00+00:00,89.725,305.36175
2025-12-16 07:00:00+00:00,99.8225,318.88575000000003
2025-12-16 08:00:00+00:00,97.1675,315.86775
2025-12-16 09:00:00+00:00,92.345,289.852
2025-12-16 10:00:00+00:00,90.605,280.27774999999997
2025-12-16 11:00:00+00:00,91.16499999999999,284.5415
2025-12-16 12:00:00+00:00,98.18,294.03499999999997
2025-12-16 13:00:00+00:00,120.17,302.462
2025-12-16 14:00:00+00:00,136.5,328.65
2025-12-16 15:00:00+00:00,152.5425,350.94075000000004
2025-12-16 16:00:00+00:00,160.075,353.37350000000004
2025-12-16 17:00:00+00:00,139.97,356.60949999999997
2025-12-16 18:00:00+00:00,137.115,362.86000000000007
2025-12-16 19:00:00+00:00,126.1975,363.88950000000006
2025-12-16 20:00:00+00:00,116.66250000000001,366.60725
2025-12-16 21:00:00+00:00,112.27,372.41975
2025-12-16 22:00:00+00:00,101.03,369.05125
2025-12-16 23:00:00+00:00,87.35,360.82075
2025-12-17 00:00:00+00:00,87.785,360.15475000000004
2025-12-17 01:00:00+00:00,85.0,365.40475
2025-12-17 02:00:00+00:00,82.495,365.63525
2025-12-17 03:00:00+00:00,83.7,362.50899999999996
2025-12-17 04:00:00+00:00,87.605,357.97900000000004
2025-12-17 05:00:00+00:00,91.2,356.70650000000006
2025-12-17 06:00:00+00:00,106.3925,363.07150000000007
2025-12-17 07:00:00+00:00,131.4925,366.96450000000004
2025-12-17 08:00:00+00:00,123.94500000000001,365.10675
2025-12-17 09:00:00+00:00,120.5,352.0635
2025-12-17 10:00:00+00:00,114.0225,338.94275
2025-12-17 11:00:00+00:00,108.2125,326.1885
2025-12-17 12:00:00+00:00,116.92750000000001,321.32174999999995
2025-12-17 13:00:00+00:00,122.95500000000001,314.5655
2025-12-17 14:00:00+00:00,121.2775,311.8585
2025-12-17 15:00:00+00:00,123.42999999999999,315.28875
2025-12-17 16:00:00+00:00,116.455,305.4985
2025-12-17 17:00:00+00:00,102.0625,297.22274999999996
2025-12-17 18:00:00+00:00,89.1725,278.00625
2025-12-17 19:00:00+00:00,84.9,252.28049999999996
2025-12-17 20:00:00+00:00,88.855,227.78825
2025-12-17 21:00:00+00:00,80.7425,197.51675000000003
2025-12-17 22:00:00+00:00,76.6025,148.9235
2025-12-17 23:00:00+00:00,71.6975,101.73995
2025-12-18 00:00:00+00:00,64.8575,74.098275
2025-12-18 01:00:00+00:00,54.575,70.71165000000002
2025-12-18 02:00:00+00:00,42.5375,72.209475
2025-12-18 03:00:00+00:00,36.845,73.00785000000002
2025-12-18 04:00:00+00:00,44.47,75.52275
2025-12-18 05:00:00+00:00,57.9925,85.39597499999999
2025-12-18 06:00:00+00:00,79.35,100.56745000000001
2025-12-18 07:00:00+00:00,88.3725,121.55300000000001
2025-12-18 08:00:00+00:00,91.61500000000001,125.81925
2025-12-18 09:00:00+00:00,94.0,120.0815
2025-12-18 10:00:00+00:00,94.945,107.829
2025-12-18 11:00:00+00:00,86.28,98.005
2025-12-18 12:00:00+00:00,87.62,95.69687499999999
2025-12-18 13:00:00+00:00,93.185,118.99375
2025-12-18 14:00:00+00:00,98.445,135.113
2025-12-18 15:00:00+00:00,94.5275,133.12425
2025-12-18 16:00:00+00:00,91.315,117.56925
2025-12-18 17:00:00+00:00,82.0525,106.9615
2025-12-18 18:00:00+00:00,81.5,84.04842500000001
2025-12-18 19:00:00+00:00,72.32,74.5796
2025-12-18 20:00:00+00:00,53.295,70.86725
2025-12-18 21:00:00+00:00,49.07,62.312975
2025-12-18 22:00:00+00:00,17.837500000000002,56.128249999999994
2025-12-18 23:00:00+00:00,7.585,54.84755
2025-12-19 00:00:00+00:00,4.41,55.479600000000005
2025-12-19 01:00:00+00:00,4.3225,57.436775
2025-12-19 02:00:00+00:00,2.5575,66.609075
2025-12-19 03:00:00+00:00,2.86,75.2759
2025-12-19 04:00:00+00:00,9.1825,93.27285
2025-12-19 05:00:00+00:00,38.7875,135.105
2025-12-19 06:00:00+00:00,75.2675,205.5975
2025-12-19 07:00:00+00:00,89.43,241.94375000000002
2025-12-19 08:00:00+00:00,89.38499999999999,263.09675
2025-12-19 09:00:00+00:00,89.4125,257.85400000000004
2025-12-19 10:00:00+00:00,87.49000000000001,234.9365
2025-12-19 11:00:00+00:00,84.19,210.5255
2025-12-19 12:00:00+00:00,86.07,193.41549999999998
2025-12-19 13:00:00+00:00,90.83500000000001,200.20374999999999
2025-12-19 14:00:00+00:00,94.56,220.86825000000002
2025-12-19 15:00:00+00:00,96.2175,261.0775
2025-12-19 16:00:00+00:00,104.07,268.0210000000001
2025-12-19 17:00:00+00:00,105.20750000000001,270.5945
2025-12-19 18:00:00+00:00,102.9725,274.10699999999997
2025-12-19 19:00:00+00:00,99.8675,271.0165
2025-12-19 20:00:00+00:00,95.0,268.09125
2025-12-19 21:00:00+00:00,93.7225,273.9785
2025-12-19 22:00:00+00:00,90.045,279.92224999999996
2025-12-19 23:00:00+00:00,83.8475,294.2615
2025-12-20 00:00:00+00:00,83.1625,302.157
2025-12-20 01:00:00+00:00,83.82,306.6685
2025-12-20 02:00:00+00:00,84.5225,315.45975
2025-12-20 03:00:00+00:00,84.4875,322.7445
2025-12-20 04:00:00+00:00,85.9075,328.09675
2025-12-20 05:00:00+00:00,91.2575,340.46774999999997
2025-12-20 06:00:00+00:00,99.0875,347.5775
2025-12-20 07:00:00+00:00,104.3625,348.92325
2025-12-20 08:00:00+00:00,109.53,344.52150000000006
2025-12-20 09:00:00+00:00,106.895,324.62175
2025-12-20 10:00:00+00:00,104.0025,303.39074999999997
2025-12-20 11:00:00+00:00,103.0975,306.43325
2025-12-20 12:00:00+00:00,105.16,314.55
2025-12-20 13:00:00+00:00,108.985,322.78950000000003
2025-12-20 14:00:00+00:00,110.63,327.5785
2025-12-20 15:00:00+00:00,112.075,329.574
2025-12-20 16:00:00+00:00,115.265,320.987
2025-12-20 17:00:00+00:00,111.0225,312.152
2025-12-20 18:00:00+00:00,98.5175,300.77824999999996
2025-12-20 19:00:00+00:00,92.1025,293.85325
2025-12-20 20:00:00+00:00,88.7675,282.6035
2025-12-20 21:00:00+00:00,89.0925,275.58525000000003
2025-12-20 22:00:00+00:00,86.69749999999999,272.33
2025-12-20 23:00:00+00:00,88.5725,266.25200000000007
2025-12-21 00:00:00+00:00,84.5625,270.35525
2025-12-21 01:00:00+00:00,80.73,269.401
2025-12-21 02:00:00+00:00,79.13499999999999,270.737
2025-12-21 03:00:00+00:00,79.1325,284.24675
2025-12-21 04:00:00+00:00,79.8775,286.55150000000003
2025-12-21 05:00:00+00:00,81.9125,292.11525
2025-12-21 06:00:00+00:00,86.7925,298.40374999999995
2025-12-21 07:00:00+00:00,96.4075,309.16075
2025-12-21 08:00:00+00:00,100.7075,308.3725
2025-12-21 09:00:00+00:00,96.69,282.73974999999996
2025-12-21 10:00:00+00:00,95.4375,243.38674999999998
2025-12-21 11:00:00+00:00,93.4725,218.771
2025-12-21 12:00:00+00:00,89.6525,212.58925000000002
2025-12-21 13:00:00+00:00,92.8375,221.4925
2025-12-21 14:00:00+00:00,94.8125,256.26349999999996
2025-12-21 15:00:00+00:00,92.5025,285.83324999999996
2025-12-21 16:00:00+00:00,92.965,265.79925
2025-12-21 17:00:00+00:00,89.5725,236.38474999999997
2025-12-21 18:00:00+00:00,85.0,203.18325
2025-12-21 19:00:00+00:00,81.655,167.26675000000003
2025-12-21 20:00:00+00:00,77.8275,126.858
2025-12-21 21:00:00+00:00,75.9925,115.90149999999998
2025-12-21 22:00:00+00:00,70.905,105.942
2025-12-21 23:00:00+00:00,70.22749999999999,103.1855
2025-12-22 00:00:00+00:00,68.825,106.42275
2025-12-22 01:00:00+00:00,67.785,109.43575000000001
2025-12-22 02:00:00+00:00,66.27000000000001,112.47999999999999
2025-12-22 03:00:00+00:00,65.4825,120.16024999999999
2025-12-22 04:00:00+00:00,68.395,126.503
2025-12-22 05:00:00+00:00,74.88,160.81699999999998
2025-12-22 06:00:00+00:00,89.0175,206.96399999999997
2025-12-22 07:00:00+00:00,92.17,243.19674999999998
2025-12-22 08:00:00+00:00,91.0275,245.68099999999998
2025-12-22 09:00:00+00:00,88.9475,219.0915
2025-12-22 10:00:00+00:00,84.9125,211.66075
2025-12-22 11:00:00+00:00,86.8925,208.541
2025-12-22 12:00:00+00:00,88.95,209.324
2025-12-22 13:00:00+00:00,92.0925,222.441
2025-12-22 14:00:00+00:00,98.01,252.28300000000004
2025-12-22 15:00:00+00:00,100.0075,267.2715
2025-12-22 16:00:00+00:00,106.5125,265.79925
2025-12-22 17:00:00+00:00,101.77,261.24150000000003
2025-12-22 18:00:00+00:00,95.2775,259.31925
2025-12-22 19:00:00+00:00,89.255,245.81949999999998
2025-12-22 20:00:00+00:00,84.89750000000001,223.835
2025-12-22 21:00:00+00:00,84.8,187.0185
2025-12-22 22:00:00+00:00,78.2875,155.1465
2025-12-22 23:00:00+00:00,79.6275,130.2535
2025-12-23 00:00:00+00:00,74.21000000000001,108.37124999999999
2025-12-23 01:00:00+00:00,63.91,101.81575000000001
2025-12-23 02:00:00+00:00,59.652499999999996,90.43167499999998
2025-12-23 03:00:00+00:00,58.2375,92.862075
2025-12-23 04:00:00+00:00,58.605,96.5116
2025-12-23 05:00:00+00:00,68.36,103.80149999999999
2025-12-23 06:00:00+00:00,80.3475,114.7425
2025-12-23 07:00:00+00:00,88.0,128.249
2025-12-23 08:00:00+00:00,92.37,127.87925
2025-12-23 09:00:00+00:00,89.9025,126.29099999999998
2025-12-23 10:00:00+00:00,82.5,120.3125
2025-12-23 11:00:00+00:00,81.4875,118.68299999999999
2025-12-23 12:00:00+00:00,79.8125,122.63474999999998
2025-12-23 13:00:00+00:00,79.85249999999999,125.7095
2025-12-23 14:00:00+00:00,82.48750000000001,124.79749999999999
2025-12-23 15:00:00+00:00,89.0,119.065
2025-12-23 16:00:00+00:00,89.9,116.71125
2025-12-23 17:00:00+00:00,83.9575,113.41825
2025-12-23 18:00:00+00:00,82.52,105.03375000000001
2025-12-23 19:00:00+00:00,78.005,95.278675
2025-12-23 20:00:00+00:00,69.93,85.03474999999999
2025-12-23 21:00:00+00:00,71.41,81.2333
2025-12-23 22:00:00+00:00,63.895,78.326875
2025-12-23 23:00:00+00:00,58.667500000000004,70.4485
2025-12-24 00:00:00+00:00,53.120000000000005,68.558425
2025-12-24 01:00:00+00:00,52.105000000000004,69.55412500000001
2025-12-24 02:00:00+00:00,50.15,70.70504999999999
2025-12-24 03:00:00+00:00,49.315,73.48304999999999
2025-12-24 04:00:00+00:00,49.485,80.0568
2025-12-24 05:00:00+00:00,52.9975,88.78172500000001
2025-12-24 06:00:00+00:00,66.495,93.65645
2025-12-24 07:00:00+00:00,81.0,101.176
2025-12-24 08:00:00+00:00,82.47,100.93672500000001
2025-12-24 09:00:00+00:00,74.43,82.58012500000001
2025-12-24 10:00:00+00:00,62.85,67.09335
2025-12-24 11:00:00+00:00,61.2425,59.827775
2025-12-24 12:00:00+00:00,60.6425,55.29407500000001
2025-12-24 13:00:00+00:00,65.825,60.52025
2025-12-24 14:00:00+00:00,75.8125,72.34682500000001
2025-12-24 15:00:00+00:00,86.1625,95.86795000000001
2025-12-24 16:00:00+00:00,89.1225,102.215
2025-12-24 17:00:00+00:00,78.9075,98.4854
2025-12-24 18:00:00+00:00,71.77250000000001,94.7587
2025-12-24 19:00:00+00:00,68.1575,89.21332499999998
2025-12-24 20:00:00+00:00,65.1,87.107825
2025-12-24 21:00:00+00:00,67.2,82.90020000000001
2025-12-24 22:00:00+00:00,62.0675,79.71225
2025-12-24 23:00:00+00:00,58.1925,82.09087500000001
2025-12-25 00:00:00+00:00,52.49,84.18487499999999
2025-12-25 01:00:00+00:00,52.4225,84.99515000000001
2025-12-25 02:00:00+00:00,49.505,84.571525
2025-12-25 03:00:00+00:00,48.0525,85.89382499999999
2025-12-25 04:00:00+00:00,46.8925,90.073525
2025-12-25 05:00:00+00:00,45.0,96.774425
2025-12-25 06:00:00+00:00,50.85,104.63700000000001
2025-12-25 07:00:00+00:00,60.652499999999996,112.759
2025-12-25 08:00:00+00:00,63.745,117.0435
2025-12-25 09:00:00+00:00,50.58,95.73502500000001
2025-12-25 10:00:00+00:00,44.54,82.54557500000001
2025-12-25 11:00:00+00:00,44.9675,76.11832499999998
2025-12-25 12:00:00+00:00,44.19,75.695125
2025-12-25 13:00:00+00:00,61.6475,89.68567499999999
2025-12-25 14:00:00+00:00,83.0025,123.74625
2025-12-25 15:00:00+00:00,88.845,166.8305
2025-12-25 16:00:00+00:00,93.745,175.246
2025-12-25 17:00:00+00:00,94.265,180.72199999999998
2025-12-25 18:00:00+00:00,92.1375,185.70250000000001
2025-12-25 19:00:00+00:00,91.19,186.16725
2025-12-25 20:00:00+00:00,91.9525,189.52825
2025-12-25 21:00:00+00:00,95.0475,195.75375
2025-12-25 22:00:00+00:00,90.9825,204.75199999999998
2025-12-25 23:00:00+00:00,97.1,207.31225
2025-12-26 00:00:00+00:00,91.0525,212.37075
2025-12-26 01:00:00+00:00,85.7025,204.89675000000003
2025-12-26 02:00:00+00:00,82.6575,212.265
2025-12-26 03:00:00+00:00,81.0,216.57075
2025-12-26 04:00:00+00:00,81.505,210.45699999999997
2025-12-26 05:00:00+00:00,84.7175,219.54000000000002
2025-12-26 06:00:00+00:00,92.7875,231.80975
2025-12-26 07:00:00+00:00,98.11500000000001,236.89725
2025-12-26 08:00:00+00:00,96.2875,248.05349999999999
2025-12-26 09:00:00+00:00,89.25,209.938
2025-12-26 10:00:00+00:00,84.9925,178.4865
2025-12-26 11:00:00+00:00,82.3125,170.79075
2025-12-26 12:00:00+00:00,82.7525,174.21150000000003
2025-12-26 13:00:00+00:00,90.6475,183.50375
2025-12-26 14:00:00+00:00,105.2775,206.9065
2025-12-26 15:00:00+00:00,112.35,249.665
2025-12-26 16:00:00+00:00,116.59,248.89575000000002
2025-12-26 17:00:00+00:00,114.41749999999999,252.10875
2025-12-26 18:00:00+00:00,113.76249999999999,258.18675
2025-12-26 19:00:00+00:00,110.695,268.8365
2025-12-26 20:00:00+00:00,108.66499999999999,268.5085
2025-12-26 21:00:00+00:00,106.2575,264.39425
2025-12-26 22:00:00+00:00,98.1425,266.36825
2025-12-26 23:00:00+00:00,95.97749999999999,262.143
2025-12-27 00:00:00+00:00,91.16,253.914
2025-12-27 01:00:00+00:00,84.0325,245.598
2025-12-27 02:00:00+00:00,80.87,243.59175
2025-12-27 03:00:00+00:00,81.6225,243.80425
2025-12-27 04:00:00+00:00,80.9725,245.1795
2025-12-27 05:00:00+00:00,85.035,236.13675
2025-12-27 06:00:00+00:00,95.2575,238.86475000000002
2025-12-27 07:00:00+00:00,99.8725,230.7965
2025-12-27 08:00:00+00:00,92.9475,227.66
2025-12-27 09:00:00+00:00,79.6325,209.14950000000002
2025-12-27 10:00:00+00:00,74.695,186.66325
2025-12-27 11:00:00+00:00,74.17,178.3105
2025-12-27 12:00:00+00:00,81.3075,188.33875
2025-12-27 13:00:00+00:00,86.565,196.3115
2025-12-27 14:00:00+00:00,90.91,225.22825
2025-12-27 15:00:00+00:00,99.9,245.46025
2025-12-27 16:00:00+00:00,103.6925,248.009
2025-12-27 17:00:00+00:00,106.5225,254.14325
2025-12-27 18:00:00+00:00,104.0475,260.17049999999995
2025-12-27 19:00:00+00:00,100.9125,263.38724999999994
2025-12-27 20:00:00+00:00,92.8,258.27875
2025-12-27 21:00:00+00:00,94.1125,255.5185
2025-12-27 22:00:00+00:00,89.89999999999999,257.52750000000003
2025-12-27 23:00:00+00:00,84.52,259.916
2025-12-28 00:00:00+00:00,83.4775,252.94099999999997
2025-12-28 01:00:00+00:00,79.66,241.01349999999996
2025-12-28 02:00:00+00:00,77.825,246.5635
2025-12-28 03:00:00+00:00,78.565,265.9845
2025-12-28 04:00:00+00:00,81.4875,286.43399999999997
2025-12-28 05:00:00+00:00,84.48,293.7255
2025-12-28 06:00:00+00:00,89.275,299.6295
2025-12-28 07:00:00+00:00,95.0,308.5895
2025-12-28 08:00:00+00:00,94.42,299.68925
2025-12-28 09:00:00+00:00,88.805,243.66074999999998
2025-12-28 10:00:00+00:00,88.3675,205.26749999999998
2025-12-28 11:00:00+00:00,80.0225,185.04949999999997
2025-12-28 12:00:00+00:00,80.025,179.5705
2025-12-28 13:00:00+00:00,85.6625,200.32224999999997
2025-12-28 14:00:00+00:00,98.3425,239.8405
2025-12-28 15:00:00+00:00,108.22,302.543
2025-12-28 16:00:00+00:00,111.6075,318.49950000000007
2025-12-28 17:00:00+00:00,115.0,321.4325
2025-12-28 18:00:00+00:00,113.8125,320.60949999999997
2025-12-28 19:00:00+00:00,105.00999999999999,324.38575000000003
2025-12-28 20:00:00+00:00,99.0275,322.4545
2025-12-28 21:00:00+00:00,98.2825,316.24275
2025-12-28 22:00:00+00:00,98.07,303.59749999999997
2025-12-28 23:00:00+00:00,92.53,298.21875
2025-12-29 00:00:00+00:00,94.1525,292.38424999999995
2025-12-29 01:00:00+00:00,86.2175,287.62075
2025-12-29 02:00:00+00:00,82.19,281.6945
2025-12-29 03:00:00+00:00,83.6375,276.10325
2025-12-29 04:00:00+00:00,90.7925,277.586
2025-12-29 05:00:00+00:00,96.3325,275.69699999999995
2025-12-29 06:00:00+00:00,104.6875,287.87449999999995
2025-12-29 07:00:00+00:00,113.8775,297.433
2025-12-29 08:00:00+00:00,110.995,298.40524999999997
2025-12-29 09:00:00+00:00,104.0,292.53675
2025-12-29 10:00:00+00:00,97.36500000000001,283.11175
2025-12-29 11:00:00+00:00,96.7725,273.9415
2025-12-29 12:00:00+00:00,95.5925,262.096
2025-12-29 13:00:00+00:00,96.14,251.99725
2025-12-29 14:00:00+00:00,102.445,258.67275
2025-12-29 15:00:00+00:00,106.9975,264.9995
2025-12-29 16:00:00+00:00,106.87,264.65325
2025-12-29 17:00:00+00:00,104.175,260.87775
2025-12-29 18:00:00+00:00,96.5,253.48274999999998
2025-12-29 19:00:00+00:00,91.3225,238.00525
2025-12-29 20:00:00+00:00,84.19,217.29025
2025-12-29 21:00:00+00:00,88.2,212.10975
2025-12-29 22:00:00+00:00,83.39,200.363
2025-12-29 23:00:00+00:00,77.9775,191.04225
2025-12-30 00:00:00+00:00,73.4,189.9085
2025-12-30 01:00:00+00:00,72.1825,189.5615
2025-12-30 02:00:00+00:00,69.5575,177.37224999999998
2025-12-30 03:00:00+00:00,68.845,186.57475000000002
2025-12-30 04:00:00+00:00,72.295,195.04
2025-12-30 05:00:00+00:00,80.1925,208.07875
2025-12-30 06:00:00+00:00,88.07,224.52824999999999
2025-12-30 07:00:00+00:00,94.8775,233.1355
2025-12-30 08:00:00+00:00,94.3925,234.04825000000002
2025-12-30 09:00:00+00:00,85.82,188.10125
2025-12-30 10:00:00+00:00,79.38,169.81600000000003
2025-12-30 11:00:00+00:00,76.155,150.0455
2025-12-30 12:00:00+00:00,76.21000000000001,145.03525
2025-12-30 13:00:00+00:00,86.53,190.09924999999998
2025-12-30 14:00:00+00:00,98.36,227.65725
2025-12-30 15:00:00+00:00,105.8975,287.65774999999996
2025-12-30 16:00:00+00:00,109.0775,292.5665
2025-12-30 17:00:00+00:00,108.5,291.60525
2025-12-30 18:00:00+00:00,105.6425,293.48275
2025-12-30 19:00:00+00:00,100.645,293.4995
2025-12-30 20:00:00+00:00,92.995,299.448
2025-12-30 21:00:00+00:00,92.06,298.73875
2025-12-30 22:00:00+00:00,85.8075,291.372
2025-12-30 23:00:00+00:00,88.1025,279.34325000000007
2025-12-31 00:00:00+00:00,84.3575,275.54100000000005
2025-12-31 01:00:00+00:00,80.2125,269.56675
2025-12-31 02:00:00+00:00,76.58,256.244
2025-12-31 03:00:00+00:00,74.9325,239.01475
2025-12-31 04:00:00+00:00,77.3775,234.60999999999999
2025-12-31 05:00:00+00:00,82.00999999999999,237.65449999999998
2025-12-31 06:00:00+00:00,85.3225,231.71550000000002
2025-12-31 07:00:00+00:00,95.805,217.80425000000002
2025-12-31 08:00:00+00:00,100.61500000000001,208.38750000000002
2025-12-31 09:00:00+00:00,90.5225,172.49375
2025-12-31 10:00:00+00:00,83.48,153.52550000000002
2025-12-31 11:00:00+00:00,83.0475,132.87199999999999
2025-12-31 12:00:00+00:00,85.17,139.35799999999998
2025-12-31 13:00:00+00:00,85.805,157.54125
2025-12-31 14:00:00+00:00,92.2375,171.61900000000003
2025-12-31 15:00:00+00:00,102.16499999999999,196.085
2025-12-31 16:00:00+00:00,110.7375,207.83374999999998
2025-12-31 17:00:00+00:00,107.5275,204.769
2025-12-31 18:00:00+00:00,96.02,190.93975000000003
2025-12-31 19:00:00+00:00,82.9975,176.63675
2025-12-31 20:00:00+00:00,79.35249999999999,154.66599999999997
2025-12-31 21:00:00+00:00,82.0475,124.64725
2025-12-31 22:00:00+00:00,72.6075,113.30575
2025-12-31 23:00:00+00:00,63.442499999999995,91.38927500000001
2026-01-01 00:00:00+00:00,64.9625,78.133725
2026-01-01 01:00:00+00:00,55.292500000000004,70.24765
2026-01-01 02:00:00+00:00,40.455,68.69910000000002
2026-01-01 03:00:00+00:00,24.925,64.59577499999999
2026-01-01 04:00:00+00:00,19.065,66.9752
2026-01-01 05:00:00+00:00,5.99,69.60092499999999
2026-01-01 06:00:00+00:00,15.0,70.87642500000001
2026-01-01 07:00:00+00:00,21.095,72.99865000000001
2026-01-01 08:00:00+00:00,30.4,76.195
2026-01-01 09:00:00+00:00,27.814999999999998,77.3002
2026-01-01 10:00:00+00:00,35.0,76.2255
2026-01-01 11:00:00+00:00,51.3425,73.6743
2026-01-01 12:00:00+00:00,43.47,73.65885
2026-01-01 13:00:00+00:00,37.805,73.9012
2026-01-01 14:00:00+00:00,54.802499999999995,77.817975
2026-01-01 15:00:00+00:00,69.7675,87.96395
2026-01-01 16:00:00+00:00,85.5975,94.48775
2026-01-01 17:00:00+00:00,77.96,94.2639
2026-01-01 18:00:00+00:00,73.8,92.45210000000002
2026-01-01 19:00:00+00:00,67.57249999999999,86.45205
2026-01-01 20:00:00+00:00,61.199999999999996,86.1309
2026-01-01 21:00:00+00:00,61.805,82.09255
2026-01-01 22:00:00+00:00,47.7875,74.948725
2026-01-01 23:00:00+00:00,28.1,70.29135000000001
2026-01-02 00:00:00+00:00,16.625,69.10145
2026-01-02 01:00:00+00:00,14.995000000000001,71.27714999999999
2026-01-02 02:00:00+00:00,8.817499999999999,75.44255
2026-01-02 03:00:00+00:00,10.0025,77.21075
2026-01-02 04:00:00+00:00,15.555,82.376775
2026-01-02 05:00:00+00:00,29.845,97.22130000000001
2026-01-02 06:00:00+00:00,53.705,117.9375
2026-01-02 07:00:00+00:00,77.065,125.8125
2026-01-02 08:00:00+00:00,92.0,130.64475000000002
2026-01-02 09:00:00+00:00,71.0025,118.59450000000001
2026-01-02 10:00:00+00:00,67.21000000000001,113.51899999999999
2026-01-02 11:00:00+00:00,58.0025,114.83
2026-01-02 12:00:00+00:00,68.535,134.8295
2026-01-02 13:00:00+00:00,72.0575,147.53850000000003
2026-01-02 14:00:00+00:00,80.52250000000001,153.319
2026-01-02 15:00:00+00:00,86.0775,160.13
2026-01-02 16:00:00+00:00,108.085,158.782
2026-01-02 17:00:00+00:00,111.1025,153.23425
2026-01-02 18:00:00+00:00,104.1,151.91375000000002
2026-01-02 19:00:00+00:00,90.705,142.92925
2026-01-02 20:00:00+00:00,84.6525,137.48725000000002
2026-01-02 21:00:00+00:00,86.12,132.0525
2026-01-02 22:00:00+00:00,81.8575,135.748
2026-01-02 23:00:00+00:00,80.9,144.82850000000002
2026-01-03 00:00:00+00:00,78.3825,139.35049999999998
2026-01-03 01:00:00+00:00,75.97,128.7045
2026-01-03 02:00:00+00:00,75.0025,115.75774999999999
2026-01-03 03:00:00+00:00,73.195,124.6715
2026-01-03 04:00:00+00:00,75.0375,128.5855
2026-01-03 05:00:00+00:00,76.0725,135.89625
2026-01-03 06:00:00+00:00,79.375,150.30675
2026-01-03 07:00:00+00:00,90.69,176.20299999999997
2026-01-03 08:00:00+00:00,94.09,192.89075
2026-01-03 09:00:00+00:00,93.31,188.64124999999999
2026-01-03 10:00:00+00:00,88.7075,179.592
2026-01-03 11:00:00+00:00,87.4125,179.853
2026-01-03 12:00:00+00:00,86.60499999999999,185.712
2026-01-03 13:00:00+00:00,89.6825,199.007
2026-01-03 14:00:00+00:00,94.4575,194.32075
2026-01-03 15:00:00+00:00,99.29249999999999,209.65475
2026-01-03 16:00:00+00:00,109.5625,207.21425
2026-01-03 17:00:00+00:00,110.6775,202.2315
2026-01-03 18:00:00+00:00,104.23,204.6245
2026-01-03 19:00:00+00:00,96.67750000000001,210.58575000000002
2026-01-03 20:00:00+00:00,90.4,217.75975000000003
2026-01-03 21:00:00+00:00,90.4275,218.71875
2026-01-03 22:00:00+00:00,86.015,214.36075
2026-01-03 23:00:00+00:00,88.8225,202.05724999999998
2026-01-04 00:00:00+00:00,85.33,182.43800000000002
2026-01-04 01:00:00+00:00,85.0425,180.46374999999998
2026-01-04 02:00:00+00:00,83.745,183.30825000000002
2026-01-04 03:00:00+00:00,82.5575,182.63225000000003
2026-01-04 04:00:00+00:00,83.4075,182.42175
2026-01-04 05:00:00+00:00,83.8,181.08825000000002
2026-01-04 06:00:00+00:00,86.4975,191.7315
2026-01-04 07:00:00+00:00,88.1325,209.62575
2026-01-04 08:00:00+00:00,94.3,217.46950000000004
2026-01-04 09:00:00+00:00,94.755,210.46024999999997
2026-01-04 10:00:00+00:00,90.8775,202.30175
2026-01-04 11:00:00+00:00,89.5425,193.42299999999997
2026-01-04 12:00:00+00:00,86.7775,185.49875
2026-01-04 13:00:00+00:00,91.825,200.873
2026-01-04 14:00:00+00:00,92.92,214.41500000000002
2026-01-04 15:00:00+00:00,99.22749999999999,237.3105
2026-01-04 16:00:00+00:00,118.425,257.461
2026-01-04 17:00:00+00:00,121.18,263.74025
2026-01-04 18:00:00+00:00,119.715,266.3245
2026-01-04 19:00:00+00:00,112.45,270.74199999999996
2026-01-04 20:00:00+00:00,99.6875,273.40299999999996
2026-01-04 21:00:00+00:00,95.61,276.28475
2026-01-04 22:00:00+00:00,89.21000000000001,278.44925
2026-01-04 23:00:00+00:00,92.4525,267.1085
2026-01-05 00:00:00+00:00,88.8475,269.47225000000003
2026-01-05 01:00:00+00:00,86.5075,276.97825
2026-01-05 02:00:00+00:00,86.3125,279.55225
2026-01-05 03:00:00+00:00,87.495,278.33075
2026-01-05 04:00:00+00:00,90.8575,291.43725
2026-01-05 05:00:00+00:00,109.0225,299.80899999999997
2026-01-05 06:00:00+00:00,129.3125,301.9215
2026-01-05 07:00:00+00:00,151.175,299.19374999999997
2026-01-05 08:00:00+00:00,152.15,292.9485
2026-01-05 09:00:00+00:00,144.3,276.813
2026-01-05 10:00:00+00:00,135.195,273.35175
2026-01-05 11:00:00+00:00,132.54500000000002,273.95975000000004
2026-01-05 12:00:00+00:00,131.66,264.48775
2026-01-05 13:00:00+00:00,136.605,270.0195
2026-01-05 14:00:00+00:00,147.01749999999998,284.54999999999995
2026-01-05 15:00:00+00:00,176.0,311.026
2026-01-05 16:00:00+00:00,221.0975,325.84125
2026-01-05 17:00:00+00:00,213.585,316.46075
2026-01-05 18:00:00+00:00,182.8,316.42549999999994
2026-01-05 19:00:00+00:00,147.0325,303.36675
2026-01-05 20:00:00+00:00,129.1025,299.7695
2026-01-05 21:00:00+00:00,123.85000000000001,294.784
2026-01-05 22:00:00+00:00,111.3,295.646
2026-01-05 23:00:00+00:00,104.695,307.62274999999994
2026-01-06 00:00:00+00:00,104.6,321.8705
2026-01-06 01:00:00+00:00,101.545,333.14675
2026-01-06 02:00:00+00:00,100.0875,340.254
2026-01-06 03:00:00+00:00,102.4525,349.20875
2026-01-06 04:00:00+00:00,107.0,349.61
2026-01-06 05:00:00+00:00,121.2875,346.71350000000007
2026-01-06 06:00:00+00:00,138.4975,341.94925
2026-01-06 07:00:00+00:00,164.185,346.19449999999995
2026-01-06 08:00:00+00:00,168.82,341.09125
2026-01-06 09:00:00+00:00,154.8425,318.7575
2026-01-06 10:00:00+00:00,147.265,306.423
2026-01-06 11:00:00+00:00,133.84,277.89375
2026-01-06 12:00:00+00:00,125.725,275.8175
2026-01-06 13:00:00+00:00,125.32,271.86325
2026-01-06 14:00:00+00:00,133.7975,277.83825
2026-01-06 15:00:00+00:00,144.9675,304.50725
2026-01-06 16:00:00+00:00,152.9925,316.851
2026-01-06 17:00:00+00:00,148.26749999999998,309.94025000000005
2026-01-06 18:00:00+00:00,139.1175,303.66175
2026-01-06 19:00:00+00:00,121.5975,289.53000000000003
2026-01-06 20:00:00+00:00,86.81,273.40225
2026-01-06 21:00:00+00:00,87.19,247.3615
2026-01-06 22:00:00+00:00,77.2875,217.331
2026-01-06 23:00:00+00:00,88.1725,196.00275000000002
2026-01-07 00:00:00+00:00,82.78999999999999,178.48550000000003
2026-01-07 01:00:00+00:00,79.58749999999999,180.03875
2026-01-07 02:00:00+00:00,79.0175,174.504
2026-01-07 03:00:00+00:00,77.6275,178.50475000000003
2026-01-07 04:00:00+00:00,78.575,178.86925
2026-01-07 05:00:00+00:00,89.5425,194.745
2026-01-07 06:00:00+00:00,94.4575,220.39724999999999
2026-01-07 07:00:00+00:00,104.77000000000001,219.87224999999998
2026-01-07 08:00:00+00:00,111.2325,222.00375
2026-01-07 09:00:00+00:00,107.69749999999999,221.34325
2026-01-07 10:00:00+00:00,99.1725,216.999
2026-01-07 11:00:00+00:00,95.3775,209.44075
2026-01-07 12:00:00+00:00,91.5875,208.54725
2026-01-07 13:00:00+00:00,94.035,208.364
2026-01-07 14:00:00+00:00,100.395,214.35125
2026-01-07 15:00:00+00:00,111.72999999999999,225.28425000000001
2026-01-07 16:00:00+00:00,124.255,226.0265
2026-01-07 17:00:00+00:00,111.455,221.13649999999998
2026-01-07 18:00:00+00:00,96.85,222.01674999999997
2026-01-07 19:00:00+00:00,90.62,221.35075
2026-01-07 20:00:00+00:00,92.75,222.3145
2026-01-07 21:00:00+00:00,90.98,218.06824999999998
2026-01-07 22:00:00+00:00,87.3275,215.96300000000002
2026-01-07 23:00:00+00:00,83.505,236.82425
2026-01-08 00:00:00+00:00,82.38,243.40974999999997
2026-01-08 01:00:00+00:00,84.52250000000001,254.53525
2026-01-08 02:00:00+00:00,82.4725,264.409
2026-01-08 03:00:00+00:00,85.0575,276.08574999999996
2026-01-08 04:00:00+00:00,87.1575,295.0325
2026-01-08 05:00:00+00:00,96.69,320.57199999999995
2026-01-08 06:00:00+00:00,124.69,331.1225
2026-01-08 07:00:00+00:00,167.815,336.87725
2026-01-08 08:00:00+00:00,191.9025,340.95175
2026-01-08 09:00:00+00:00,205.64999999999998,335.3035
2026-01-08 10:00:00+00:00,207.8,322.89625
2026-01-08 11:00:00+00:00,214.435,314.83125
2026-01-08 12:00:00+00:00,225.0,327.95300000000003
2026-01-08 13:00:00+00:00,249.0075,341.77275000000003
2026-01-08 14:00:00+00:00,247.355,358.18475000000007
2026-01-08 15:00:00+00:00,248.26,369.0695
2026-01-08 16:00:00+00:00,225.0,359.85925000000003
2026-01-08 17:00:00+00:00,194.115,343.6365
2026-01-08 18:00:00+00:00,135.715,327.321
2026-01-08 19:00:00+00:00,99.145,309.50350000000003
2026-01-08 20:00:00+00:00,91.2975,261.1475
2026-01-08 21:00:00+00:00,88.3675,193.64900000000003
2026-01-08 22:00:00+00:00,78.265,158.2345
2026-01-08 23:00:00+00:00,78.8775,124.72949999999999
2026-01-09 00:00:00+00:00,70.6675,125.84575000000001
2026-01-09 01:00:00+00:00,54.055,120.765
2026-01-09 02:00:00+00:00,46.5775,117.6935
2026-01-09 03:00:00+00:00,47.845,116.01700000000001
2026-01-09 04:00:00+00:00,57.662499999999994,119.11825
2026-01-09 05:00:00+00:00,77.72,136.5995
2026-01-09 06:00:00+00:00,89.19,182.80974999999998
2026-01-09 07:00:00+00:00,92.62,211.92125000000001
2026-01-09 08:00:00+00:00,92.28,225.27575000000002
2026-01-09 09:00:00+00:00,103.0575,229.9705
2026-01-09 10:00:00+00:00,103.4075,219.89675
2026-01-09 11:00:00+00:00,95.5925,205.1455
2026-01-09 12:00:00+00:00,93.75999999999999,195.8735
2026-01-09 13:00:00+00:00,94.0375,196.65849999999998
2026-01-09 14:00:00+00:00,90.96000000000001,205.737
2026-01-09 15:00:00+00:00,91.575,216.56025
2026-01-09 16:00:00+00:00,94.0,226.13824999999997
2026-01-09 17:00:00+00:00,91.8775,220.87900000000002
2026-01-09 18:00:00+00:00,87.52250000000001,198.59650000000002
2026-01-09 19:00:00+00:00,85.2,184.4125
2026-01-09 20:00:00+00:00,85.6,164.37924999999998
2026-01-09 21:00:00+00:00,85.0,151.85125
2026-01-09 22:00:00+00:00,78.2275,148.16425
2026-01-09 23:00:00+00:00,75.16499999999999,143.71325000000002
2026-01-10 00:00:00+00:00,69.84,140.2545
2026-01-10 01:00:00+00:00,66.2375,141.65349999999998
2026-01-10 02:00:00+00:00,66.535,140.40775
2026-01-10 03:00:00+00:00,66.5125,142.66574999999997
2026-01-10 04:00:00+00:00,68.9775,145.09074999999999
2026-01-10 05:00:00+00:00,71.63,148.47975000000002
2026-01-10 06:00:00+00:00,78.0,155.84374999999997
2026-01-10 07:00:00+00:00,86.0525,187.23925
2026-01-10 08:00:00+00:00,91.0925,210.04275
2026-01-10 09:00:00+00:00,93.105,212.69325
2026-01-10 10:00:00+00:00,95.00999999999999,210.958
2026-01-10 11:00:00+00:00,95.9925,217.98325
2026-01-10 12:00:00+00:00,98.35,224.0425
2026-01-10 13:00:00+00:00,104.3675,241.98225000000002
2026-01-10 14:00:00+00:00,110.9025,277.26025
2026-01-10 15:00:00+00:00,120.715,309.0415
2026-01-10 16:00:00+00:00,132.655,328.06925
2026-01-10 17:00:00+00:00,133.95000000000002,331.46775
2026-01-10 18:00:00+00:00,128.0025,340.15299999999996
2026-01-10 19:00:00+00:00,119.19,345.84349999999995
2026-01-10 20:00:00+00:00,111.2075,353.62475
2026-01-10 21:00:00+00:00,106.5275,361.607
2026-01-10 22:00:00+00:00,98.1975,367.79300000000006
2026-01-10 23:00:00+00:00,96.9025,364.21175
2026-01-11 00:00:00+00:00,92.7475,361.2915
2026-01-11 01:00:00+00:00,88.035,360.3085
2026-01-11 02:00:00+00:00,84.86,353.918
2026-01-11 03:00:00+00:00,82.68,343.06225
2026-01-11 04:00:00+00:00,82.255,338.60075
2026-01-11 05:00:00+00:00,81.6025,338.961
2026-01-11 06:00:00+00:00,84.25999999999999,336.751
2026-01-11 07:00:00+00:00,91.84,341.52525
2026-01-11 08:00:00+00:00,100.8725,310.08874999999995
2026-01-11 09:00:00+00:00,98.30250000000001,275.54375
2026-01-11 10:00:00+00:00,97.67500000000001,270.95675
2026-01-11 11:00:00+00:00,96.365,242.63774999999998
2026-01-11 12:00:00+00:00,94.3975,236.28125
2026-01-11 13:00:00+00:00,95.625,247.327
2026-01-11 14:00:00+00:00,97.875,262.3035
2026-01-11 15:00:00+00:00,107.695,271.01599999999996
2026-01-11 16:00:00+00:00,112.5125,268.44124999999997
2026-01-11 17:00:00+00:00,98.5325,262.3055
2026-01-11 18:00:00+00:00,91.235,246.58425
2026-01-11 19:00:00+00:00,90.03,229.36624999999998
2026-01-11 20:00:00+00:00,88.4,208.44299999999998
2026-01-11 21:00:00+00:00,91.18,188.8545
2026-01-11 22:00:00+00:00,78.9975,164.94675
2026-01-11 23:00:00+00:00,77.22749999999999,153.488
2026-01-12 00:00:00+00:00,77.965,149.711
2026-01-12 01:00:00+00:00,77.685,148.97024999999996
2026-01-12 02:00:00+00:00,71.105,147.448
2026-01-12 03:00:00+00:00,72.9225,151.865
2026-01-12 04:00:00+00:00,74.875,161.47099999999998
2026-01-12 05:00:00+00:00,81.0625,184.91349999999997
2026-01-12 06:00:00+00:00,87.4075,220.49650000000003
2026-01-12 07:00:00+00:00,98.11,247.78100000000003
2026-01-12 08:00:00+00:00,90.86,258.271
2026-01-12 09:00:00+00:00,93.53,254.73325000000003
2026-01-12 10:00:00+00:00,94.985,256.03625
2026-01-12 11:00:00+00:00,92.415,255.11674999999994
2026-01-12 12:00:00+00:00,91.98750000000001,258.17500000000007
2026-01-12 13:00:00+00:00,93.97,265.91949999999997
2026-01-12 14:00:00+00:00,87.5325,278.4645
2026-01-12 15:00:00+00:00,92.0,291.40475
2026-01-12 16:00:00+00:00,102.9525,298.19174999999996
2026-01-12 17:00:00+00:00,110.92750000000001,301.48175
2026-01-12 18:00:00+00:00,101.71,299.97275
2026-01-12 19:00:00+00:00,93.6775,288.24025
2026-01-12 20:00:00+00:00,91.555,259.25375
2026-01-12 21:00:00+00:00,89.9975,237.35225
2026-01-12 22:00:00+00:00,84.5875,225.62849999999997
2026-01-12 23:00:00+00:00,79.1,222.821
2026-01-13 00:00:00+00:00,80.2825,226.60549999999998
2026-01-13 01:00:00+00:00,80.5,231.21024999999997
2026-01-13 02:00:00+00:00,79.55250000000001,235.67149999999998
2026-01-13 03:00:00+00:00,81.1525,247.30125
2026-01-13 04:00:00+00:00,82.515,264.045
2026-01-13 05:00:00+00:00,90.0,304.23049999999995
2026-01-13 06:00:00+00:00,99.11,332.6145
2026-01-13 07:00:00+00:00,119.0325,346.91925000000003
2026-01-13 08:00:00+00:00,130.3825,344.5385
2026-01-13 09:00:00+00:00,128.4675,330.33525
2026-01-13 10:00:00+00:00,121.13,309.07975
2026-01-13 11:00:00+00:00,113.84,284.09275
2026-01-13 12:00:00+00:00,110.7225,280.9705
2026-01-13 13:00:00+00:00,105.8575,285.207
2026-01-13 14:00:00+00:00,101.8275,291.02399999999994
2026-01-13 15:00:00+00:00,108.5,297.51125
2026-01-13 16:00:00+00:00,107.66,292.568
2026-01-13 17:00:00+00:00,97.89750000000001,286.008
2026-01-13 18:00:00+00:00,90.2925,269.4495
2026-01-13 19:00:00+00:00,87.6525,248.6035
2026-01-13 20:00:00+00:00,89.14250000000001,215.82725000000002
2026-01-13 21:00:00+00:00,89.295,193.18
2026-01-13 22:00:00+00:00,82.405,198.11800000000002
2026-01-13 23:00:00+00:00,85.5625,233.05399999999997
2026-01-14 00:00:00+00:00,84.295,269.65099999999995
2026-01-14 01:00:00+00:00,85.8825,271.6655
2026-01-14 02:00:00+00:00,86.17,280.7675
2026-01-14 03:00:00+00:00,87.645,290.73375
2026-01-14 04:00:00+00:00,89.655,314.23249999999996
2026-01-14 05:00:00+00:00,93.215,343.81624999999997
2026-01-14 06:00:00+00:00,104.65,369.65049999999997
2026-01-14 07:00:00+00:00,127.87,382.21375
2026-01-14 08:00:00+00:00,130.2925,378.16499999999996
2026-01-14 09:00:00+00:00,114.88,320.91575
2026-01-14 10:00:00+00:00,103.33,284.21750000000003
2026-01-14 11:00:00+00:00,97.9975,267.70574999999997
2026-01-14 12:00:00+00:00,100.2825,267.98575
2026-01-14 13:00:00+00:00,114.215,269.98725
2026-01-14 14:00:00+00:00,138.32999999999998,302.97275
2026-01-14 15:00:00+00:00,147.8525,363.07099999999997
2026-01-14 16:00:00+00:00,193.20499999999998,384.98849999999993
2026-01-14 17:00:00+00:00,180.95749999999998,384.06649999999996
2026-01-14 18:00:00+00:00,158.07,380.344
2026-01-14 19:00:00+00:00,129.59,375.0945
2026-01-14 20:00:00+00:00,99.8,364.11375000000004
2026-01-14 21:00:00+00:00,92.4075,348.7939999999999
2026-01-14 22:00:00+00:00,92.0,325.658
2026-01-14 23:00:00+00:00,97.9425,300.13325000000003
2026-01-15 00:00:00+00:00,92.975,250.1905
2026-01-15 01:00:00+00:00,87.9325,215.46800000000002
2026-01-15 02:00:00+00:00,82.78999999999999,200.28725
2026-01-15 03:00:00+00:00,80.49000000000001,194.24175
2026-01-15 04:00:00+00:00,81.185,197.0085
2026-01-15 05:00:00+00:00,89.83250000000001,223.152
2026-01-15 06:00:00+00:00,96.54249999999999,264.568
2026-01-15 07:00:00+00:00,95.9975,283.75624999999997
2026-01-15 08:00:00+00:00,101.2425,289.111
2026-01-15 09:00:00+00:00,98.0825,292.492
2026-01-15 10:00:00+00:00,95.6775,285.02275
2026-01-15 11:00:00+00:00,94.10249999999999,269.5115
2026-01-15 12:00:00+00:00,97.4675,270.38725
2026-01-15 13:00:00+00:00,102.2575,271.1125
2026-01-15 14:00:00+00:00,117.4125,281.67075
2026-01-15 15:00:00+00:00,130.485,284.38925
2026-01-15 16:00:00+00:00,137.82,292.21075
2026-01-15 17:00:00+00:00,110.0275,291.011
2026-01-15 18:00:00+00:00,98.9975,264.07599999999996
2026-01-15 19:00:00+00:00,93.755,214.08175
2026-01-15 20:00:00+00:00,90.035,173.2285
2026-01-15 21:00:00+00:00,88.1875,152.73700000000002
2026-01-15 22:00:00+00:00,81.155,130.88224999999997
2026-01-15 23:00:00+00:00,80.955,118.83425
2026-01-16 00:00:00+00:00,75.0,113.06125
2026-01-16 01:00:00+00:00,70.52,107.61274999999999
2026-01-16 02:00:00+00:00,67.23,109.2495
2026-01-16 03:00:00+00:00,70.8075,107.93024999999999
2026-01-16 04:00:00+00:00,81.2375,117.38300000000001
2026-01-16 05:00:00+00:00,90.7225,143.83200000000002
2026-01-16 06:00:00+00:00,98.6,205.94174999999998
2026-01-16 07:00:00+00:00,105.2,261.02725
2026-01-16 08:00:00+00:00,113.4425,287.9395
2026-01-16 09:00:00+00:00,104.19,299.189
2026-01-16 10:00:00+00:00,93.6525,290.362
2026-01-16 11:00:00+00:00,94.6725,277.667
2026-01-16 12:00:00+00:00,94.53,274.8165
2026-01-16 13:00:00+00:00,106.8025,294.70375
2026-01-16 14:00:00+00:00,128.66,325.8635
2026-01-16 15:00:00+00:00,157.4325,363.448
2026-01-16 16:00:00+00:00,166.825,381.41175
2026-01-16 17:00:00+00:00,161.10999999999999,383.65825
2026-01-16 18:00:00+00:00,153.21,385.73875000000004
2026-01-16 19:00:00+00:00,133.0,386.51825
2026-01-16 20:00:00+00:00,116.59,382.54675000000003
2026-01-16 21:00:00+00:00,116.05,377.49325
2026-01-16 22:00:00+00:00,102.6225,384.21099999999996
2026-01-16 23:00:00+00:00,104.5025,389.736
2026-01-17 00:00:00+00:00,101.245,387.54925
2026-01-17 01:00:00+00:00,98.14750000000001,385.57699999999994
2026-01-17 02:00:00+00:00,96.0,390.41349999999994
2026-01-17 03:00:00+00:00,94.74000000000001,376.22225
2026-01-17 04:00:00+00:00,94.3725,372.97724999999997
2026-01-17 05:00:00+00:00,94.25,368.6795
2026-01-17 06:00:00+00:00,96.24000000000001,359.44025
2026-01-17 07:00:00+00:00,104.25,364.61975
2026-01-17 08:00:00+00:00,114.3175,359.78475
2026-01-17 09:00:00+00:00,110.26,331.24899999999997
2026-01-17 10:00:00+00:00,98.5675,298.38699999999994
2026-01-17 11:00:00+00:00,102.855,274.25225
2026-01-17 12:00:00+00:00,102.7225,279.19950000000006
2026-01-17 13:00:00+00:00,107.57,307.916
2026-01-17 14:00:00+00:00,122.4075,335.397
2026-01-17 15:00:00+00:00,134.085,382.0585
2026-01-17 16:00:00+00:00,140.1875,395.78475000000003
2026-01-17 17:00:00+00:00,142.84750000000003,392.30600000000004
2026-01-17 18:00:00+00:00,138.5875,388.66575
2026-01-17 19:00:00+00:00,119.55000000000001,388.55150000000003
2026-01-17 20:00:00+00:00,107.625,386.918
2026-01-17 21:00:00+00:00,108.9925,384.74425
2026-01-17 22:00:00+00:00,107.0225,381.9105
2026-01-17 23:00:00+00:00,110.715,385.23650000000004
2026-01-18 00:00:00+00:00,109.19,392.26975
2026-01-18 01:00:00+00:00,107.39,388.395
2026-01-18 02:00:00+00:00,102.53999999999999,383.1445
2026-01-18 03:00:00+00:00,102.235,381.88025000000005
2026-01-18 04:00:00+00:00,102.08,376.46200000000005
2026-01-18 05:00:00+00:00,101.0475,371.93375000000003
2026-01-18 06:00:00+00:00,100.3225,362.03799999999995
2026-01-18 07:00:00+00:00,105.435,365.77625
2026-01-18 08:00:00+00:00,107.4075,354.13174999999995
2026-01-18 09:00:00+00:00,101.91,315.36549999999994
2026-01-18 10:00:00+00:00,98.4425,293.0005
2026-01-18 11:00:00+00:00,96.855,285.246
2026-01-18 12:00:00+00:00,96.9625,281.28925
2026-01-18 13:00:00+00:00,100.7825,287.445
2026-01-18 14:00:00+00:00,105.16499999999999,312.34525
2026-01-18 15:00:00+00:00,114.195,347.92975
2026-01-18 16:00:00+00:00,130.2325,360.38875
2026-01-18 17:00:00+00:00,141.515,352.52324999999996
2026-01-18 18:00:00+00:00,123.785,343.79800000000006
2026-01-18 19:00:00+00:00,115.92,339.39200000000005
2026-01-18 20:00:00+00:00,106.9875,342.32125
2026-01-18 21:00:00+00:00,106.6875,345.08949999999993
2026-01-18 22:00:00+00:00,103.76,331.79525
2026-01-18 23:00:00+00:00,101.15,335.401
2026-01-19 00:00:00+00:00,100.44,344.661
2026-01-19 01:00:00+00:00,100.8325,346.011
2026-01-19 02:00:00+00:00,100.4375,352.82650000000007
2026-01-19 03:00:00+00:00,100.13499999999999,364.80025
2026-01-19 04:00:00+00:00,101.94749999999999,368.488
2026-01-19 05:00:00+00:00,125.625,370.44025000000005
2026-01-19 06:00:00+00:00,160.8,372.16425000000004
2026-01-19 07:00:00+00:00,175.7575,375.25
2026-01-19 08:00:00+00:00,161.9375,367.01
2026-01-19 09:00:00+00:00,135.97,337.49549999999994
2026-01-19 10:00:00+00:00,120.0,315.65575
2026-01-19 11:00:00+00:00,115.81,319.5305
2026-01-19 12:00:00+00:00,125.0025,314.50075
2026-01-19 13:00:00+00:00,143.78,323.9405
2026-01-19 14:00:00+00:00,166.165,342.20300000000003
2026-01-19 15:00:00+00:00,188.9,366.52849999999995
2026-01-19 16:00:00+00:00,202.245,374.69475
2026-01-19 17:00:00+00:00,199.37,366.22999999999996
2026-01-19 18:00:00+00:00,181.19,367.48175
2026-01-19 19:00:00+00:00,156.62,369.0180000000001
2026-01-19 20:00:00+00:00,135.0725,369.1245
2026-01-19 21:00:00+00:00,126.3875,369.674
2026-01-19 22:00:00+00:00,110.0,372.52750000000003
2026-01-19 23:00:00+00:00,92.355,377.18725
2026-01-20 00:00:00+00:00,92.53999999999999,376.0
2026-01-20 01:00:00+00:00,90.41,373.96574999999996
2026-01-20 02:00:00+00:00,91.2,373.84625
2026-01-20 03:00:00+00:00,94.1125,372.73125
2026-01-20 04:00:00+00:00,94.2,370.5525
2026-01-20 05:00:00+00:00,95.8325,372.3145
2026-01-20 06:00:00+00:00,153.865,372.0145
2026-01-20 07:00:00+00:00,186.66,366.71500000000003
2026-01-20 08:00:00+00:00,164.64499999999998,355.15524999999997
2026-01-20 09:00:00+00:00,120.285,332.2835
2026-01-20 10:00:00+00:00,95.4425,313.5575
2026-01-20 11:00:00+00:00,89.6,300.35225
2026-01-20 12:00:00+00:00,91.44,295.3535
2026-01-20 13:00:00+00:00,103.12,298.73325
2026-01-20 14:00:00+00:00,127.87,314.796
2026-01-20 15:00:00+00:00,170.0,334.80899999999997
2026-01-20 16:00:00+00:00,233.915,339.12925
2026-01-20 17:00:00+00:00,179.0025,336.82925
2026-01-20 18:00:00+00:00,134.2875,331.37149999999997
2026-01-20 19:00:00+00:00,125.0,331.85549999999995
2026-01-20 20:00:00+00:00,113.9,323.6265
2026-01-20 21:00:00+00:00,107.8175,318.41325
2026-01-20 22:00:00+00:00,98.72749999999999,309.388
2026-01-20 23:00:00+00:00,99.2175,305.42275
2026-01-21 00:00:00+00:00,97.9625,293.95475
2026-01-21 01:00:00+00:00,94.375,278.68325
2026-01-21 02:00:00+00:00,94.95,270.90675
2026-01-21 03:00:00+00:00,91.4825,265.04275
2026-01-21 04:00:00+00:00,92.6175,268.27325
2026-01-21 05:00:00+00:00,102.6975,271.4665
2026-01-21 06:00:00+00:00,107.9775,284.74875
2026-01-21 07:00:00+00:00,145.0025,286.241
2026-01-21 08:00:00+00:00,130.16,282.44625
2026-01-21 09:00:00+00:00,111.2525,269.1875
2026-01-21 10:00:00+00:00,97.1,253.8435
2026-01-21 11:00:00+00:00,93.755,235.87725
2026-01-21 12:00:00+00:00,96.8575,225.41649999999998
2026-01-21 13:00:00+00:00,103.09,223.33050000000003
2026-01-21 14:00:00+00:00,123.0625,227.238
2026-01-21 15:00:00+00:00,130.5,246.9765
2026-01-21 16:00:00+00:00,129.03,263.94275
2026-01-21 17:00:00+00:00,120.1,261.50625
2026-01-21 18:00:00+00:00,106.94,255.80149999999995
2026-01-21 19:00:00+00:00,103.365,244.77425000000002
2026-01-21 20:00:00+00:00,98.2825,229.47199999999998
2026-01-21 21:00:00+00:00,102.4,211.90000000000003
2026-01-21 22:00:00+00:00,96.13,208.66275000000002
2026-01-21 23:00:00+00:00,85.775,192.4125
2026-01-22 00:00:00+00:00,88.035,187.52175000000003
2026-01-22 01:00:00+00:00,88.705,178.34675
2026-01-22 02:00:00+00:00,84.0925,175.32350000000002
2026-01-22 03:00:00+00:00,84.6225,168.827
2026-01-22 04:00:00+00:00,86.1325,181.70875
2026-01-22 05:00:00+00:00,96.64750000000001,209.57799999999997
2026-01-22 06:00:00+00:00,106.925,230.32725
2026-01-22 07:00:00+00:00,132.335,242.02224999999999
2026-01-22 08:00:00+00:00,113.945,229.23
2026-01-22 09:00:00+00:00,100.07,204.17325
2026-01-22 10:00:00+00:00,89.6575,188.30725
2026-01-22 11:00:00+00:00,87.5375,182.70575
2026-01-22 12:00:00+00:00,90.2325,189.62900000000002
2026-01-22 13:00:00+00:00,96.53,202.62325
2026-01-22 14:00:00+00:00,104.955,220.9875
2026-01-22 15:00:00+00:00,124.445,249.19750000000002
2026-01-22 16:00:00+00:00,131.7925,251.603
2026-01-22 17:00:00+00:00,127.8,247.93425
2026-01-22 18:00:00+00:00,121.0325,247.39675
2026-01-22 19:00:00+00:00,109.615,246.7645
2026-01-22 20:00:00+00:00,106.9125,244.03150000000002
2026-01-22 21:00:00+00:00,103.0425,242.7225
2026-01-22 22:00:00+00:00,97.285,237.056
2026-01-22 23:00:00+00:00,97.36,242.11125
2026-01-23 00:00:00+00:00,97.415,249.16649999999998
2026-01-23 01:00:00+00:00,94.8675,251.51325000000003
2026-01-23 02:00:00+00:00,92.81,252.60900000000004
2026-01-23 03:00:00+00:00,93.0,252.33875
2026-01-23 04:00:00+00:00,95.735,253.13725
2026-01-23 05:00:00+00:00,107.1,267.5125
2026-01-23 06:00:00+00:00,127.09,276.5595
2026-01-23 07:00:00+00:00,146.9425,271.99600000000004
2026-01-23 08:00:00+00:00,140.6975,262.85249999999996
2026-01-23 09:00:00+00:00,115.995,236.41899999999998
2026-01-23 10:00:00+00:00,102.585,209.9075
2026-01-23 11:00:00+00:00,99.2325,194.90775
2026-01-23 12:00:00+00:00,96.9575,199.17425
2026-01-23 13:00:00+00:00,96.815,202.24200000000002
2026-01-23 14:00:00+00:00,107.1975,219.25425
2026-01-23 15:00:00+00:00,120.8575,232.307
2026-01-23 16:00:00+00:00,133.3775,237.425
2026-01-23 17:00:00+00:00,127.0175,239.561
2026-01-23 18:00:00+00:00,116.19749999999999,235.93975
2026-01-23 19:00:00+00:00,107.19,229.41075
2026-01-23 20:00:00+00:00,104.565,221.011
2026-01-23 21:00:00+00:00,104.8425,219.23674999999997
2026-01-23 22:00:00+00:00,97.07249999999999,211.398
2026-01-23 23:00:00+00:00,99.875,216.58
2026-01-24 00:00:00+00:00,99.02,219.545
2026-01-24 01:00:00+00:00,97.4625,215.16525000000001
2026-01-24 02:00:00+00:00,97.6,210.53349999999998
2026-01-24 03:00:00+00:00,97.0825,214.42899999999997
2026-01-24 04:00:00+00:00,98.3325,225.81425
2026-01-24 05:00:00+00:00,99.48,248.52525
2026-01-24 06:00:00+00:00,103.8425,266.11875000000003
2026-01-24 07:00:00+00:00,111.2525,285.83099999999996
2026-01-24 08:00:00+00:00,122.8225,289.71175
2026-01-24 09:00:00+00:00,119.7075,262.98375
2026-01-24 10:00:00+00:00,110.87,239.3135
2026-01-24 11:00:00+00:00,106.9025,226.24024999999997
2026-01-24 12:00:00+00:00,102.015,213.34300000000002
2026-01-24 13:00:00+00:00,104.1675,224.4915
2026-01-24 14:00:00+00:00,116.505,246.52025
2026-01-24 15:00:00+00:00,127.8625,270.716
2026-01-24 16:00:00+00:00,141.865,285.35375
2026-01-24 17:00:00+00:00,139.73000000000002,276.6225
2026-01-24 18:00:00+00:00,131.9375,271.47125
2026-01-24 19:00:00+00:00,118.4925,270.12075000000004
2026-01-24 20:00:00+00:00,110.35249999999999,265.36075000000005
2026-01-24 21:00:00+00:00,110.15,261.079
2026-01-24 22:00:00+00:00,103.975,270.68474999999995
2026-01-24 23:00:00+00:00,100.63,271.77399999999994
2026-01-25 00:00:00+00:00,101.28999999999999,274.786
2026-01-25 01:00:00+00:00,99.7625,278.67275
2026-01-25 02:00:00+00:00,98.575,267.95124999999996
2026-01-25 03:00:00+00:00,98.06,260.46850000000006
2026-01-25 04:00:00+00:00,96.435,256.23775000000006
2026-01-25 05:00:00+00:00,97.235,251.40374999999997
2026-01-25 06:00:00+00:00,100.72999999999999,247.724
2026-01-25 07:00:00+00:00,103.6,260.46625
2026-01-25 08:00:00+00:00,106.63749999999999,258.99974999999995
2026-01-25 09:00:00+00:00,111.155,239.62650000000002
2026-01-25 10:00:00+00:00,113.82249999999999,226.85175
2026-01-25 11:00:00+00:00,117.535,224.44375
2026-01-25 12:00:00+00:00,112.8875,229.34
2026-01-25 13:00:00+00:00,111.3925,238.75699999999998
2026-01-25 14:00:00+00:00,111.7525,250.34849999999997
2026-01-25 15:00:00+00:00,116.9,273.97775
2026-01-25 16:00:00+00:00,130.1125,304.59950000000003
2026-01-25 17:00:00+00:00,137.1625,302.96999999999997
2026-01-25 18:00:00+00:00,132.575,308.55375000000004
2026-01-25 19:00:00+00:00,123.87,324.67425
2026-01-25 20:00:00+00:00,114.02250000000001,335.77225
2026-01-25 21:00:00+00:00,111.9425,336.77275
2026-01-25 22:00:00+00:00,104.49,340.85224999999997
2026-01-25 23:00:00+00:00,103.925,343.31775
2026-01-26 00:00:00+00:00,102.5,339.56325
2026-01-26 01:00:00+00:00,99.505,339.20150000000007
2026-01-26 02:00:00+00:00,97.85249999999999,335.08475
2026-01-26 03:00:00+00:00,95.8425,338.16324999999995
2026-01-26 04:00:00+00:00,97.08250000000001,339.78725
2026-01-26 05:00:00+00:00,114.0375,348.86525
2026-01-26 06:00:00+00:00,139.66750000000002,350.69025000000005
2026-01-26 07:00:00+00:00,173.9525,347.86424999999997
2026-01-26 08:00:00+00:00,175.335,338.94800000000004
2026-01-26 09:00:00+00:00,173.1775,326.69674999999995
2026-01-26 10:00:00+00:00,160.45749999999998,314.16374999999994
2026-01-26 11:00:00+00:00,150.23,305.61975
2026-01-26 12:00:00+00:00,141.93,300.14074999999997
2026-01-26 13:00:00+00:00,140.73250000000002,307.75475
2026-01-26 14:00:00+00:00,153.55,324.59175
2026-01-26 15:00:00+00:00,162.6975,344.556
2026-01-26 16:00:00+00:00,178.6975,348.4575
2026-01-26 17:00:00+00:00,176.465,358.98274999999995
2026-01-26 18:00:00+00:00,166.2375,364.97475000000003
2026-01-26 19:00:00+00:00,150.3075,370.77
2026-01-26 20:00:00+00:00,133.855,373.70875
2026-01-26 21:00:00+00:00,119.66,369.8735
2026-01-26 22:00:00+00:00,110.41,359.9985
2026-01-26 23:00:00+00:00,115.1125,349.90250000000003
2026-01-27 00:00:00+00:00,109.5225,340.61525
2026-01-27 01:00:00+00:00,104.9,322.42975
2026-01-27 02:00:00+00:00,99.0,303.02375
2026-01-27 03:00:00+00:00,96.7375,287.4755
2026-01-27 04:00:00+00:00,98.47,268.565
2026-01-27 05:00:00+00:00,103.06,265.98125
2026-01-27 06:00:00+00:00,116.185,264.6815
2026-01-27 07:00:00+00:00,141.985,257.1055
2026-01-27 08:00:00+00:00,144.19,255.22650000000002
2026-01-27 09:00:00+00:00,141.5,250.91475000000003
2026-01-27 10:00:00+00:00,127.52,241.6065
2026-01-27 11:00:00+00:00,117.39750000000001,226.14624999999998
2026-01-27 12:00:00+00:00,107.0,216.26574999999997
2026-01-27 13:00:00+00:00,102.9975,212.22725
2026-01-27 14:00:00+00:00,104.5525,231.93050000000002
2026-01-27 15:00:00+00:00,108.5,247.72299999999998
2026-01-27 16:00:00+00:00,124.6,256.98425000000003
2026-01-27 17:00:00+00:00,140.79,262.575
2026-01-27 18:00:00+00:00,137.195,271.36075
2026-01-27 19:00:00+00:00,121.58749999999999,279.16675000000004
2026-01-27 20:00:00+00:00,118.65,292.693
2026-01-27 21:00:00+00:00,119.39,305.9895
2026-01-27 22:00:00+00:00,111.0125,307.59700000000004
2026-01-27 23:00:00+00:00,104.87,325.017
2026-01-28 00:00:00+00:00,104.185,335.9375
2026-01-28 01:00:00+00:00,104.08,341.45899999999995
2026-01-28 02:00:00+00:00,100.935,341.72349999999994
2026-01-28 03:00:00+00:00,102.9225,346.68375000000003
2026-01-28 04:00:00+00:00,106.09,353.337
2026-01-28 05:00:00+00:00,114.83500000000001,358.30675
2026-01-28 06:00:00+00:00,140.92000000000002,354.49975
2026-01-28 07:00:00+00:00,171.0025,351.5935
2026-01-28 08:00:00+00:00,173.8075,346.2015
2026-01-28 09:00:00+00:00,171.395,332.77650000000006
2026-01-28 10:00:00+00:00,162.4275,325.6035
2026-01-28 11:00:00+00:00,154.22,326.918
2026-01-28 12:00:00+00:00,144.3425,328.014
2026-01-28 13:00:00+00:00,141.60000000000002,323.41325
2026-01-28 14:00:00+00:00,140.6975,315.72099999999995
2026-01-28 15:00:00+00:00,147.1275,322.72299999999996
2026-01-28 16:00:00+00:00,163.775,324.43100000000004
2026-01-28 17:00:00+00:00,170.425,320.88775000000004
2026-01-28 18:00:00+00:00,161.225,318.13175
2026-01-28 19:00:00+00:00,133.925,313.137
2026-01-28 20:00:00+00:00,118.035,310.46875
2026-01-28 21:00:00+00:00,116.2325,311.26025000000004
2026-01-28 22:00:00+00:00,110.8175,305.06750000000005
2026-01-28 23:00:00+00:00,98.4675,307.43975
2026-01-29 00:00:00+00:00,103.35,315.74174999999997
2026-01-29 01:00:00+00:00,100.08,319.01124999999996
2026-01-29 02:00:00+00:00,99.3825,324.914
2026-01-29 03:00:00+00:00,99.9525,328.04949999999997
2026-01-29 04:00:00+00:00,104.055,330.24749999999995
2026-01-29 05:00:00+00:00,106.5375,336.6615
2026-01-29 06:00:00+00:00,131.9925,340.35675
2026-01-29 07:00:00+00:00,157.085,341.11349999999993
2026-01-29 08:00:00+00:00,158.54500000000002,336.36674999999997
2026-01-29 09:00:00+00:00,148.1875,321.33374999999995
2026-01-29 10:00:00+00:00,139.9475,312.45074999999997
2026-01-29 11:00:00+00:00,130.5,312.40650000000005
2026-01-29 12:00:00+00:00,129.6825,320.6595
2026-01-29 13:00:00+00:00,132.06,326.41499999999996
2026-01-29 14:00:00+00:00,139.9525,333.1395
2026-01-29 15:00:00+00:00,146.60750000000002,340.32225
2026-01-29 16:00:00+00:00,155.54749999999999,348.194
2026-01-29 17:00:00+00:00,154.47750000000002,346.08549999999997
2026-01-29 18:00:00+00:00,144.455,343.87425
2026-01-29 19:00:00+00:00,121.5775,335.044
2026-01-29 20:00:00+00:00,111.3,327.04675000000003
2026-01-29 21:00:00+00:00,109.0325,318.38275
2026-01-29 22:00:00+00:00,102.555,305.74025
2026-01-29 23:00:00+00:00,111.065,305.6405
2026-01-30 00:00:00+00:00,103.3125,306.21400000000006
2026-01-30 01:00:00+00:00,100.5025,304.80400000000003
2026-01-30 02:00:00+00:00,96.705,299.09725
2026-01-30 03:00:00+00:00,96.13,299.98425
2026-01-30 04:00:00+00:00,95.4475,291.9505
2026-01-30 05:00:00+00:00,107.66,290.848
2026-01-30 06:00:00+00:00,120.0025,293.203
2026-01-30 07:00:00+00:00,140.1225,288.73199999999997
2026-01-30 08:00:00+00:00,138.1525,278.0835
2026-01-30 09:00:00+00:00,120.0025,255.38699999999997
2026-01-30 10:00:00+00:00,117.60249999999999,236.8075
2026-01-30 11:00:00+00:00,112.87,223.65300000000002
2026-01-30 12:00:00+00:00,105.13,215.84575
2026-01-30 13:00:00+00:00,103.4825,214.36925000000002
2026-01-30 14:00:00+00:00,109.9975,238.3235
2026-01-30 15:00:00+00:00,114.9375,261.761
2026-01-30 16:00:00+00:00,124.81,275.94825000000003
2026-01-30 17:00:00+00:00,121.4775,278.5225
2026-01-30 18:00:00+00:00,113.0875,264.14725
2026-01-30 19:00:00+00:00,109.575,247.55875
2026-01-30 20:00:00+00:00,103.8675,236.41225
2026-01-30 21:00:00+00:00,103.0,225.83499999999998
2026-01-30 22:00:00+00:00,93.0675,217.1485
2026-01-30 23:00:00+00:00,97.26,219.669
2026-01-31 00:00:00+00:00,98.1275,221.64849999999998
2026-01-31 01:00:00+00:00,95.0775,226.339
2026-01-31 02:00:00+00:00,94.89750000000001,234.28799999999998
2026-01-31 03:00:00+00:00,94.225,239.44650000000001
2026-01-31 04:00:00+00:00,95.8,255.23475000000002
2026-01-31 05:00:00+00:00,96.72749999999999,275.7255
2026-01-31 06:00:00+00:00,100.9675,288.646
2026-01-31 07:00:00+00:00,106.0125,304.22825000000006
2026-01-31 08:00:00+00:00,119.25999999999999,308.91175
2026-01-31 09:00:00+00:00,118.0,308.52650000000006
2026-01-31 10:00:00+00:00,116.68,302.54375
2026-01-31 11:00:00+00:00,114.4075,293.71775
2026-01-31 12:00:00+00:00,109.91499999999999,287.97324999999995
2026-01-31 13:00:00+00:00,112.86749999999999,288.2
2026-01-31 14:00:00+00:00,116.8125,314.2005
2026-01-31 15:00:00+00:00,122.52250000000001,336.149
2026-01-31 16:00:00+00:00,142.95749999999998,348.66525
2026-01-31 17:00:00+00:00,147.7,345.5495
2026-01-31 18:00:00+00:00,140.36,342.889
2026-01-31 19:00:00+00:00,125.66,340.02900000000005
2026-01-31 20:00:00+00:00,119.0,337.50575
2026-01-31 21:00:00+00:00,118.3075,341.53524999999996
2026-01-31 22:00:00+00:00,111.0975,347.03275
2026-01-31 23:00:00+00:00,115.79249999999999,348.97775
2026-02-01 00:00:00+00:00,116.975,347.95375
2026-02-01 01:00:00+00:00,102.9875,342.036
2026-02-01 02:00:00+00:00,97.0975,336.0025
2026-02-01 03:00:00+00:00,98.3125,332.91175
2026-02-01 04:00:00+00:00,98.2225,330.4705
2026-02-01 05:00:00+00:00,96.41,330.1735
2026-02-01 06:00:00+00:00,100.9975,320.65600000000006
2026-02-01 07:00:00+00:00,107.2475,316.942
2026-02-01 08:00:00+00:00,112.0275,302.36425
2026-02-01 09:00:00+00:00,112.64500000000001,272.70724999999993
2026-02-01 10:00:00+00:00,109.81,252.39600000000002
2026-02-01 11:00:00+00:00,107.9075,248.01775
2026-02-01 12:00:00+00:00,100.9525,252.55275
2026-02-01 13:00:00+00:00,104.03999999999999,267.66
2026-02-01 14:00:00+00:00,111.265,280.06475
2026-02-01 15:00:00+00:00,116.435,310.29025000000007
2026-02-01 16:00:00+00:00,133.805,327.6245
2026-02-01 17:00:00+00:00,142.91,325.74150000000003
2026-02-01 18:00:00+00:00,142.5525,311.57475
2026-02-01 19:00:00+00:00,133.04749999999999,299.91049999999996
2026-02-01 20:00:00+00:00,113.84,302.83525
2026-02-01 21:00:00+00:00,113.8125,301.44275
2026-02-01 22:00:00+00:00,109.6975,290.73325
2026-02-01 23:00:00+00:00,102.33,279.12
2026-02-02 00:00:00+00:00,99.4875,262.15125
2026-02-02 01:00:00+00:00,96.2575,257.27700000000004
2026-02-02 02:00:00+00:00,90.86,252.251
2026-02-02 03:00:00+00:00,92.0325,246.74575
2026-02-02 04:00:00+00:00,94.7225,242.63574999999997
2026-02-02 05:00:00+00:00,106.58,252.3095
2026-02-02 06:00:00+00:00,117.6675,261.8
2026-02-02 07:00:00+00:00,136.965,262.24274999999994
2026-02-02 08:00:00+00:00,140.1875,252.01275
2026-02-02 09:00:00+00:00,125.3075,217.17825000000002
2026-02-02 10:00:00+00:00,117.0625,192.35725
2026-02-02 11:00:00+00:00,114.4475,172.16375
2026-02-02 12:00:00+00:00,111.185,169.73700000000002
2026-02-02 13:00:00+00:00,106.305,169.792
2026-02-02 14:00:00+00:00,108.37,180.952
2026-02-02 15:00:00+00:00,111.09,200.68500000000003
2026-02-02 16:00:00+00:00,118.66,224.30375
2026-02-02 17:00:00+00:00,119.91999999999999,221.22600000000003
2026-02-02 18:00:00+00:00,103.91499999999999,214.16000000000003
2026-02-02 19:00:00+00:00,103.36,208.03175000000002
2026-02-02 20:00:00+00:00,102.0925,201.0685
2026-02-02 21:00:00+00:00,100.075,195.23725
2026-02-02 22:00:00+00:00,91.1225,182.814
2026-02-02 23:00:00+00:00,89.5025,155.5265
2026-02-03 00:00:00+00:00,86.83,127.46874999999999
2026-02-03 01:00:00+00:00,81.3625,112.2775
2026-02-03 02:00:00+00:00,74.6275,109.881
2026-02-03 03:00:00+00:00,71.9975,112.96875
2026-02-03 04:00:00+00:00,78.81,122.712
2026-02-03 05:00:00+00:00,89.75,155.50024999999997
2026-02-03 06:00:00+00:00,99.4375,187.8785
2026-02-03 07:00:00+00:00,107.2225,199.64825
2026-02-03 08:00:00+00:00,108.33,190.891
2026-02-03 09:00:00+00:00,99.89750000000001,175.61075
2026-02-03 10:00:00+00:00,88.31,167.79274999999998
2026-02-03 11:00:00+00:00,86.3925,165.13725000000002
2026-02-03 12:00:00+00:00,88.4375,174.93175
2026-02-03 13:00:00+00:00,92.8,191.06300000000002
2026-02-03 14:00:00+00:00,100.2575,203.1065
2026-02-03 15:00:00+00:00,106.0625,222.7015
2026-02-03 16:00:00+00:00,122.8925,237.70675
2026-02-03 17:00:00+00:00,125.8075,243.14725
2026-02-03 18:00:00+00:00,123.2325,250.185
2026-02-03 19:00:00+00:00,112.1,254.32499999999996
2026-02-03 20:00:00+00:00,103.4675,261.306
2026-02-03 21:00:00+00:00,101.22999999999999,271.32349999999997
2026-02-03 22:00:00+00:00,94.9,277.82099999999997
2026-02-03 23:00:00+00:00,93.495,285.7995
2026-02-04 00:00:00+00:00,91.5925,296.13199999999995
2026-02-04 01:00:00+00:00,91.85,292.59625
2026-02-04 02:00:00+00:00,91.75,291.93199999999996
2026-02-04 03:00:00+00:00,91.12,305.608
2026-02-04 04:00:00+00:00,94.3675,319.64925
2026-02-04 05:00:00+00:00,102.77,333.08175
2026-02-04 06:00:00+00:00,120.4025,334.16425000000004
2026-02-04 07:00:00+00:00,131.3775,330.0185
2026-02-04 08:00:00+00:00,122.5575,305.32575
2026-02-04 09:00:00+00:00,109.4675,278.727
2026-02-04 10:00:00+00:00,99.1475,253.69975
2026-02-04 11:00:00+00:00,92.3575,227.26124999999996
2026-02-04 12:00:00+00:00,89.9975,217.92899999999997
2026-02-04 13:00:00+00:00,93.85499999999999,220.76475000000002
2026-02-04 14:00:00+00:00,99.9025,233.121
2026-02-04 15:00:00+00:00,112.3,260.424
2026-02-04 16:00:00+00:00,121.6325,272.5825
2026-02-04 17:00:00+00:00,115.0,267.238
2026-02-04 18:00:00+00:00,102.77250000000001,248.84699999999998
2026-02-04 19:00:00+00:00,89.02499999999999,237.89924999999997
2026-02-04 20:00:00+00:00,93.3275,221.3155
2026-02-04 21:00:00+00:00,92.9625,216.14749999999998
2026-02-04 22:00:00+00:00,85.0675,200.46075
2026-02-04 23:00:00+00:00,86.39,185.1405
2026-02-05 00:00:00+00:00,84.86,166.11375
2026-02-05 01:00:00+00:00,82.81,155.71825
2026-02-05 02:00:00+00:00,78.92,157.40149999999997
2026-02-05 03:00:00+00:00,79.63749999999999,159.49875
2026-02-05 04:00:00+00:00,85.4325,169.49800000000002
2026-02-05 05:00:00+00:00,95.39,205.087
2026-02-05 06:00:00+00:00,99.99,232.68925
2026-02-05 07:00:00+00:00,114.495,245.1935
2026-02-05 08:00:00+00:00,110.4075,242.167
2026-02-05 09:00:00+00:00,107.235,235.20174999999998
2026-02-05 10:00:00+00:00,91.96,229.77724999999998
2026-02-05 11:00:00+00:00,99.565,223.90324999999999
2026-02-05 12:00:00+00:00,102.6175,223.79225
2026-02-05 13:00:00+00:00,102.75,234.94125
2026-02-05 14:00:00+00:00,110.78999999999999,246.35875000000001
2026-02-05 15:00:00+00:00,118.8425,258.72725
2026-02-05 16:00:00+00:00,133.79000000000002,270.61
2026-02-05 17:00:00+00:00,132.29,276.019
2026-02-05 18:00:00+00:00,128.5375,279.03350000000006
2026-02-05 19:00:00+00:00,115.1975,279.57300000000004
2026-02-05 20:00:00+00:00,103.06,281.68674999999996
2026-02-05 21:00:00+00:00,102.6025,284.41099999999994
2026-02-05 22:00:00+00:00,95.89,291.328
2026-02-05 23:00:00+00:00,96.5475,296.38675
2026-02-06 00:00:00+00:00,95.2425,301.3605
2026-02-06 01:00:00+00:00,91.6225,300.9985
2026-02-06 02:00:00+00:00,88.94,292.31724999999994
2026-02-06 03:00:00+00:00,88.315,295.08525
2026-02-06 04:00:00+00:00,95.015,303.67275
2026-02-06 05:00:00+00:00,104.435,311.73300000000006
2026-02-06 06:00:00+00:00,131.66500000000002,317.16025
2026-02-06 07:00:00+00:00,140.66,318.01574999999997
2026-02-06 08:00:00+00:00,138.89249999999998,310.85200000000003
2026-02-06 09:00:00+00:00,135.1725,301.20525
2026-02-06 10:00:00+00:00,129.58499999999998,290.55425
2026-02-06 11:00:00+00:00,123.0975,281.9225
2026-02-06 12:00:00+00:00,122.87,288.99475
2026-02-06 13:00:00+00:00,122.58,296.24075
2026-02-06 14:00:00+00:00,127.4425,308.56025
2026-02-06 15:00:00+00:00,125.685,323.173
2026-02-06 16:00:00+00:00,132.575,327.0295
2026-02-06 17:00:00+00:00,130.6775,328.45975
2026-02-06 18:00:00+00:00,125.5975,326.08575
2026-02-06 19:00:00+00:00,110.1,327.98125
2026-02-06 20:00:00+00:00,105.1075,325.90225
2026-02-06 21:00:00+00:00,103.33,321.12225
2026-02-06 22:00:00+00:00,100.4125,317.236
2026-02-06 23:00:00+00:00,98.61500000000001,311.30425
2026-02-07 00:00:00+00:00,96.545,302.91575000000006
2026-02-07 01:00:00+00:00,92.985,300.55725
2026-02-07 02:00:00+00:00,90.015,307.63225
2026-02-07 03:00:00+00:00,88.3025,326.6985
2026-02-07 04:00:00+00:00,89.6525,340.85025
2026-02-07 05:00:00+00:00,91.6725,346.491
2026-02-07 06:00:00+00:00,101.0825,348.00475
2026-02-07 07:00:00+00:00,108.83,342.87975000000006
2026-02-07 08:00:00+00:00,111.595,305.44175
2026-02-07 09:00:00+00:00,101.935,266.14700000000005
2026-02-07 10:00:00+00:00,96.1325,232.57775
2026-02-07 11:00:00+00:00,91.795,223.77725
2026-02-07 12:00:00+00:00,89.1275,226.95624999999998
2026-02-07 13:00:00+00:00,88.72749999999999,233.87275000000002
2026-02-07 14:00:00+00:00,95.0,252.26200000000003
2026-02-07 15:00:00+00:00,109.59,284.109
2026-02-07 16:00:00+00:00,126.7525,318.53525
2026-02-07 17:00:00+00:00,131.3125,324.21150000000006
2026-02-07 18:00:00+00:00,123.84,321.85275
2026-02-07 19:00:00+00:00,109.3725,315.37275
2026-02-07 20:00:00+00:00,101.6525,321.92025
2026-02-07 21:00:00+00:00,103.295,328.07050000000004
2026-02-07 22:00:00+00:00,97.9975,323.09425000000005
2026-02-07 23:00:00+00:00,100.2225,326.795
2026-02-08 00:00:00+00:00,97.19,334.81275
2026-02-08 01:00:00+00:00,94.4,340.2605
2026-02-08 02:00:00+00:00,92.12,340.504
2026-02-08 03:00:00+00:00,90.46000000000001,337.12375
2026-02-08 04:00:00+00:00,91.3825,338.0775
2026-02-08 05:00:00+00:00,89.85249999999999,341.94825
2026-02-08 06:00:00+00:00,93.33,341.70625
2026-02-08 07:00:00+00:00,98.3175,344.94675
2026-02-08 08:00:00+00:00,98.325,315.7745
2026-02-08 09:00:00+00:00,96.72,281.43025
2026-02-08 10:00:00+00:00,93.4625,265.10350000000005
2026-02-08 11:00:00+00:00,91.17,255.76125
2026-02-08 12:00:00+00:00,89.955,256.51874999999995
2026-02-08 13:00:00+00:00,90.92,272.09675
2026-02-08 14:00:00+00:00,98.4825,285.89
2026-02-08 15:00:00+00:00,104.78999999999999,305.2595
2026-02-08 16:00:00+00:00,121.67750000000001,330.80125
2026-02-08 17:00:00+00:00,129.8075,334.55400000000003
2026-02-08 18:00:00+00:00,126.9,333.0385
2026-02-08 19:00:00+00:00,112.2725,327.366
2026-02-08 20:00:00+00:00,105.3625,321.433
2026-02-08 21:00:00+00:00,103.8075,322.48749999999995
2026-02-08 22:00:00+00:00,99.495,322.98375
2026-02-08 23:00:00+00:00,94.74,326.21450000000004
2026-02-09 00:00:00+00:00,93.14750000000001,316.55424999999997
2026-02-09 01:00:00+00:00,91.9975,315.30949999999996
2026-02-09 02:00:00+00:00,90.2475,323.51975
2026-02-09 03:00:00+00:00,90.58500000000001,326.8915
2026-02-09 04:00:00+00:00,99.905,326.798
2026-02-09 05:00:00+00:00,126.69,326.62825000000004
2026-02-09 06:00:00+00:00,151.4975,326.848
2026-02-09 07:00:00+00:00,176.01,328.83775
2026-02-09 08:00:00+00:00,163.4075,320.44625
2026-02-09 09:00:00+00:00,149.055,307.49250000000006
2026-02-09 10:00:00+00:00,137.0425,296.9405
2026-02-09 11:00:00+00:00,130.4375,294.917
2026-02-09 12:00:00+00:00,125.8075,292.902
2026-02-09 13:00:00+00:00,128.595,296.27925
2026-02-09 14:00:00+00:00,138.3025,299.52475
2026-02-09 15:00:00+00:00,155.1225,310.73925
2026-02-09 16:00:00+00:00,202.9475,339.83475
2026-02-09 17:00:00+00:00,173.45,354.30975
2026-02-09 18:00:00+00:00,159.14249999999998,354.19275
2026-02-09 19:00:00+00:00,137.0825,353.53200000000004
2026-02-09 20:00:00+00:00,125.8725,345.3725
2026-02-09 21:00:00+00:00,115.605,343.39849999999996
2026-02-09 22:00:00+00:00,101.655,345.86800000000005
2026-02-09 23:00:00+00:00,95.3375,347.85299999999995
2026-02-10 00:00:00+00:00,94.58,348.28800000000007
2026-02-10 01:00:00+00:00,91.20750000000001,344.153
2026-02-10 02:00:00+00:00,84.0,334.84524999999996
2026-02-10 03:00:00+00:00,82.8075,329.37175
2026-02-10 04:00:00+00:00,85.0,337.51699999999994
2026-02-10 05:00:00+00:00,110.3075,347.1385
2026-02-10 06:00:00+00:00,127.72999999999999,346.11924999999997
2026-02-10 07:00:00+00:00,138.1175,341.39825
2026-02-10 08:00:00+00:00,128.785,327.4365
2026-02-10 09:00:00+00:00,123.4675,324.505
2026-02-10 10:00:00+00:00,114.285,314.58475000000004
2026-02-10 11:00:00+00:00,104.43,312.88149999999996
2026-02-10 12:00:00+00:00,102.75,323.39
2026-02-10 13:00:00+00:00,109.1175,342.7122499999999
2026-02-10 14:00:00+00:00,119.64,354.24425
2026-02-10 15:00:00+00:00,118.4225,360.47550000000007
2026-02-10 16:00:00+00:00,126.715,373.75575
2026-02-10 17:00:00+00:00,126.35249999999999,379.154
2026-02-10 18:00:00+00:00,116.0325,381.51775
2026-02-10 19:00:00+00:00,103.8,384.14574999999996
2026-02-10 20:00:00+00:00,96.5275,388.23825
2026-02-10 21:00:00+00:00,96.61749999999999,390.593
2026-02-10 22:00:00+00:00,90.285,392.49725
2026-02-10 23:00:00+00:00,87.17,384.8275
2026-02-11 00:00:00+00:00,87.2525,379.76375
2026-02-11 01:00:00+00:00,85.11749999999999,375.04099999999994
2026-02-11 02:00:00+00:00,82.875,377.4085
2026-02-11 03:00:00+00:00,83.0075,375.35374999999993
2026-02-11 04:00:00+00:00,87.31,378.22375
2026-02-11 05:00:00+00:00,98.205,383.64549999999997
2026-02-11 06:00:00+00:00,113.9025,382.17975
2026-02-11 07:00:00+00:00,121.65,382.33425
2026-02-11 08:00:00+00:00,120.2625,375.05175
2026-02-11 09:00:00+00:00,113.1325,360.761
2026-02-11 10:00:00+00:00,109.50999999999999,344.43424999999996
2026-02-11 11:00:00+00:00,100.7825,333.10375000000005
2026-02-11 12:00:00+00:00,101.82,325.8285
2026-02-11 13:00:00+00:00,101.78,327.34075
2026-02-11 14:00:00+00:00,103.835,318.405
2026-02-11 15:00:00+00:00,109.1225,307.1295
2026-02-11 16:00:00+00:00,113.9825,303.0695
2026-02-11 17:00:00+00:00,115.32249999999999,302.00725
2026-02-11 18:00:00+00:00,104.78,297.011
2026-02-11 19:00:00+00:00,96.12,293.22325
2026-02-11 20:00:00+00:00,93.1125,295.77375
2026-02-11 21:00:00+00:00,90.815,316.16525
2026-02-11 22:00:00+00:00,93.98,343.40575
2026-02-11 23:00:00+00:00,88.07000000000001,377.4115
2026-02-12 00:00:00+00:00,87.5625,382.73400000000004
2026-02-12 01:00:00+00:00,86.3125,394.593
2026-02-12 02:00:00+00:00,84.82,398.38125
2026-02-12 03:00:00+00:00,85.92999999999999,404.2265
2026-02-12 04:00:00+00:00,89.3875,403.369
2026-02-12 05:00:00+00:00,94.1575,397.1305
2026-02-12 06:00:00+00:00,106.3325,390.36
2026-02-12 07:00:00+00:00,113.62,384.83425000000005
2026-02-12 08:00:00+00:00,112.41499999999999,364.45050000000003
2026-02-12 09:00:00+00:00,109.0025,336.7195
2026-02-12 10:00:00+00:00,101.61,314.2015
2026-02-12 11:00:00+00:00,95.2175,291.08649999999994
2026-02-12 12:00:00+00:00,92.7175,280.29225
2026-02-12 13:00:00+00:00,94.0125,274.21375000000006
2026-02-12 14:00:00+00:00,95.05499999999999,278.43575
2026-02-12 15:00:00+00:00,100.685,288.89425
2026-02-12 16:00:00+00:00,111.74,294.77475
2026-02-12 17:00:00+00:00,115.64750000000001,296.6015
2026-02-12 18:00:00+00:00,113.34,302.37800000000004
2026-02-12 19:00:00+00:00,100.17999999999999,298.1355
2026-02-12 20:00:00+00:00,94.645,297.39325
2026-02-12 21:00:00+00:00,94.3125,289.94
2026-02-12 22:00:00+00:00,85.0,279.87249999999995
2026-02-12 23:00:00+00:00,87.3625,291.64675
2026-02-13 00:00:00+00:00,83.8075,303.98625000000004
2026-02-13 01:00:00+00:00,85.0275,318.021
2026-02-13 02:00:00+00:00,83.75999999999999,332.30875000000003
2026-02-13 03:00:00+00:00,83.515,344.2405
2026-02-13 04:00:00+00:00,87.325,360.55024999999995
2026-02-13 05:00:00+00:00,91.81,372.46250000000003
2026-02-13 06:00:00+00:00,111.825,374.14799999999997
2026-02-13 07:00:00+00:00,119.845,366.37175
2026-02-13 08:00:00+00:00,116.5475,343.90450000000004
2026-02-13 09:00:00+00:00,103.795,320.84875
2026-02-13 10:00:00+00:00,98.29249999999999,301.9185
2026-02-13 11:00:00+00:00,95.0725,288.8375
2026-02-13 12:00:00+00:00,93.9225,277.73024999999996
2026-02-13 13:00:00+00:00,98.8825,285.14649999999995
2026-02-13 14:00:00+00:00,107.5375,285.84475
2026-02-13 15:00:00+00:00,117.8825,287.6165
2026-02-13 16:00:00+00:00,123.975,280.61525
2026-02-13 17:00:00+00:00,133.2725,279.11225
2026-02-13 18:00:00+00:00,130.2775,276.98725
2026-02-13 19:00:00+00:00,117.395,274.69325
2026-02-13 20:00:00+00:00,98.9925,274.5215
2026-02-13 21:00:00+00:00,96.7075,270.63425
2026-02-13 22:00:00+00:00,93.0675,270.19975
2026-02-13 23:00:00+00:00,89.3925,254.05875000000006
2026-02-14 00:00:00+00:00,83.2575,243.394
2026-02-14 01:00:00+00:00,80.0,236.64625
2026-02-14 02:00:00+00:00,79.39750000000001,223.6575
2026-02-14 03:00:00+00:00,77.64,212.2235
2026-02-14 04:00:00+00:00,78.78,216.89575
2026-02-14 05:00:00+00:00,80.33500000000001,221.942
2026-02-14 06:00:00+00:00,81.9075,233.99800000000002
2026-02-14 07:00:00+00:00,90.0425,261.24575
2026-02-14 08:00:00+00:00,96.31,261.874
2026-02-14 09:00:00+00:00,93.1575,235.94349999999997
2026-02-14 10:00:00+00:00,88.3325,220.8965
2026-02-14 11:00:00+00:00,85.2475,202.49725
2026-02-14 12:00:00+00:00,84.21,201.59925
2026-02-14 13:00:00+00:00,87.28999999999999,213.48175
2026-02-14 14:00:00+00:00,93.2325,236.98475
2026-02-14 15:00:00+00:00,102.505,290.16600000000005
2026-02-14 16:00:00+00:00,112.9425,360.67674999999997
2026-02-14 17:00:00+00:00,127.11749999999999,399.637
2026-02-14 18:00:00+00:00,128.215,403.59075
2026-02-14 19:00:00+00:00,120.275,404.88775
2026-02-14 20:00:00+00:00,112.22749999999999,403.608
2026-02-14 21:00:00+00:00,108.0875,403.22475000000003
2026-02-14 22:00:00+00:00,99.1075,400.2945
2026-02-14 23:00:00+00:00,97.785,392.91474999999997
2026-02-15 00:00:00+00:00,94.8,382.63674999999995
2026-02-15 01:00:00+00:00,91.485,363.42175
2026-02-15 02:00:00+00:00,86.9975,338.59225000000004
2026-02-15 03:00:00+00:00,86.65,312.27975
2026-02-15 04:00:00+00:00,85.91,285.44725
2026-02-15 05:00:00+00:00,84.6675,266.609
2026-02-15 06:00:00+00:00,85.815,253.72924999999995
2026-02-15 07:00:00+00:00,87.42750000000001,217.70099999999996
2026-02-15 08:00:00+00:00,82.845,155.36225
2026-02-15 09:00:00+00:00,77.1725,104.77697500000001
2026-02-15 10:00:00+00:00,66.825,68.25705
2026-02-15 11:00:00+00:00,63.61,61.888125
2026-02-15 12:00:00+00:00,59.57,64.90745000000001
2026-02-15 13:00:00+00:00,64.865,83.865525
2026-02-15 14:00:00+00:00,71.9525,119.07525000000001
2026-02-15 15:00:00+00:00,84.205,158.275
2026-02-15 16:00:00+00:00,98.2975,186.7655
2026-02-15 17:00:00+00:00,102.265,191.33175
2026-02-15 18:00:00+00:00,100.1525,198.08724999999998
2026-02-15 19:00:00+00:00,97.85,207.89125
2026-02-15 20:00:00+00:00,98.3175,205.89425000000003
2026-02-15 21:00:00+00:00,89.9,199.97075
2026-02-15 22:00:00+00:00,82.1725,192.251
2026-02-15 23:00:00+00:00,97.9,199.10049999999998
2026-02-16 00:00:00+00:00,91.07,203.02824999999999
2026-02-16 01:00:00+00:00,90.8525,189.61624999999998
2026-02-16 02:00:00+00:00,80.0,184.7925
2026-02-16 03:00:00+00:00,75.0875,192.72875
2026-02-16 04:00:00+00:00,71.30499999999999,214.79475
2026-02-16 05:00:00+00:00,79.655,246.15124999999998
2026-02-16 06:00:00+00:00,86.6,272.89925
2026-02-16 07:00:00+00:00,103.8475,275.426
2026-02-16 08:00:00+00:00,108.8,254.99949999999998
2026-02-16 09:00:00+00:00,103.89,224.62675
2026-02-16 10:00:00+00:00,94.7625,224.75375000000003
2026-02-16 11:00:00+00:00,83.595,218.6145
2026-02-16 12:00:00+00:00,82.59,201.7875
2026-02-16 13:00:00+00:00,84.0325,207.7835
2026-02-16 14:00:00+00:00,91.2925,214.29225
2026-02-16 15:00:00+00:00,101.345,241.50774999999996
2026-02-16 16:00:00+00:00,113.9125,286.39599999999996
2026-02-16 17:00:00+00:00,115.6375,314.94775
2026-02-16 18:00:00+00:00,117.445,310.10900000000004
2026-02-16 19:00:00+00:00,103.625,309.14375
2026-02-16 20:00:00+00:00,91.5875,308.55375000000004
2026-02-16 21:00:00+00:00,89.78,294.5275
2026-02-16 22:00:00+00:00,82.0275,285.69575
2026-02-16 23:00:00+00:00,77.445,283.90025
2026-02-17 00:00:00+00:00,74.52250000000001,287.88750000000005
2026-02-17 01:00:00+00:00,74.3025,275.08074999999997
2026-02-17 02:00:00+00:00,74.375,270.798
2026-02-17 03:00:00+00:00,73.36,272.03125
2026-02-17 04:00:00+00:00,77.86500000000001,272.81425
2026-02-17 05:00:00+00:00,92.8425,280.04974999999996
2026-02-17 06:00:00+00:00,107.6175,281.0355
2026-02-17 07:00:00+00:00,109.35249999999999,276.34799999999996
2026-02-17 08:00:00+00:00,102.685,256.47975
2026-02-17 09:00:00+00:00,90.92,218.64225000000002
2026-02-17 10:00:00+00:00,82.63,168.682
2026-02-17 11:00:00+00:00,76.94,146.66674999999998
2026-02-17 12:00:00+00:00,74.6,121.55125000000001
2026-02-17 13:00:00+00:00,76.4125,131.54375
2026-02-17 14:00:00+00:00,82.1225,155.81175
2026-02-17 15:00:00+00:00,90.0,199.51575000000003
2026-02-17 16:00:00+00:00,107.4775,233.04250000000002
2026-02-17 17:00:00+00:00,127.02,246.16475000000003
2026-02-17 18:00:00+00:00,124.66,247.44074999999998
2026-02-17 19:00:00+00:00,111.49000000000001,246.071
2026-02-17 20:00:00+00:00,99.9525,254.17299999999997
2026-02-17 21:00:00+00:00,92.14750000000001,260.20875
2026-02-17 22:00:00+00:00,87.19749999999999,271.38174999999995
2026-02-17 23:00:00+00:00,89.565,301.72525
2026-02-18 00:00:00+00:00,86.29,335.983
2026-02-18 01:00:00+00:00,86.4,351.8519999999999
2026-02-18 02:00:00+00:00,83.945,363.9100000000001
2026-02-18 03:00:00+00:00,85.1875,373.9165
2026-02-18 04:00:00+00:00,91.2975,375.4345
2026-02-18 05:00:00+00:00,111.0175,370.02650000000006
2026-02-18 06:00:00+00:00,162.32,363.53400000000005
2026-02-18 07:00:00+00:00,170.8425,347.348
2026-02-18 08:00:00+00:00,124.31,305.68449999999996
2026-02-18 09:00:00+00:00,104.95750000000001,263.5875
2026-02-18 10:00:00+00:00,89.9,221.64024999999998
2026-02-18 11:00:00+00:00,83.8175,179.7115
2026-02-18 12:00:00+00:00,77.07,154.42725
2026-02-18 13:00:00+00:00,78.0,158.91725000000002
2026-02-18 14:00:00+00:00,84.565,178.51749999999998
2026-02-18 15:00:00+00:00,84.9325,215.42025
2026-02-18 16:00:00+00:00,86.4075,241.45025000000004
2026-02-18 17:00:00+00:00,92.69,243.70125
2026-02-18 18:00:00+00:00,109.4425,237.99900000000002
2026-02-18 19:00:00+00:00,88.0975,225.30875
2026-02-18 20:00:00+00:00,87.8125,221.045
2026-02-18 21:00:00+00:00,85.60249999999999,211.12900000000002
2026-02-18 22:00:00+00:00,80.3125,188.8
2026-02-18 23:00:00+00:00,73.8975,159.3775
2026-02-19 00:00:00+00:00,72.1675,142.6415
2026-02-19 01:00:00+00:00,70.9875,137.1265
2026-02-19 02:00:00+00:00,70.23,137.12949999999998
2026-02-19 03:00:00+00:00,67.8275,139.829
2026-02-19 04:00:00+00:00,74.9725,149.11425
2026-02-19 05:00:00+00:00,79.4675,170.097
2026-02-19 06:00:00+00:00,82.855,191.90075
2026-02-19 07:00:00+00:00,91.17,206.3855
2026-02-19 08:00:00+00:00,94.05,202.07575
2026-02-19 09:00:00+00:00,83.0,192.68775
2026-02-19 10:00:00+00:00,89.00999999999999,177.47574999999998
2026-02-19 11:00:00+00:00,80.70750000000001,157.71325
2026-02-19 12:00:00+00:00,80.0,149.177
2026-02-19 13:00:00+00:00,77.5975,159.21425
2026-02-19 14:00:00+00:00,85.435,181.268
2026-02-19 15:00:00+00:00,89.20750000000001,216.83875
2026-02-19 16:00:00+00:00,98.84,249.917
2026-02-19 17:00:00+00:00,109.80250000000001,267.65099999999995
2026-02-19 18:00:00+00:00,106.0,273.99375
2026-02-19 19:00:00+00:00,98.6625,279.71774999999997
2026-02-19 20:00:00+00:00,84.1825,282.28524999999996
2026-02-19 21:00:00+00:00,85.3975,279.38450000000006
2026-02-19 22:00:00+00:00,79.65,284.654
2026-02-19 23:00:00+00:00,84.455,290.5835
2026-02-20 00:00:00+00:00,86.05250000000001,302.15575
2026-02-20 01:00:00+00:00,85.2075,293.14125
2026-02-20 02:00:00+00:00,84.88,288.89425
2026-02-20 03:00:00+00:00,83.35,293.758
2026-02-20 04:00:00+00:00,83.9425,294.62575000000004
2026-02-20 05:00:00+00:00,98.0525,310.855
2026-02-20 06:00:00+00:00,112.3325,324.833
2026-02-20 07:00:00+00:00,116.5775,317.68724999999995
2026-02-20 08:00:00+00:00,108.5025,300.93625000000003
2026-02-20 09:00:00+00:00,100.86,281.545
2026-02-20 10:00:00+00:00,98.28,250.09075
2026-02-20 11:00:00+00:00,85.9,210.77675
2026-02-20 12:00:00+00:00,84.9975,178.70374999999999
2026-02-20 13:00:00+00:00,80.0025,163.168
2026-02-20 14:00:00+00:00,84.0825,161.87
2026-02-20 15:00:00+00:00,88.5775,167.0315
2026-02-20 16:00:00+00:00,96.8,178.1215
2026-02-20 17:00:00+00:00,90.4425,176.6335
2026-02-20 18:00:00+00:00,84.32249999999999,160.71849999999998
2026-02-20 19:00:00+00:00,82.22,124.47274999999999
2026-02-20 20:00:00+00:00,75.8375,98.53085
2026-02-20 21:00:00+00:00,65.0,82.9778
2026-02-20 22:00:00+00:00,52.7575,66.08497499999999
2026-02-20 23:00:00+00:00,55.1,63.763675000000006
2026-02-21 00:00:00+00:00,46.645,63.49589999999999
2026-02-21 01:00:00+00:00,43.4575,60.037800000000004
2026-02-21 02:00:00+00:00,42.3625,61.332499999999996
2026-02-21 03:00:00+00:00,42.0,63.019725
2026-02-21 04:00:00+00:00,41.625,69.48684999999999
2026-02-21 05:00:00+00:00,46.0025,80.346875
2026-02-21 06:00:00+00:00,64.6525,89.0174
2026-02-21 07:00:00+00:00,80.16499999999999,96.679575
2026-02-21 08:00:00+00:00,83.585,86.88977499999999
2026-02-21 09:00:00+00:00,72.425,70.40672500000001
2026-02-21 10:00:00+00:00,61.8575,62.93835000000001
2026-02-21 11:00:00+00:00,60.0,66.8088
2026-02-21 12:00:00+00:00,65.74,79.66767499999999
2026-02-21 13:00:00+00:00,79.795,94.46902499999999
2026-02-21 14:00:00+00:00,86.18,111.86
2026-02-21 15:00:00+00:00,95.5,126.9225
2026-02-21 16:00:00+00:00,108.1,134.91
2026-02-21 17:00:00+00:00,108.22,143.077
2026-02-21 18:00:00+00:00,101.345,148.69975000000002
2026-02-21 19:00:00+00:00,90.3925,137.93775
2026-02-21 20:00:00+00:00,84.48,120.7955
2026-02-21 21:00:00+00:00,76.5925,111.496
2026-02-21 22:00:00+00:00,62.087500000000006,92.58535
2026-02-21 23:00:00+00:00,53.6775,70.689025
2026-02-22 00:00:00+00:00,47.2275,69.02875
2026-02-22 01:00:00+00:00,41.0025,64.57655
2026-02-22 02:00:00+00:00,36.832499999999996,62.40862500000001
2026-02-22 03:00:00+00:00,34.7175,57.933575
2026-02-22 04:00:00+00:00,34.21,57.177525
2026-02-22 05:00:00+00:00,30.995,58.8516
2026-02-22 06:00:00+00:00,37.0275,63.4937
2026-02-22 07:00:00+00:00,42.3125,70.69855
2026-02-22 08:00:00+00:00,50.82,71.2225
2026-02-22 09:00:00+00:00,54.6,66.41235
2026-02-22 10:00:00+00:00,48.2075,62.613550000000004
2026-02-22 11:00:00+00:00,45.0,61.54735
2026-02-22 12:00:00+00:00,43.0,56.580349999999996
2026-02-22 13:00:00+00:00,40.0,54.37085
2026-02-22 14:00:00+00:00,42.9475,63.46169999999999
2026-02-22 15:00:00+00:00,65.73,77.0937
2026-02-22 16:00:00+00:00,90.4,94.24965000000002
2026-02-22 17:00:00+00:00,100.0025,113.95925
2026-02-22 18:00:00+00:00,94.1925,114.71324999999999
2026-02-22 19:00:00+00:00,82.845,100.614875
2026-02-22 20:00:00+00:00,75.2375,89.2687
2026-02-22 21:00:00+00:00,65.9675,82.340875
2026-02-22 22:00:00+00:00,47.8575,78.01395
2026-02-22 23:00:00+00:00,41.5375,68.93355
2026-02-23 00:00:00+00:00,41.715,65.92429999999999
2026-02-23 01:00:00+00:00,40.81,65.09039999999999
2026-02-23 02:00:00+00:00,40.84,67.5965
2026-02-23 03:00:00+00:00,41.055,65.010875
2026-02-23 04:00:00+00:00,51.3575,66.79805
2026-02-23 05:00:00+00:00,71.7175,80.36325000000001
2026-02-23 06:00:00+00:00,91.4875,86.96485
2026-02-23 07:00:00+00:00,94.505,86.747425
2026-02-23 08:00:00+00:00,88.395,78.9318
2026-02-23 09:00:00+00:00,59.9975,66.048625
2026-02-23 10:00:00+00:00,43.1025,57.320274999999995
2026-02-23 11:00:00+00:00,8.7,55.5482
2026-02-23 12:00:00+00:00,4.6675,52.370875
2026-02-23 13:00:00+00:00,31.8425,53.573800000000006
2026-02-23 14:00:00+00:00,52.205,64.015975
2026-02-23 15:00:00+00:00,80.1575,97.46242500000001
2026-02-23 16:00:00+00:00,87.055,134.47125000000003
2026-02-23 17:00:00+00:00,103.8125,144.55325
2026-02-23 18:00:00+00:00,112.1375,147.21224999999998
2026-02-23 19:00:00+00:00,98.0175,156.57725
2026-02-23 20:00:00+00:00,90.1375,168.22725
2026-02-23 21:00:00+00:00,89.0725,192.46275000000003
2026-02-23 22:00:00+00:00,81.1675,212.56449999999998
2026-02-23 23:00:00+00:00,83.9,237.5085
2026-02-24 00:00:00+00:00,83.7325,269.0045
2026-02-24 01:00:00+00:00,80.10249999999999,302.50475
2026-02-24 02:00:00+00:00,77.145,318.7085
2026-02-24 03:00:00+00:00,78.19749999999999,335.07825
2026-02-24 04:00:00+00:00,83.63499999999999,357.273
2026-02-24 05:00:00+00:00,99.5225,371.719
2026-02-24 06:00:00+00:00,124.7725,372.32475
2026-02-24 07:00:00+00:00,141.285,361.143
2026-02-24 08:00:00+00:00,132.905,336.21625
2026-02-24 09:00:00+00:00,115.045,312.462
2026-02-24 10:00:00+00:00,101.0,291.0
2026-02-24 11:00:00+00:00,91.195,277.72025
2026-02-24 12:00:00+00:00,88.665,276.11875000000003
2026-02-24 13:00:00+00:00,85.16499999999999,283.89799999999997
2026-02-24 14:00:00+00:00,96.28,303.37024999999994
2026-02-24 15:00:00+00:00,109.3725,324.12800000000004
2026-02-24 16:00:00+00:00,167.9375,341.95025
2026-02-24 17:00:00+00:00,168.9725,349.192
2026-02-24 18:00:00+00:00,135.77,336.51825
2026-02-24 19:00:00+00:00,112.8825,324.70225
2026-02-24 20:00:00+00:00,98.58,312.549
2026-02-24 21:00:00+00:00,93.3425,301.71625
2026-02-24 22:00:00+00:00,86.445,297.272
2026-02-24 23:00:00+00:00,84.3,286.13725
2026-02-25 00:00:00+00:00,79.145,287.8715
2026-02-25 01:00:00+00:00,76.38250000000001,290.63425
2026-02-25 02:00:00+00:00,78.985,300.84925000000004
2026-02-25 03:00:00+00:00,79.555,311.91325
2026-02-25 04:00:00+00:00,83.3,311.16900000000004
2026-02-25 05:00:00+00:00,102.22999999999999,300.45050000000003
2026-02-25 06:00:00+00:00,124.3075,294.1715
2026-02-25 07:00:00+00:00,115.41499999999999,268.68649999999997
2026-02-25 08:00:00+00:00,98.035,215.14525
2026-02-25 09:00:00+00:00,82.03,143.6645
2026-02-25 10:00:00+00:00,70.8075,99.60487499999999
2026-02-25 11:00:00+00:00,59.1125,73.267475
2026-02-25 12:00:00+00:00,53.9775,65.065675
2026-02-25 13:00:00+00:00,60.0625,72.17309999999999
2026-02-25 14:00:00+00:00,71.5325,100.91369999999999
2026-02-25 15:00:00+00:00,91.0025,165.0905
2026-02-25 16:00:00+00:00,115.0675,240.39525
2026-02-25 17:00:00+00:00,118.1125,294.7265
2026-02-25 18:00:00+00:00,108.315,288.53675
2026-02-25 19:00:00+00:00,95.28,271.8105
2026-02-25 20:00:00+00:00,85.5175,236.89549999999997
2026-02-25 21:00:00+00:00,85.175,205.20375
2026-02-25 22:00:00+00:00,79.12,185.1275
2026-02-25 23:00:00+00:00,81.1075,166.00199999999998
2026-02-26 00:00:00+00:00,75.725,151.2885
2026-02-26 01:00:00+00:00,71.8325,144.65875
2026-02-26 02:00:00+00:00,72.67,158.73175
2026-02-26 03:00:00+00:00,70.9,160.32800000000003
2026-02-26 04:00:00+00:00,73.36,166.978
2026-02-26 05:00:00+00:00,91.6925,191.427
2026-02-26 06:00:00+00:00,105.80250000000001,193.57774999999998
2026-02-26 07:00:00+00:00,108.5225,174.95725000000002
2026-02-26 08:00:00+00:00,101.4825,139.60475
2026-02-26 09:00:00+00:00,88.4625,86.2162
2026-02-26 10:00:00+00:00,56.9475,56.967600000000004
2026-02-26 11:00:00+00:00,18.815,42.111599999999996
2026-02-26 12:00:00+00:00,12.3,41.013425000000005
2026-02-26 13:00:00+00:00,39.09,41.081675
2026-02-26 14:00:00+00:00,63.067499999999995,45.56355
2026-02-26 15:00:00+00:00,86.5675,73.602775
2026-02-26 16:00:00+00:00,98.69,110.747325
2026-02-26 17:00:00+00:00,102.99249999999999,133.1955
2026-02-26 18:00:00+00:00,104.66,126.00249999999998
2026-02-26 19:00:00+00:00,88.9025,121.88575000000002
2026-02-26 20:00:00+00:00,83.14,108.79749999999999
2026-02-26 21:00:00+00:00,78.22,89.92765
2026-02-26 22:00:00+00:00,71.9825,84.60042499999999
2026-02-26 23:00:00+00:00,53.599999999999994,79.406475
2026-02-27 00:00:00+00:00,54.3125,76.9263
2026-02-27 01:00:00+00:00,56.515,73.55794999999999
2026-02-27 02:00:00+00:00,54.457499999999996,74.40055000000001
2026-02-27 03:00:00+00:00,61.795,77.897475
2026-02-27 04:00:00+00:00,65.9875,85.9054
2026-02-27 05:00:00+00:00,71.715,106.19525
2026-02-27 06:00:00+00:00,86.10249999999999,127.27125000000001
2026-02-27 07:00:00+00:00,79.33,115.722
2026-02-27 08:00:00+00:00,69.05,81.4808
2026-02-27 09:00:00+00:00,52.65,56.07285
2026-02-27 10:00:00+00:00,28.465,46.896575000000006
2026-02-27 11:00:00+00:00,27.88,48.72525
2026-02-27 12:00:00+00:00,51.91,61.0587
2026-02-27 13:00:00+00:00,70.0,86.429
2026-02-27 14:00:00+00:00,88.1875,118.026
2026-02-27 15:00:00+00:00,90.2925,165.2685
2026-02-27 16:00:00+00:00,99.6675,200.0035
2026-02-27 17:00:00+00:00,104.89,202.595
2026-02-27 18:00:00+00:00,101.12,202.91325
2026-02-27 19:00:00+00:00,92.0075,195.17975
2026-02-27 20:00:00+00:00,85.12,186.90699999999998
2026-02-27 21:00:00+00:00,85.05,177.93900000000002
2026-02-27 22:00:00+00:00,80.0025,152.4385
2026-02-27 23:00:00+00:00,80.02,122.86025000000001
2026-02-28 00:00:00+00:00,73.5925,114.23525
2026-02-28 01:00:00+00:00,65.8475,110.35225
2026-02-28 02:00:00+00:00,62.71,98.3937
2026-02-28 03:00:00+00:00,62.87,89.79167499999998
2026-02-28 04:00:00+00:00,64.05,84.99319999999999
2026-02-28 05:00:00+00:00,71.38,87.4615
2026-02-28 06:00:00+00:00,69.4925,86.12207500000001
2026-02-28 07:00:00+00:00,49.625,83.18957499999999
2026-02-28 08:00:00+00:00,26.9975,69.712
2026-02-28 09:00:00+00:00,1.0,58.5222
2026-02-28 10:00:00+00:00,0.0,51.93325
2026-02-28 11:00:00+00:00,0.6325,48.500925
2026-02-28 12:00:00+00:00,0.5425,49.367399999999996
2026-02-28 13:00:00+00:00,0.004999999999999999,51.47555
2026-02-28 14:00:00+00:00,13.2575,56.845774999999996
2026-02-28 15:00:00+00:00,62.807500000000005,70.94690000000001
2026-02-28 16:00:00+00:00,89.97,90.377275
2026-02-28 17:00:00+00:00,101.745,107.48774999999999
2026-02-28 18:00:00+00:00,106.2475,115.62700000000001
2026-02-28 19:00:00+00:00,92.5625,130.11575
2026-02-28 20:00:00+00:00,97.52250000000001,152.67675
2026-02-28 21:00:00+00:00,101.4,164.3405
2026-02-28 22:00:00+00:00,98.5575,167.51625
2026-02-28 23:00:00+00:00,113.9975,161.66549999999998
2026-03-01 00:00:00+00:00,108.0475,150.27
2026-03-01 01:00:00+00:00,100.0025,149.1605
2026-03-01 02:00:00+00:00,88.07,147.72775
2026-03-01 03:00:00+00:00,81.015,151.608
2026-03-01 04:00:00+00:00,68.7025,148.23975000000002
2026-03-01 05:00:00+00:00,67.67,145.02525
2026-03-01 06:00:00+00:00,64.9975,142.79725
2026-03-01 07:00:00+00:00,50.6425,115.70042500000001
2026-03-01 08:00:00+00:00,17.8425,74.45115
2026-03-01 09:00:00+00:00,0.0,51.066325000000006
2026-03-01 10:00:00+00:00,-0.025,39.131775000000005
2026-03-01 11:00:00+00:00,-0.365,32.614675000000005
2026-03-01 12:00:00+00:00,-0.7875,31.698174999999996
2026-03-01 13:00:00+00:00,-0.0050000000000000044,34.555074999999995
2026-03-01 14:00:00+00:00,22.5225,41.2926
2026-03-01 15:00:00+00:00,68.6,62.7539
2026-03-01 16:00:00+00:00,101.0025,90.77280000000002
2026-03-01 17:00:00+00:00,100.8825,106.04625
2026-03-01 18:00:00+00:00,97.4375,108.0615
2026-03-01 19:00:00+00:00,90.16250000000001,101.646325
2026-03-01 20:00:00+00:00,81.315,87.426125
2026-03-01 21:00:00+00:00,74.5775,84.81092500000001
2026-03-01 22:00:00+00:00,63.0,87.81159999999998
2026-03-01 23:00:00+00:00,59.9975,85.9622
2026-03-02 00:00:00+00:00,60.0,100.6296
2026-03-02 01:00:00+00:00,65.21,115.568
2026-03-02 02:00:00+00:00,62.875,125.446
2026-03-02 03:00:00+00:00,66.475,139.55024999999998
2026-03-02 04:00:00+00:00,77.2125,164.121
2026-03-02 05:00:00+00:00,92.195,187.083
2026-03-02 06:00:00+00:00,126.105,198.97324999999998
2026-03-02 07:00:00+00:00,115.10000000000001,168.87750000000003
2026-03-02 08:00:00+00:00,82.205,111.63395
2026-03-02 09:00:00+00:00,62.585,76.2817
2026-03-02 10:00:00+00:00,47.5075,57.2103
2026-03-02 11:00:00+00:00,26.325,49.030475
2026-03-02 12:00:00+00:00,35.0,50.288475
2026-03-02 13:00:00+00:00,57.415000000000006,58.3018
2026-03-02 14:00:00+00:00,75.4975,81.43294999999999
2026-03-02 15:00:00+00:00,99.7,136.4475
2026-03-02 16:00:00+00:00,158.0275,227.42225
2026-03-02 17:00:00+00:00,176.9175,311.33825
2026-03-02 18:00:00+00:00,142.08249999999998,319.51825
2026-03-02 19:00:00+00:00,106.58500000000001,313.3805
2026-03-02 20:00:00+00:00,96.4675,296.26975
2026-03-02 21:00:00+00:00,96.8,274.76525000000004
2026-03-02 22:00:00+00:00,92.235,268.442
2026-03-02 23:00:00+00:00,90.35249999999999,275.75275
2026-03-03 00:00:00+00:00,94.485,275.44575
2026-03-03 01:00:00+00:00,100.0,285.73224999999996
2026-03-03 02:00:00+00:00,97.69999999999999,309.83775
2026-03-03 03:00:00+00:00,101.9825,328.56475
2026-03-03 04:00:00+00:00,105.78999999999999,347.17125
2026-03-03 05:00:00+00:00,130.29,357.5235
2026-03-03 06:00:00+00:00,154.81,355.38700000000006
2026-03-03 07:00:00+00:00,142.54250000000002,301.14325
2026-03-03 08:00:00+00:00,98.405,197.01350000000002
2026-03-03 09:00:00+00:00,80.0,116.06325000000001
2026-03-03 10:00:00+00:00,51.4625,80.59852500000001
2026-03-03 11:00:00+00:00,31.2625,67.5192
2026-03-03 12:00:00+00:00,31.665,63.797549999999994
2026-03-03 13:00:00+00:00,57.4675,71.920775
2026-03-03 14:00:00+00:00,80.2825,110.878025
2026-03-03 15:00:00+00:00,105.4125,166.84650000000002
2026-03-03 16:00:00+00:00,161.8675,243.08575
2026-03-03 17:00:00+00:00,204.37,303.554
2026-03-03 18:00:00+00:00,171.4425,304.48175
2026-03-03 19:00:00+00:00,126.245,293.336
2026-03-03 20:00:00+00:00,108.2025,282.558
2026-03-03 21:00:00+00:00,102.87,280.76025000000004
2026-03-03 22:00:00+00:00,96.33,278.66974999999996
2026-03-03 23:00:00+00:00,124.0475,271.566
2026-03-04 00:00:00+00:00,122.8,279.6387500000001
2026-03-04 01:00:00+00:00,120.4225,288.75175
2026-03-04 02:00:00+00:00,119.025,301.87575
2026-03-04 03:00:00+00:00,121.9225,310.1625
2026-03-04 04:00:00+00:00,128.2525,322.909
2026-03-04 05:00:00+00:00,181.3375,340.84075
2026-03-04 06:00:00+00:00,257.71,343.45175000000006
2026-03-04 07:00:00+00:00,195.5675,300.377
2026-03-04 08:00:00+00:00,145.36,222.84375
2026-03-04 09:00:00+00:00,111.2125,135.3725
2026-03-04 10:00:00+00:00,79.0675,101.06915
2026-03-04 11:00:00+00:00,42.0,78.375725
2026-03-04 12:00:00+00:00,29.599999999999998,73.792425
2026-03-04 13:00:00+00:00,58.1875,88.83365
2026-03-04 14:00:00+00:00,90.89,126.31324999999998
2026-03-04 15:00:00+00:00,128.915,200.9175
2026-03-04 16:00:00+00:00,252.0025,285.6365
2026-03-04 17:00:00+00:00,309.58,352.8302500000001
2026-03-04 18:00:00+00:00,233.5675,354.1485
2026-03-04 19:00:00+00:00,168.6275,346.22749999999996
2026-03-04 20:00:00+00:00,142.245,331.17724999999996
2026-03-04 21:00:00+00:00,133.5675,305.18149999999997
2026-03-04 22:00:00+00:00,119.0025,284.85625000000005
2026-03-04 23:00:00+00:00,113.7825,283.3445
2026-03-05 00:00:00+00:00,109.9325,277.3325
2026-03-05 01:00:00+00:00,109.2625,268.6165
2026-03-05 02:00:00+00:00,107.8625,281.576
2026-03-05 03:00:00+00:00,110.8875,288.97325
2026-03-05 04:00:00+00:00,121.25999999999999,296.58324999999996
2026-03-05 05:00:00+00:00,147.66750000000002,304.45025000000004
2026-03-05 06:00:00+00:00,169.505,295.783
2026-03-05 07:00:00+00:00,139.4025,244.52675
2026-03-05 08:00:00+00:00,97.195,141.35375
2026-03-05 09:00:00+00:00,64.86749999999999,81.2302
2026-03-05 10:00:00+00:00,24.53,59.69097500000001
2026-03-05 11:00:00+00:00,2.685,54.646425
2026-03-05 12:00:00+00:00,2.8725,54.335874999999994
2026-03-05 13:00:00+00:00,38.09,59.932199999999995
2026-03-05 14:00:00+00:00,85.2625,83.692675
2026-03-05 15:00:00+00:00,130.10750000000002,149.29175
2026-03-05 16:00:00+00:00,182.2225,229.227
2026-03-05 17:00:00+00:00,194.375,303.10325
2026-03-05 18:00:00+00:00,167.6025,310.07800000000003
2026-03-05 19:00:00+00:00,135.03,304.9405
2026-03-05 20:00:00+00:00,130.59,296.22425000000004
2026-03-05 21:00:00+00:00,130.1425,301.99125000000004
2026-03-05 22:00:00+00:00,123.10499999999999,307.56025
2026-03-05 23:00:00+00:00,102.1925,313.82025
2026-03-06 00:00:00+00:00,106.39,330.03174999999993
2026-03-06 01:00:00+00:00,108.5225,342.73825
2026-03-06 02:00:00+00:00,109.525,349.6975
2026-03-06 03:00:00+00:00,115.5,359.207
2026-03-06 04:00:00+00:00,120.32,365.2315
2026-03-06 05:00:00+00:00,147.8075,367.95825
2026-03-06 06:00:00+00:00,175.4,365.98975
2026-03-06 07:00:00+00:00,136.93,313.18174999999997
2026-03-06 08:00:00+00:00,112.3875,219.663
2026-03-06 09:00:00+00:00,96.5,146.93325000000002
2026-03-06 10:00:00+00:00,71.43,104.6095
2026-03-06 11:00:00+00:00,56.955,91.08229999999999
2026-03-06 12:00:00+00:00,51.082499999999996,84.08697500000001
2026-03-06 13:00:00+00:00,74.6925,104.641875
2026-03-06 14:00:00+00:00,103.3075,161.03175
2026-03-06 15:00:00+00:00,124.92750000000001,251.02650000000006
2026-03-06 16:00:00+00:00,176.4975,336.34975000000003
2026-03-06 17:00:00+00:00,224.48,368.84749999999997
2026-03-06 18:00:00+00:00,186.63,366.44025000000005
2026-03-06 19:00:00+00:00,146.79500000000002,373.79075
2026-03-06 20:00:00+00:00,130.4525,377.88149999999996
2026-03-06 21:00:00+00:00,122.37,376.41425
2026-03-06 22:00:00+00:00,120.0,373.799
2026-03-06 23:00:00+00:00,128.6875,377.61449999999996
2026-03-07 00:00:00+00:00,123.2925,378.18825
2026-03-07 01:00:00+00:00,118.04249999999999,378.50975
2026-03-07 02:00:00+00:00,115.5775,377.47775
2026-03-07 03:00:00+00:00,115.53,374.29025000000007
2026-03-07 04:00:00+00:00,120.03750000000001,374.57825
2026-03-07 05:00:00+00:00,126.08,366.2805
2026-03-07 06:00:00+00:00,123.39,354.50000000000006
2026-03-07 07:00:00+00:00,112.1275,306.50725
2026-03-07 08:00:00+00:00,104.09,230.2365
2026-03-07 09:00:00+00:00,76.66,178.04799999999997
2026-03-07 10:00:00+00:00,32.9,138.484
2026-03-07 11:00:00+00:00,14.59,112.19825
2026-03-07 12:00:00+00:00,1.58,111.43225000000001
2026-03-07 13:00:00+00:00,18.5025,119.4925
2026-03-07 14:00:00+00:00,76.88749999999999,157.004
2026-03-07 15:00:00+00:00,116.1375,240.6565
2026-03-07 16:00:00+00:00,138.17000000000002,301.31199999999995
2026-03-07 17:00:00+00:00,179.2025,338.9295000000001
2026-03-07 18:00:00+00:00,168.2025,346.21950000000004
2026-03-07 19:00:00+00:00,146.1775,348.78625
2026-03-07 20:00:00+00:00,131.3775,348.69725
2026-03-07 21:00:00+00:00,129.335,353.47925000000004
2026-03-07 22:00:00+00:00,125.7425,351.46925000000005
2026-03-07 23:00:00+00:00,132.2975,342.9705
2026-03-08 00:00:00+00:00,128.3525,337.7435
2026-03-08 01:00:00+00:00,126.24,336.26625
2026-03-08 02:00:00+00:00,124.525,340.7065
2026-03-08 03:00:00+00:00,123.2325,344.12775
2026-03-08 04:00:00+00:00,123.9125,346.62925
2026-03-08 05:00:00+00:00,126.46000000000001,349.337
2026-03-08 06:00:00+00:00,115.155,349.9505
2026-03-08 07:00:00+00:00,114.89750000000001,319.86350000000004
2026-03-08 08:00:00+00:00,110.8275,250.71325
2026-03-08 09:00:00+00:00,94.84,183.55975
2026-03-08 10:00:00+00:00,21.509999999999998,135.64425
2026-03-08 11:00:00+00:00,9.780000000000001,103.75255
2026-03-08 12:00:00+00:00,0.01,94.30439999999999
2026-03-08 13:00:00+00:00,6.54,100.1795
2026-03-08 14:00:00+00:00,58.45,126.53349999999999
2026-03-08 15:00:00+00:00,107.055,202.41549999999998
2026-03-08 16:00:00+00:00,147.8625,295.36899999999997
2026-03-08 17:00:00+00:00,167.875,370.10825000000006
2026-03-08 18:00:00+00:00,154.0525,380.803
2026-03-08 19:00:00+00:00,150.005,380.234
2026-03-08 20:00:00+00:00,128.125,380.83500000000004
2026-03-08 21:00:00+00:00,126.245,382.84225
2026-03-08 22:00:00+00:00,131.005,384.313
2026-03-08 23:00:00+00:00,114.745,387.7125
2026-03-09 00:00:00+00:00,109.86,389.79825
2026-03-09 01:00:00+00:00,109.35499999999999,389.15450000000004
2026-03-09 02:00:00+00:00,110.49000000000001,388.00875
2026-03-09 03:00:00+00:00,115.715,388.10299999999995
2026-03-09 04:00:00+00:00,133.3475,386.30924999999996
2026-03-09 05:00:00+00:00,158.725,382.19575
2026-03-09 06:00:00+00:00,193.6925,376.57374999999996
2026-03-09 07:00:00+00:00,171.3775,321.99424999999997
2026-03-09 08:00:00+00:00,137.7075,240.2515
2026-03-09 09:00:00+00:00,114.6775,166.80399999999997
2026-03-09 10:00:00+00:00,91.9375,121.85875
2026-03-09 11:00:00+00:00,74.1075,100.666375
2026-03-09 12:00:00+00:00,72.47749999999999,98.0804
2026-03-09 13:00:00+00:00,83.75750000000001,121.3395
2026-03-09 14:00:00+00:00,111.0925,173.17800000000003
2026-03-09 15:00:00+00:00,138.20250000000001,245.243
2026-03-09 16:00:00+00:00,187.025,316.82124999999996
2026-03-09 17:00:00+00:00,242.56,379.44375
2026-03-09 18:00:00+00:00,222.35000000000002,385.93475
2026-03-09 19:00:00+00:00,180.0,387.45424999999994
2026-03-09 20:00:00+00:00,152.01999999999998,388.14849999999996
2026-03-09 21:00:00+00:00,144.085,389.934
2026-03-09 22:00:00+00:00,133.8075,391.10625000000005
2026-03-09 23:00:00+00:00,139.915,392.01050000000004
2026-03-10 00:00:00+00:00,130.93,391.327
2026-03-10 01:00:00+00:00,127.865,389.2465
2026-03-10 02:00:00+00:00,125.645,385.57975
2026-03-10 03:00:00+00:00,126.92500000000001,381.10774999999995
2026-03-10 04:00:00+00:00,138.5475,375.288
2026-03-10 05:00:00+00:00,165.26500000000001,372.40450000000004
2026-03-10 06:00:00+00:00,179.6625,361.27950000000004
2026-03-10 07:00:00+00:00,178.2925,331.43149999999997
2026-03-10 08:00:00+00:00,151.25,299.69975
2026-03-10 09:00:00+00:00,134.98250000000002,272.17575
2026-03-10 10:00:00+00:00,124.3175,222.29125
2026-03-10 11:00:00+00:00,117.71000000000001,182.112
2026-03-10 12:00:00+00:00,112.9025,185.392
2026-03-10 13:00:00+00:00,117.47999999999999,200.87375
2026-03-10 14:00:00+00:00,124.4725,222.67775
2026-03-10 15:00:00+00:00,145.79,273.6645
2026-03-10 16:00:00+00:00,183.715,286.936
2026-03-10 17:00:00+00:00,207.0,318.67075
2026-03-10 18:00:00+00:00,199.91,315.2665
2026-03-10 19:00:00+00:00,158.035,300.52350000000007
2026-03-10 20:00:00+00:00,140.31,261.4405
2026-03-10 21:00:00+00:00,124.0,222.87025
2026-03-10 22:00:00+00:00,97.925,186.80575
2026-03-10 23:00:00+00:00,75.0975,143.387
2026-03-11 00:00:00+00:00,66.5475,111.84525000000001
2026-03-11 01:00:00+00:00,59.98,99.667925
2026-03-11 02:00:00+00:00,56.65,98.23799999999999
2026-03-11 03:00:00+00:00,49.155,92.12807500000001
2026-03-11 04:00:00+00:00,57.7025,101.05085
2026-03-11 05:00:00+00:00,69.5,111.842
2026-03-11 06:00:00+00:00,77.95,106.78
2026-03-11 07:00:00+00:00,75.735,99.555675
2026-03-11 08:00:00+00:00,73.9175,93.04610000000001
2026-03-11 09:00:00+00:00,52.1,87.42335
2026-03-11 10:00:00+00:00,45.71,80.511475
2026-03-11 11:00:00+00:00,36.015,79.32402499999999
2026-03-11 12:00:00+00:00,39.379999999999995,79.03342500000001
2026-03-11 13:00:00+00:00,45.545,80.79415
2026-03-11 14:00:00+00:00,77.685,91.49135
2026-03-11 15:00:00+00:00,99.2,115.962
2026-03-11 16:00:00+00:00,125.39999999999999,179.12075
2026-03-11 17:00:00+00:00,149.95000000000002,259.4135
2026-03-11 18:00:00+00:00,157.305,300.82550000000003
2026-03-11 19:00:00+00:00,133.2525,306.08225
2026-03-11 20:00:00+00:00,119.0,297.67825
2026-03-11 21:00:00+00:00,116.315,275.90950000000004
2026-03-11 22:00:00+00:00,104.1425,263.60575
2026-03-11 23:00:00+00:00,99.92,245.471
2026-03-12 00:00:00+00:00,92.525,224.6525
2026-03-12 01:00:00+00:00,88.45,194.16574999999997
2026-03-12 02:00:00+00:00,86.71,167.69975
2026-03-12 03:00:00+00:00,88.35,132.26075
2026-03-12 04:00:00+00:00,97.4725,139.291
2026-03-12 05:00:00+00:00,126.325,153.1805
2026-03-12 06:00:00+00:00,132.335,150.71325000000002
2026-03-12 07:00:00+00:00,104.225,106.69069999999999
2026-03-12 08:00:00+00:00,76.4875,65.293275
2026-03-12 09:00:00+00:00,25.5225,44.145475
2026-03-12 10:00:00+00:00,0.7625,40.200125
2026-03-12 11:00:00+00:00,-0.265,42.399375000000006
2026-03-12 12:00:00+00:00,-0.010000000000000002,45.13585
2026-03-12 13:00:00+00:00,0.8975,44.8777
2026-03-12 14:00:00+00:00,4.217499999999999,41.38455
2026-03-12 15:00:00+00:00,50.0,45.558025
2026-03-12 16:00:00+00:00,98.5025,61.1424
2026-03-12 17:00:00+00:00,113.37,75.44669999999999
2026-03-12 18:00:00+00:00,110.0,77.272075
2026-03-12 19:00:00+00:00,89.575,71.309575
2026-03-12 20:00:00+00:00,74.125,63.41284999999999
2026-03-12 21:00:00+00:00,63.6725,58.561725
2026-03-12 22:00:00+00:00,20.045,58.001974999999995
2026-03-12 23:00:00+00:00,7.3549999999999995,59.1251
2026-03-13 00:00:00+00:00,4.9375,58.750025
2026-03-13 01:00:00+00:00,3.34,61.348600000000005
2026-03-13 02:00:00+00:00,1.2925,62.522675
2026-03-13 03:00:00+00:00,1.9675,60.51197499999999
2026-03-13 04:00:00+00:00,2.9074999999999998,64.29385
2026-03-13 05:00:00+00:00,13.175,69.56320000000001
2026-03-13 06:00:00+00:00,41.0,82.22007500000001
2026-03-13 07:00:00+00:00,95.555,99.349425
2026-03-13 08:00:00+00:00,93.9,98.42349999999999
2026-03-13 09:00:00+00:00,89.0275,101.413
2026-03-13 10:00:00+00:00,75.3,103.89135
2026-03-13 11:00:00+00:00,67.0025,87.04955
2026-03-13 12:00:00+00:00,55.0,87.15775000000001
2026-03-13 13:00:00+00:00,64.4,95.82535
2026-03-13 14:00:00+00:00,81.865,116.61925000000001
2026-03-13 15:00:00+00:00,109.83,152.12324999999998
2026-03-13 16:00:00+00:00,134.01,200.76950000000002
2026-03-13 17:00:00+00:00,152.0925,245.70975
2026-03-13 18:00:00+00:00,164.60250000000002,272.53775
2026-03-13 19:00:00+00:00,142.2775,282.0455
2026-03-13 20:00:00+00:00,127.4325,268.44500000000005
2026-03-13 21:00:00+00:00,124.16499999999999,275.5695
2026-03-13 22:00:00+00:00,115.8775,272.22524999999996
2026-03-13 23:00:00+00:00,130.70250000000001,284.90374999999995
2026-03-14 00:00:00+00:00,127.5,319.87874999999997
2026-03-14 01:00:00+00:00,117.14,345.63175
2026-03-14 02:00:00+00:00,122.00999999999999,357.91175000000004
2026-03-14 03:00:00+00:00,116.11500000000001,367.403
2026-03-14 04:00:00+00:00,112.7,366.19124999999997
2026-03-14 05:00:00+00:00,111.685,365.94275
2026-03-14 06:00:00+00:00,119.605,367.54
2026-03-14 07:00:00+00:00,135.06,347.2245
2026-03-14 08:00:00+00:00,120.89750000000001,320.513
2026-03-14 09:00:00+00:00,111.10499999999999,281.73475
2026-03-14 10:00:00+00:00,104.605,239.6585
2026-03-14 11:00:00+00:00,106.95,219.40749999999997
2026-03-14 12:00:00+00:00,102.8125,194.16375
2026-03-14 13:00:00+00:00,105.3725,172.22575
2026-03-14 14:00:00+00:00,109.9225,197.25175000000002
2026-03-14 15:00:00+00:00,121.8475,229.28025000000002
2026-03-14 16:00:00+00:00,134.2425,266.4975
2026-03-14 17:00:00+00:00,161.1,322.1565
2026-03-14 18:00:00+00:00,169.83499999999998,350.547
2026-03-14 19:00:00+00:00,150.265,354.13475
2026-03-14 20:00:00+00:00,137.4525,361.52650000000006
2026-03-14 21:00:00+00:00,135.2375,366.44275
2026-03-14 22:00:00+00:00,128.04500000000002,368.68775
2026-03-14 23:00:00+00:00,140.42,373.08425
2026-03-15 00:00:00+00:00,136.6975,375.03074999999995
2026-03-15 01:00:00+00:00,125.9475,379.83775
2026-03-15 02:00:00+00:00,122.56,379.0715
2026-03-15 03:00:00+00:00,120.9725,381.05699999999996
2026-03-15 04:00:00+00:00,122.45,380.124
2026-03-15 05:00:00+00:00,121.2325,367.119
2026-03-15 06:00:00+00:00,116.78,330.39225
2026-03-15 07:00:00+00:00,108.895,219.21925000000002
2026-03-15 08:00:00+00:00,88.185,148.43224999999998
2026-03-15 09:00:00+00:00,75.5475,85.17174999999999
2026-03-15 10:00:00+00:00,63.775000000000006,63.86902500000001
2026-03-15 11:00:00+00:00,46.81,55.87222500000001
2026-03-15 12:00:00+00:00,31.854999999999997,52.33175
2026-03-15 13:00:00+00:00,32.0925,50.820375
2026-03-15 14:00:00+00:00,53.7225,49.56034999999999
2026-03-15 15:00:00+00:00,77.5475,72.88235
2026-03-15 16:00:00+00:00,115.3375,99.1228
2026-03-15 17:00:00+00:00,140.85750000000002,138.14000000000001
2026-03-15 18:00:00+00:00,130.8025,150.72925000000004
2026-03-15 19:00:00+00:00,105.08250000000001,138.07025000000002
2026-03-15 20:00:00+00:00,88.18,109.43675
2026-03-15 21:00:00+00:00,81.0575,82.51452499999999
2026-03-15 22:00:00+00:00,61.99,65.87345
2026-03-15 23:00:00+00:00,33.137499999999996,69.616125
2026-03-16 00:00:00+00:00,23.055,76.064725
2026-03-16 01:00:00+00:00,16.605,87.5512
2026-03-16 02:00:00+00:00,13.76,93.236
2026-03-16 03:00:00+00:00,18.305,98.558475
2026-03-16 04:00:00+00:00,40.72,99.8988
2026-03-16 05:00:00+00:00,70.0,112.29
2026-03-16 06:00:00+00:00,97.42500000000001,121.58525
2026-03-16 07:00:00+00:00,96.18,112.53175
2026-03-16 08:00:00+00:00,73.0075,82.393425
2026-03-16 09:00:00+00:00,42.5,61.493900000000004
2026-03-16 10:00:00+00:00,17.3575,48.5014
2026-03-16 11:00:00+00:00,12.895,43.89795
2026-03-16 12:00:00+00:00,16.002499999999998,41.22665000000001
2026-03-16 13:00:00+00:00,39.335,57.110725
2026-03-16 14:00:00+00:00,60.8275,94.305025
2026-03-16 15:00:00+00:00,106.595,153.01125
2026-03-16 16:00:00+00:00,134.6625,216.47775000000001
2026-03-16 17:00:00+00:00,165.74,297.5465
2026-03-16 18:00:00+00:00,179.9425,329.09649999999993
2026-03-16 19:00:00+00:00,154.82,326.68949999999995
2026-03-16 20:00:00+00:00,125.77250000000001,321.38899999999995
2026-03-16 21:00:00+00:00,122.0,301.4455
2026-03-16 22:00:00+00:00,99.4575,279.377
2026-03-16 23:00:00+00:00,113.22500000000001,259.76899999999995
2026-03-17 00:00:00+00:00,104.80000000000001,254.29425000000006
2026-03-17 01:00:00+00:00,105.205,248.30275
2026-03-17 02:00:00+00:00,104.075,243.27525
2026-03-17 03:00:00+00:00,108.32,251.11775000000003
2026-03-17 04:00:00+00:00,116.89,277.07825
2026-03-17 05:00:00+00:00,143.35750000000002,292.99600000000004
2026-03-17 06:00:00+00:00,166.16,289.41599999999994
2026-03-17 07:00:00+00:00,151.6525,271.269
2026-03-17 08:00:00+00:00,120.685,248.488
2026-03-17 09:00:00+00:00,102.77250000000001,220.94475000000003
2026-03-17 10:00:00+00:00,89.5075,187.313
2026-03-17 11:00:00+00:00,82.785,164.267
2026-03-17 12:00:00+00:00,83.9175,151.08725
2026-03-17 13:00:00+00:00,87.0425,149.0195
2026-03-17 14:00:00+00:00,98.9825,168.85100000000003
2026-03-17 15:00:00+00:00,117.8075,215.77175000000003
2026-03-17 16:00:00+00:00,149.3775,282.37875
2026-03-17 17:00:00+00:00,208.9775,344.91299999999995
2026-03-17 18:00:00+00:00,170.4175,363.00675
2026-03-17 19:00:00+00:00,141.9975,356.39675000000005
2026-03-17 20:00:00+00:00,122.59,345.89950000000005
2026-03-17 21:00:00+00:00,113.1,331.25725
2026-03-17 22:00:00+00:00,106.58250000000001,322.17225
2026-03-17 23:00:00+00:00,106.8775,315.43699999999995
2026-03-18 00:00:00+00:00,104.4975,317.66549999999995
2026-03-18 01:00:00+00:00,104.685,317.155
2026-03-18 02:00:00+00:00,105.63,324.87874999999997
2026-03-18 03:00:00+00:00,111.4,330.218
2026-03-18 04:00:00+00:00,122.1,333.03125
2026-03-18 05:00:00+00:00,129.165,285.3725
2026-03-18 06:00:00+00:00,139.6825,257.03825
2026-03-18 07:00:00+00:00,99.9375,165.43525
2026-03-18 08:00:00+00:00,62.95,86.55232499999998
2026-03-18 09:00:00+00:00,10.275,61.565999999999995
2026-03-18 10:00:00+00:00,-1.1225,54.8466
2026-03-18 11:00:00+00:00,-1.8,53.277325
2026-03-18 12:00:00+00:00,-1.685,52.899475
2026-03-18 13:00:00+00:00,1.5825,57.646499999999996
2026-03-18 14:00:00+00:00,42.045,72.60077500000001
2026-03-18 15:00:00+00:00,96.125,131.84675000000001
2026-03-18 16:00:00+00:00,136.7375,231.78149999999997
2026-03-18 17:00:00+00:00,171.4125,310.946
2026-03-18 18:00:00+00:00,163.54250000000002,344.301
2026-03-18 19:00:00+00:00,134.91,337.72875000000005
2026-03-18 20:00:00+00:00,119.5875,309.09074999999996
2026-03-18 21:00:00+00:00,115.0,294.3235
2026-03-18 22:00:00+00:00,107.6475,293.37
2026-03-18 23:00:00+00:00,104.605,318.7935
2026-03-19 00:00:00+00:00,107.91499999999999,348.94124999999997
2026-03-19 01:00:00+00:00,108.8125,359.84150000000005
2026-03-19 02:00:00+00:00,110.1525,379.82475
2026-03-19 03:00:00+00:00,117.215,396.315
2026-03-19 04:00:00+00:00,126.39,402.92875000000004
2026-03-19 05:00:00+00:00,150.8575,400.036
2026-03-19 06:00:00+00:00,160.3575,375.7375
2026-03-19 07:00:00+00:00,137.0475,291.703
2026-03-19 08:00:00+00:00,86.9175,192.69150000000002
2026-03-19 09:00:00+00:00,51.472500000000004,118.0527
2026-03-19 10:00:00+00:00,7.0,81.91375000000001
2026-03-19 11:00:00+00:00,0.3625,71.553825
2026-03-19 12:00:00+00:00,3.2775,67.257475
2026-03-19 13:00:00+00:00,39.43,81.597825
2026-03-19 14:00:00+00:00,76.85,122.76399999999998
2026-03-19 15:00:00+00:00,109.5925,191.2745
2026-03-19 16:00:00+00:00,140.78,273.73400000000004
2026-03-19 17:00:00+00:00,206.875,345.9955
2026-03-19 18:00:00+00:00,202.19,366.3385
2026-03-19 19:00:00+00:00,153.2225,368.08275000000003
2026-03-19 20:00:00+00:00,139.2375,365.75199999999995
2026-03-19 21:00:00+00:00,128.475,350.87449999999995
2026-03-19 22:00:00+00:00,123.2225,342.16625
2026-03-19 23:00:00+00:00,133.54749999999999,352.56675
2026-03-20 00:00:00+00:00,128.6575,352.02
2026-03-20 01:00:00+00:00,125.3025,358.54925
2026-03-20 02:00:00+00:00,127.91,359.53124999999994
2026-03-20 03:00:00+00:00,125.9225,354.73125
2026-03-20 04:00:00+00:00,141.66,356.584
2026-03-20 05:00:00+00:00,175.95499999999998,353.5815
2026-03-20 06:00:00+00:00,188.5,327.94449999999995
2026-03-20 07:00:00+00:00,155.565,259.062
2026-03-20 08:00:00+00:00,125.19,185.22724999999997
2026-03-20 09:00:00+00:00,91.445,133.73825
2026-03-20 10:00:00+00:00,69.08,87.655175
2026-03-20 11:00:00+00:00,58.0125,62.054300000000005
2026-03-20 12:00:00+00:00,57.010000000000005,61.581199999999995
2026-03-20 13:00:00+00:00,76.13250000000001,76.90865
2026-03-20 14:00:00+00:00,102.595,122.70100000000001
2026-03-20 15:00:00+00:00,127.315,164.92425
2026-03-20 16:00:00+00:00,154.39000000000001,218.7465
2026-03-20 17:00:00+00:00,195.2725,278.18425
2026-03-20 18:00:00+00:00,199.5275,309.98025
2026-03-20 19:00:00+00:00,166.095,324.93149999999997
2026-03-20 20:00:00+00:00,149.86,331.25350000000003
2026-03-20 21:00:00+00:00,140.9325,334.67375
2026-03-20 22:00:00+00:00,136.9625,345.57175
2026-03-20 23:00:00+00:00,131.0125,351.17075
2026-03-21 00:00:00+00:00,129.0,353.61024999999995
2026-03-21 01:00:00+00:00,127.28999999999999,357.99775
2026-03-21 02:00:00+00:00,125.565,357.029
2026-03-21 03:00:00+00:00,123.61,367.447
2026-03-21 04:00:00+00:00,125.5725,375.15675
2026-03-21 05:00:00+00:00,133.45,370.0835
2026-03-21 06:00:00+00:00,132.1275,346.695
2026-03-21 07:00:00+00:00,120.155,301.54775
2026-03-21 08:00:00+00:00,90.68,247.60475
2026-03-21 09:00:00+00:00,68.0375,177.33450000000002
2026-03-21 10:00:00+00:00,40.53,115.79189999999998
2026-03-21 11:00:00+00:00,21.7075,81.630375
2026-03-21 12:00:00+00:00,21.3525,86.76065
2026-03-21 13:00:00+00:00,54.415,103.96145000000001
2026-03-21 14:00:00+00:00,78.5275,136.303
2026-03-21 15:00:00+00:00,101.41,184.98175
2026-03-21 16:00:00+00:00,128.69,234.0295
2026-03-21 17:00:00+00:00,168.72,284.79925000000003
2026-03-21 18:00:00+00:00,162.6625,311.013
2026-03-21 19:00:00+00:00,136.22,312.06475
2026-03-21 20:00:00+00:00,121.95,319.022
2026-03-21 21:00:00+00:00,115.9,314.805
2026-03-21 22:00:00+00:00,104.125,299.14175
2026-03-21 23:00:00+00:00,98.2,305.31749999999994
2026-03-22 00:00:00+00:00,92.9275,312.608
2026-03-22 01:00:00+00:00,89.9,311.31575
2026-03-22 02:00:00+00:00,87.4925,331.37725
2026-03-22 03:00:00+00:00,90.2475,340.009
2026-03-22 04:00:00+00:00,91.9425,358.03024999999997
2026-03-22 05:00:00+00:00,93.10249999999999,350.99575000000004
2026-03-22 06:00:00+00:00,81.48,276.58025
2026-03-22 07:00:00+00:00,40.9475,165.81249999999997
2026-03-22 08:00:00+00:00,6.8175,107.45965000000001
2026-03-22 09:00:00+00:00,-0.39,89.0455
2026-03-22 10:00:00+00:00,-4.0975,78.57589999999999
2026-03-22 11:00:00+00:00,-15.7275,73.3822
2026-03-22 12:00:00+00:00,-9.0625,72.88545
2026-03-22 13:00:00+00:00,-1.58,75.62672500000001
2026-03-22 14:00:00+00:00,10.985,91.56615
2026-03-22 15:00:00+00:00,81.57499999999999,143.83374999999998
2026-03-22 16:00:00+00:00,130.4075,244.31525
2026-03-22 17:00:00+00:00,163.0025,344.7745
2026-03-22 18:00:00+00:00,169.055,382.2955
2026-03-22 19:00:00+00:00,156.86,389.93399999999997
2026-03-22 20:00:00+00:00,143.60750000000002,395.33450000000005
2026-03-22 21:00:00+00:00,137.34,403.165
2026-03-22 22:00:00+00:00,132.32999999999998,404.60074999999995
2026-03-22 23:00:00+00:00,122.505,407.2
2026-03-23 00:00:00+00:00,120.83500000000001,404.1905
2026-03-23 01:00:00+00:00,120.97,399.64450000000005
2026-03-23 02:00:00+00:00,119.6575,405.70900000000006
2026-03-23 03:00:00+00:00,125.425,408.68499999999995
2026-03-23 04:00:00+00:00,142.51749999999998,404.87675
2026-03-23 05:00:00+00:00,174.825,395.22724999999997
2026-03-23 06:00:00+00:00,184.74,367.367
2026-03-23 07:00:00+00:00,147.8425,292.72625
2026-03-23 08:00:00+00:00,106.8125,204.85324999999997
2026-03-23 09:00:00+00:00,75.955,149.04299999999998
2026-03-23 10:00:00+00:00,45.2025,131.449
2026-03-23 11:00:00+00:00,46.705,135.28175000000002
2026-03-23 12:00:00+00:00,66.3675,139.64000000000001
2026-03-23 13:00:00+00:00,85.41,156.69575
2026-03-23 14:00:00+00:00,102.0,187.10525
2026-03-23 15:00:00+00:00,123.46,231.58399999999997
2026-03-23 16:00:00+00:00,172.89749999999998,308.71775
2026-03-23 17:00:00+00:00,249.5,369.9825000000001
2026-03-23 18:00:00+00:00,238.9025,390.24150000000003
2026-03-23 19:00:00+00:00,199.495,389.23175
2026-03-23 20:00:00+00:00,168.085,395.466
2026-03-23 21:00:00+00:00,152.19,392.171
2026-03-23 22:00:00+00:00,137.0575,390.92650000000003
2026-03-23 23:00:00+00:00,133.8175,383.3485
2026-03-24 00:00:00+00:00,117.46,363.58074999999997
2026-03-24 01:00:00+00:00,103.57249999999999,342.46525
2026-03-24 02:00:00+00:00,96.0125,319.85799999999995
2026-03-24 03:00:00+00:00,94.8375,280.34325
2026-03-24 04:00:00+00:00,96.0825,259.3395
2026-03-24 05:00:00+00:00,106.98,203.26500000000001
2026-03-24 06:00:00+00:00,113.13,175.67025
2026-03-24 07:00:00+00:00,97.64250000000001,127.4615
2026-03-24 08:00:00+00:00,70.9175,72.80212499999999
2026-03-24 09:00:00+00:00,24.5,51.5271
2026-03-24 10:00:00+00:00,4.967499999999999,42.536825
2026-03-24 11:00:00+00:00,1.3225,39.385400000000004
2026-03-24 12:00:00+00:00,2.84,42.60855
2026-03-24 13:00:00+00:00,3.5725,46.287349999999996
2026-03-24 14:00:00+00:00,21.15,55.019075
2026-03-24 15:00:00+00:00,77.4325,70.231825
2026-03-24 16:00:00+00:00,112.885,88.87917499999999
2026-03-24 17:00:00+00:00,135.8825,99.10925
2026-03-24 18:00:00+00:00,141.72500000000002,103.11325000000001
2026-03-24 19:00:00+00:00,111.105,101.36575
2026-03-24 20:00:00+00:00,99.03,94.4332
2026-03-24 21:00:00+00:00,82.6775,79.0936
2026-03-24 22:00:00+00:00,31.8975,66.431025
2026-03-24 23:00:00+00:00,1.81,50.558074999999995
2026-03-25 00:00:00+00:00,0.36750000000000005,51.646924999999996
2026-03-25 01:00:00+00:00,-0.0025,49.4875
2026-03-25 02:00:00+00:00,-0.01,47.2336
2026-03-25 03:00:00+00:00,-0.005,47.88869999999999
2026-03-25 04:00:00+00:00,0.505,51.54057499999999
2026-03-25 05:00:00+00:00,4.775,57.882999999999996
2026-03-25 06:00:00+00:00,19.0675,58.727575
2026-03-25 07:00:00+00:00,49.9975,60.04520000000001
2026-03-25 08:00:00+00:00,23.16,56.273775
2026-03-25 09:00:00+00:00,6.4275,51.145475000000005
2026-03-25 10:00:00+00:00,0.9525,42.501200000000004
2026-03-25 11:00:00+00:00,0.0825,33.13795
2026-03-25 12:00:00+00:00,0.4125,31.058249999999997
2026-03-25 13:00:00+00:00,2.275,31.001024999999995
2026-03-25 14:00:00+00:00,8.6525,40.541425000000004
2026-03-25 15:00:00+00:00,42.39,57.2991
2026-03-25 16:00:00+00:00,98.8875,96.163525
2026-03-25 17:00:00+00:00,130.7375,124.35675000000002
2026-03-25 18:00:00+00:00,150.825,158.21574999999999
2026-03-25 19:00:00+00:00,145.70749999999998,174.94375000000002
2026-03-25 20:00:00+00:00,123.0225,194.6435
2026-03-25 21:00:00+00:00,112.6875,183.99224999999996
2026-03-25 22:00:00+00:00,91.135,164.15275000000003
2026-03-25 23:00:00+00:00,95.5225,151.04075
2026-03-26 00:00:00+00:00,90.9375,143.82175
2026-03-26 01:00:00+00:00,87.4,144.96175000000002
2026-03-26 02:00:00+00:00,88.8275,137.42325
2026-03-26 03:00:00+00:00,91.9,136.97799999999998
2026-03-26 04:00:00+00:00,101.7,143.71075
2026-03-26 05:00:00+00:00,118.67,157.97850000000003
2026-03-26 06:00:00+00:00,137.7,143.97625
2026-03-26 07:00:00+00:00,125.9025,109.02775
2026-03-26 08:00:00+00:00,86.3725,75.86514999999999
2026-03-26 09:00:00+00:00,40.72,56.6819
2026-03-26 10:00:00+00:00,15.595,48.06115
2026-03-26 11:00:00+00:00,6.5125,43.2135
2026-03-26 12:00:00+00:00,3.42,42.5906
2026-03-26 13:00:00+00:00,9.49,47.392575
2026-03-26 14:00:00+00:00,35.28,62.344950000000004
2026-03-26 15:00:00+00:00,75.0,90.091525
2026-03-26 16:00:00+00:00,115.92,133.83725
2026-03-26 17:00:00+00:00,152.1,187.513
2026-03-26 18:00:00+00:00,166.55,241.49075
2026-03-26 19:00:00+00:00,153.35750000000002,260.35425000000004
2026-03-26 20:00:00+00:00,130.4,277.62375000000003
2026-03-26 21:00:00+00:00,124.56,298.5035
2026-03-26 22:00:00+00:00,126.2725,334.86
2026-03-26 23:00:00+00:00,119.53999999999999,354.27775
2026-03-27 00:00:00+00:00,119.6625,367.60549999999995
2026-03-27 01:00:00+00:00,117.3425,368.8355
2026-03-27 02:00:00+00:00,117.8325,375.0655
2026-03-27 03:00:00+00:00,120.2475,373.95625
2026-03-27 04:00:00+00:00,136.49,371.86150000000004
2026-03-27 05:00:00+00:00,172.5325,326.09975000000003
2026-03-27 06:00:00+00:00,176.3025,264.93100000000004
2026-03-27 07:00:00+00:00,147.7825,201.55274999999997
2026-03-27 08:00:00+00:00,114.57,142.367
2026-03-27 09:00:00+00:00,88.35249999999999,93.84475
2026-03-27 10:00:00+00:00,74.3725,64.8985
2026-03-27 11:00:00+00:00,64.82000000000001,54.232575
2026-03-27 12:00:00+00:00,59.4025,57.608425000000004
2026-03-27 13:00:00+00:00,72.075,67.293
2026-03-27 14:00:00+00:00,92.415,101.0569
2026-03-27 15:00:00+00:00,102.9075,127.50775
2026-03-27 16:00:00+00:00,132.8425,152.83925000000002
2026-03-27 17:00:00+00:00,155.725,180.40300000000005
2026-03-27 18:00:00+00:00,167.745,184.96075000000002
2026-03-27 19:00:00+00:00,142.495,181.09600000000003
2026-03-27 20:00:00+00:00,118.7075,165.45375
2026-03-27 21:00:00+00:00,116.66,156.71775000000002
2026-03-27 22:00:00+00:00,106.0125,174.68724999999998
2026-03-27 23:00:00+00:00,95.135,192.11275
2026-03-28 00:00:00+00:00,92.66499999999999,190.851
2026-03-28 01:00:00+00:00,89.5475,163.55249999999998
2026-03-28 02:00:00+00:00,87.2625,151.96575
2026-03-28 03:00:00+00:00,88.1175,137.53075
2026-03-28 04:00:00+00:00,88.12,139.8895
2026-03-28 05:00:00+00:00,84.6325,138.63775
2026-03-28 06:00:00+00:00,78.0025,133.58225000000002
2026-03-28 07:00:00+00:00,68.3,110.04125
2026-03-28 08:00:00+00:00,44.735,84.27425000000001
2026-03-28 09:00:00+00:00,17.5825,65.8183
2026-03-28 10:00:00+00:00,7.1275,55.446200000000005
2026-03-28 11:00:00+00:00,6.6575,50.292875
2026-03-28 12:00:00+00:00,5.0,46.9904
2026-03-28 13:00:00+00:00,10.219999999999999,47.231475
2026-03-28 14:00:00+00:00,33.9975,54.024775
2026-03-28 15:00:00+00:00,71.1425,76.896675
2026-03-28 16:00:00+00:00,99.545,132.57325
2026-03-28 17:00:00+00:00,135.6975,209.33450000000002
2026-03-28 18:00:00+00:00,154.07,254.46625
2026-03-28 19:00:00+00:00,143.95,243.68874999999997
2026-03-28 20:00:00+00:00,131.59,233.88125000000002
2026-03-28 21:00:00+00:00,125.33000000000001,238.71525
2026-03-28 22:00:00+00:00,119.58,235.62199999999999
2026-03-28 23:00:00+00:00,113.9975,244.49175
2026-03-29 00:00:00+00:00,107.655,254.04800000000006
2026-03-29 01:00:00+00:00,101.165,287.57599999999996
2026-03-29 02:00:00+00:00,105.225,321.7875
2026-03-29 03:00:00+00:00,104.605,338.4145
2026-03-29 04:00:00+00:00,109.755,339.9225
2026-03-29 05:00:00+00:00,115.0425,344.277
2026-03-29 06:00:00+00:00,114.8375,276.0115
2026-03-29 07:00:00+00:00,91.215,173.87
2026-03-29 08:00:00+00:00,67.98,92.90514999999999
2026-03-29 09:00:00+00:00,40.6525,50.418675
2026-03-29 10:00:00+00:00,11.16,38.525825
2026-03-29 11:00:00+00:00,1.345,36.089000000000006
2026-03-29 12:00:00+00:00,-1.1875,39.03532499999999
2026-03-29 13:00:00+00:00,-2.0375,43.23455
2026-03-29 14:00:00+00:00,-0.125,51.1089
2026-03-29 15:00:00+00:00,30.465,60.353025
2026-03-29 16:00:00+00:00,83.60249999999999,71.68415
2026-03-29 17:00:00+00:00,106.19749999999999,90.628425
2026-03-29 18:00:00+00:00,95.05,90.39712499999999
2026-03-29 19:00:00+00:00,71.16,76.875525
2026-03-29 20:00:00+00:00,63.449999999999996,63.001175
2026-03-29 21:00:00+00:00,27.83,57.736999999999995
2026-03-29 22:00:00+00:00,9.605,57.35865
2026-03-29 23:00:00+00:00,3.94,60.023475
2026-03-30 00:00:00+00:00,4.545,68.158225
2026-03-30 01:00:00+00:00,3.1425,68.348825
2026-03-30 02:00:00+00:00,3.59,69.81439999999999
2026-03-30 03:00:00+00:00,16.939999999999998,74.425375
2026-03-30 04:00:00+00:00,63.522499999999994,86.27085
2026-03-30 05:00:00+00:00,92.99249999999999,108.88775000000001
2026-03-30 06:00:00+00:00,112.0,113.56625000000001
2026-03-30 07:00:00+00:00,98.85,85.26275
2026-03-30 08:00:00+00:00,75.0825,58.90445
2026-03-30 09:00:00+00:00,45.9975,46.885925
2026-03-30 10:00:00+00:00,24.38,39.791149999999995
2026-03-30 11:00:00+00:00,10.6375,38.729299999999995
2026-03-30 12:00:00+00:00,7.5525,36.295
2026-03-30 13:00:00+00:00,12.9375,37.8182
2026-03-30 14:00:00+00:00,33.6875,43.549074999999995
2026-03-30 15:00:00+00:00,69.86,66.58127499999999
2026-03-30 16:00:00+00:00,100.0,100.290475
2026-03-30 17:00:00+00:00,125.07,148.422
2026-03-30 18:00:00+00:00,129.5175,181.59349999999995
2026-03-30 19:00:00+00:00,129.9,206.81425000000002
2026-03-30 20:00:00+00:00,135.775,249.04550000000003
2026-03-30 21:00:00+00:00,115.7525,281.706
2026-03-30 22:00:00+00:00,122.66749999999999,304.60350000000005
2026-03-30 23:00:00+00:00,110.6825,305.784
2026-03-31 00:00:00+00:00,108.0025,301.363
2026-03-31 01:00:00+00:00,109.3475,293.85375000000005
2026-03-31 02:00:00+00:00,110.0025,294.58475
2026-03-31 03:00:00+00:00,110.3325,303.00375
2026-03-31 04:00:00+00:00,138.4175,320.03925
2026-03-31 05:00:00+00:00,152.9,327.1345
2026-03-31 06:00:00+00:00,164.4075,300.516
2026-03-31 07:00:00+00:00,136.9475,266.01075
2026-03-31 08:00:00+00:00,106.0,229.51975
2026-03-31 09:00:00+00:00,88.6325,195.57325
2026-03-31 10:00:00+00:00,80.425,173.0055
2026-03-31 11:00:00+00:00,57.61750000000001,139.98450000000003
2026-03-31 12:00:00+00:00,57.1575,132.58575
2026-03-31 13:00:00+00:00,73.33500000000001,135.23525
2026-03-31 14:00:00+00:00,90.9875,153.27925
2026-03-31 15:00:00+00:00,122.52,185.45499999999998
2026-03-31 16:00:00+00:00,150.26000000000002,250.04999999999998
2026-03-31 17:00:00+00:00,174.2625,325.7445
2026-03-31 18:00:00+00:00,175.0225,381.909
2026-03-31 19:00:00+00:00,165.3125,395.91225
2026-03-31 20:00:00+00:00,157.5875,401.28999999999996
2026-03-31 21:00:00+00:00,146.815,403.32975
2026-03-31 22:00:00+00:00,143.8875,404.88575
2026-03-31 23:00:00+00:00,129.26,405.2935
2026-04-01 00:00:00+00:00,123.8225,405.5365
2026-04-01 01:00:00+00:00,129.4275,404.98524999999995
2026-04-01 02:00:00+00:00,134.535,400.8125
2026-04-01 03:00:00+00:00,143.58499999999998,394.40824999999995
2026-04-01 04:00:00+00:00,172.9825,390.35625
2026-04-01 05:00:00+00:00,218.2775,384.90525
2026-04-01 06:00:00+00:00,199.97750000000002,341.31899999999996
2026-04-01 07:00:00+00:00,171.515,284.35825
2026-04-01 08:00:00+00:00,140.655,199.509
2026-04-01 09:00:00+00:00,129.06,135.84275000000002
2026-04-01 10:00:00+00:00,116.015,94.55685
2026-04-01 11:00:00+00:00,97.0725,81.22735
2026-04-01 12:00:00+00:00,89.58,79.37322499999999
2026-04-01 13:00:00+00:00,95.8825,94.89135
2026-04-01 14:00:00+00:00,106.2575,133.52800000000002
2026-04-01 15:00:00+00:00,130.25,199.327
2026-04-01 16:00:00+00:00,151.1475,272.764
2026-04-01 17:00:00+00:00,186.6625,345.96250000000003
2026-04-01 18:00:00+00:00,179.475,389.875
2026-04-01 19:00:00+00:00,165.73000000000002,390.73475
2026-04-01 20:00:00+00:00,151.9375,391.06525000000005
2026-04-01 21:00:00+00:00,132.8875,388.8595
2026-04-01 22:00:00+00:00,126.3275,388.853
2026-04-01 23:00:00+00:00,118.995,387.19
2026-04-02 00:00:00+00:00,114.13,381.221
2026-04-02 01:00:00+00:00,107.8175,371.39900000000006
2026-04-02 02:00:00+00:00,106.5925,375.9875
2026-04-02 03:00:00+00:00,119.0325,371.48975
2026-04-02 04:00:00+00:00,149.49,367.60274999999996
2026-04-02 05:00:00+00:00,160.0075,349.636
2026-04-02 06:00:00+00:00,157.65,333.56600000000003
2026-04-02 07:00:00+00:00,121.485,296.891
2026-04-02 08:00:00+00:00,116.275,245.84275000000002
2026-04-02 09:00:00+00:00,119.0025,202.174
2026-04-02 10:00:00+00:00,110.3025,173.17975
2026-04-02 11:00:00+00:00,94.22749999999999,150.974
2026-04-02 12:00:00+00:00,84.8975,152.54075
2026-04-02 13:00:00+00:00,90.78,161.57850000000002
2026-04-02 14:00:00+00:00,107.3,172.72
2026-04-02 15:00:00+00:00,117.715,205.78425000000001
2026-04-02 16:00:00+00:00,129.0,248.4905
2026-04-02 17:00:00+00:00,158.88,298.398
2026-04-02 18:00:00+00:00,156.245,347.41949999999997
2026-04-02 19:00:00+00:00,144.42000000000002,369.95050000000003
2026-04-02 20:00:00+00:00,133.735,383.30574999999993
2026-04-02 21:00:00+00:00,123.5925,388.69475
2026-04-02 22:00:00+00:00,132.405,390.87624999999997
2026-04-02 23:00:00+00:00,121.9875,390.18975
2026-04-03 00:00:00+00:00,119.0125,383.11550000000005
2026-04-03 01:00:00+00:00,116.3825,367.07449999999994
2026-04-03 02:00:00+00:00,117.9075,349.539
2026-04-03 03:00:00+00:00,118.4975,328.63975
2026-04-03 04:00:00+00:00,130.655,303.3855
2026-04-03 05:00:00+00:00,136.06,278.26950000000005
2026-04-03 06:00:00+00:00,131.05,239.22475
2026-04-03 07:00:00+00:00,113.38,168.19025
2026-04-03 08:00:00+00:00,85.8675,108.41405
2026-04-03 09:00:00+00:00,53.057500000000005,60.018024999999994
2026-04-03 10:00:00+00:00,27.145,41.621199999999995
2026-04-03 11:00:00+00:00,10.1675,41.05675
2026-04-03 12:00:00+00:00,2.0949999999999998,43.021249999999995
2026-04-03 13:00:00+00:00,3.8150000000000004,48.165850000000006
2026-04-03 14:00:00+00:00,24.1125,56.542725000000004
2026-04-03 15:00:00+00:00,69.61,65.57202500000001
2026-04-03 16:00:00+00:00,100.0,78.110525
2026-04-03 17:00:00+00:00,124.7,82.19930000000001
2026-04-03 18:00:00+00:00,121.5625,79.96967500000001
2026-04-03 19:00:00+00:00,109.2,77.46555
2026-04-03 20:00:00+00:00,100.6,77.232975
2026-04-03 21:00:00+00:00,80.8,76.64585
2026-04-03 22:00:00+00:00,17.195,72.9873
2026-04-03 23:00:00+00:00,18.0325,76.642725
2026-04-04 00:00:00+00:00,18.805,84.2187
2026-04-04 01:00:00+00:00,44.405,99.1003
2026-04-04 02:00:00+00:00,59.14,115.7205
2026-04-04 03:00:00+00:00,81.0575,138.42424999999997
2026-04-04 04:00:00+00:00,126.85249999999999,184.97375
2026-04-04 05:00:00+00:00,215.0,227.66199999999998
2026-04-04 06:00:00+00:00,171.0975,195.1405
2026-04-04 07:00:00+00:00,146.0,133.24500000000003
2026-04-04 08:00:00+00:00,103.3,74.908
2026-04-04 09:00:00+00:00,47.41,56.003499999999995
2026-04-04 10:00:00+00:00,15.2575,49.844049999999996
2026-04-04 11:00:00+00:00,0.1275,48.411950000000004
2026-04-04 12:00:00+00:00,0.10250000000000001,46.556225
2026-04-04 13:00:00+00:00,0.0275,47.915625000000006
2026-04-04 14:00:00+00:00,10.21,49.096725000000006
2026-04-04 15:00:00+00:00,54.55,54.32407500000001
2026-04-04 16:00:00+00:00,94.2125,81.197675
2026-04-04 17:00:00+00:00,131.89249999999998,110.22699999999999
2026-04-04 18:00:00+00:00,122.82,122.11475
2026-04-04 19:00:00+00:00,93.59,109.77699999999999
2026-04-04 20:00:00+00:00,71.8775,90.933225
2026-04-04 21:00:00+00:00,41.13,76.721225
2026-04-04 22:00:00+00:00,0.2575,60.63740000000001
2026-04-04 23:00:00+00:00,-0.06,55.633675000000004
2026-04-05 00:00:00+00:00,-0.905,54.900924999999994
2026-04-05 01:00:00+00:00,-1.3875,55.607274999999994
2026-04-05 02:00:00+00:00,-1.5975,57.3756
2026-04-05 03:00:00+00:00,-1.9849999999999999,59.513774999999995
2026-04-05 04:00:00+00:00,-2.0075,62.5367
2026-04-05 05:00:00+00:00,-0.7025,63.51415000000001
2026-04-05 06:00:00+00:00,-0.8025,65.50580000000001
2026-04-05 07:00:00+00:00,-1.385,57.5722
2026-04-05 08:00:00+00:00,-4.0,53.810675
2026-04-05 09:00:00+00:00,-8.0,48.032825
2026-04-05 10:00:00+00:00,-14.495000000000001,42.423975000000006
2026-04-05 11:00:00+00:00,-27.2,38.30695000000001
2026-04-05 12:00:00+00:00,-50.43,35.695150000000005
2026-04-05 13:00:00+00:00,-49.95,38.71035
2026-04-05 14:00:00+00:00,-29.5025,42.878425
2026-04-05 15:00:00+00:00,-4.6625,47.341049999999996
2026-04-05 16:00:00+00:00,0.7625,50.954899999999995
2026-04-05 17:00:00+00:00,64.055,73.975975
2026-04-05 18:00:00+00:00,114.2,113.31550000000001
2026-04-05 19:00:00+00:00,130.0,153.32225000000003
2026-04-05 20:00:00+00:00,123.20750000000001,169.40825
2026-04-05 21:00:00+00:00,113.61,176.03325
2026-04-05 22:00:00+00:00,102.9575,182.89375
2026-04-05 23:00:00+00:00,90.755,190.25225
2026-04-06 00:00:00+00:00,101.17,201.106
2026-04-06 01:00:00+00:00,117.14,216.701
2026-04-06 02:00:00+00:00,151.3525,225.00599999999997
2026-04-06 03:00:00+00:00,140.24,236.7175
2026-04-06 04:00:00+00:00,137.0,250.92175
2026-04-06 05:00:00+00:00,150.0025,252.40925
2026-04-06 06:00:00+00:00,135.1075,190.52049999999997
2026-04-06 07:00:00+00:00,68.2525,110.9435
2026-04-06 08:00:00+00:00,8.165,73.87190000000001
2026-04-06 09:00:00+00:00,-10.0,60.251825000000004
2026-04-06 10:00:00+00:00,-30.0,52.50935
2026-04-06 11:00:00+00:00,-55.317499999999995,51.7099
2026-04-06 12:00:00+00:00,-56.85,51.47697500000001
2026-04-06 13:00:00+00:00,-50.0,53.82335
2026-04-06 14:00:00+00:00,-2.495,61.014125
2026-04-06 15:00:00+00:00,65.0,89.20735000000002
2026-04-06 16:00:00+00:00,127.22999999999999,162.9545
2026-04-06 17:00:00+00:00,166.16000000000003,274.15025
2026-04-06 18:00:00+00:00,156.1925,373.1449999999999
2026-04-06 19:00:00+00:00,149.9975,390.68075
2026-04-06 20:00:00+00:00,117.5025,382.0835
2026-04-06 21:00:00+00:00,110.1,364.02025
2026-04-06 22:00:00+00:00,106.4,340.7915
2026-04-06 23:00:00+00:00,101.11250000000001,338.25550000000004
2026-04-07 00:00:00+00:00,101.295,342.306
2026-04-07 01:00:00+00:00,101.395,335.52250000000004
2026-04-07 02:00:00+00:00,104.5025,339.78575
2026-04-07 03:00:00+00:00,111.3275,345.37275000000005
2026-04-07 04:00:00+00:00,132.62,343.16125
2026-04-07 05:00:00+00:00,177.33249999999998,330.6375
2026-04-07 06:00:00+00:00,139.4325,250.39649999999997
2026-04-07 07:00:00+00:00,102.78,150.19299999999998
2026-04-07 08:00:00+00:00,37.38,79.1864
2026-04-07 09:00:00+00:00,-0.007499999999999979,58.96995
2026-04-07 10:00:00+00:00,-3.01,51.974925
2026-04-07 11:00:00+00:00,-11.1475,48.938825
2026-04-07 12:00:00+00:00,-11.0175,49.194575
2026-04-07 13:00:00+00:00,-4.0,53.001725
2026-04-07 14:00:00+00:00,3.4,62.269450000000006
2026-04-07 15:00:00+00:00,73.4,83.79830000000001
2026-04-07 16:00:00+00:00,130.6025,142.97775000000001
2026-04-07 17:00:00+00:00,184.9325,222.706
2026-04-07 18:00:00+00:00,182.555,274.957
2026-04-07 19:00:00+00:00,141.33,272.95000000000005
2026-04-07 20:00:00+00:00,124.58,263.90999999999997
2026-04-07 21:00:00+00:00,114.3075,248.34650000000002
2026-04-07 22:00:00+00:00,102.5375,245.1255
2026-04-07 23:00:00+00:00,97.8225,248.93949999999998
2026-04-08 00:00:00+00:00,96.5975,260.7845
2026-04-08 01:00:00+00:00,98.475,261.2955
2026-04-08 02:00:00+00:00,102.2475,276.51375
2026-04-08 03:00:00+00:00,112.14,299.962
2026-04-08 04:00:00+00:00,143.78,321.789
2026-04-08 05:00:00+00:00,168.7975,323.69625
2026-04-08 06:00:00+00:00,141.7975,251.8455
2026-04-08 07:00:00+00:00,109.4,158.10000000000002
2026-04-08 08:00:00+00:00,51.8375,89.76515
2026-04-08 09:00:00+00:00,-0.04999999999999982,64.94072499999999
2026-04-08 10:00:00+00:00,-18.565,56.6633
2026-04-08 11:00:00+00:00,-31.845,50.626974999999995
2026-04-08 12:00:00+00:00,-28.87,50.819325
2026-04-08 13:00:00+00:00,-12.66,58.283350000000006
2026-04-08 14:00:00+00:00,13.7575,69.6154
2026-04-08 15:00:00+00:00,93.965,116.427925
2026-04-08 16:00:00+00:00,129.5625,198.30150000000003
2026-04-08 17:00:00+00:00,171.29999999999998,275.43249999999995
2026-04-08 18:00:00+00:00,161.2375,343.565
2026-04-08 19:00:00+00:00,137.29250000000002,343.1355
2026-04-08 20:00:00+00:00,121.5275,319.14799999999997
2026-04-08 21:00:00+00:00,111.64750000000001,291.954
2026-04-08 22:00:00+00:00,104.78999999999999,260.25974999999994
2026-04-08 23:00:00+00:00,100.4525,255.60899999999998
2026-04-09 00:00:00+00:00,99.3,281.13374999999996
2026-04-09 01:00:00+00:00,99.5925,300.92225
2026-04-09 02:00:00+00:00,101.8475,308.304
2026-04-09 03:00:00+00:00,112.2175,314.28175000000005
2026-04-09 04:00:00+00:00,132.0975,324.46524999999997
2026-04-09 05:00:00+00:00,145.385,323.4065
2026-04-09 06:00:00+00:00,129.845,269.611
2026-04-09 07:00:00+00:00,110.4225,189.61249999999998
2026-04-09 08:00:00+00:00,54.8325,102.08062500000001
2026-04-09 09:00:00+00:00,1.1575,72.6815
2026-04-09 10:00:00+00:00,-1.02,61.751575
2026-04-09 11:00:00+00:00,-7.76,62.92655
2026-04-09 12:00:00+00:00,-8.0,68.7795
2026-04-09 13:00:00+00:00,-1.2525,91.238975
2026-04-09 14:00:00+00:00,24.277500000000003,106.44030000000001
2026-04-09 15:00:00+00:00,75.0075,151.4395
2026-04-09 16:00:00+00:00,109.7975,210.5905
2026-04-09 17:00:00+00:00,129.835,249.88275000000002
2026-04-09 18:00:00+00:00,123.4725,254.26974999999996
2026-04-09 19:00:00+00:00,105.8325,233.17700000000002
2026-04-09 20:00:00+00:00,96.0475,182.28050000000005
2026-04-09 21:00:00+00:00,80.4475,148.1925
2026-04-09 22:00:00+00:00,76.565,127.14
2026-04-09 23:00:00+00:00,73.385,114.00675000000001
2026-04-10 00:00:00+00:00,72.72,106.50899999999999
2026-04-10 01:00:00+00:00,72.015,102.48
2026-04-10 02:00:00+00:00,74.02499999999999,106.73749999999998
2026-04-10 03:00:00+00:00,81.7225,119.41625
2026-04-10 04:00:00+00:00,105.5325,136.4555
2026-04-10 05:00:00+00:00,122.42750000000001,149.2405
2026-04-10 06:00:00+00:00,125.0925,153.488
2026-04-10 07:00:00+00:00,130.8775,143.469
2026-04-10 08:00:00+00:00,125.615,141.74825
2026-04-10 09:00:00+00:00,107.2,132.336
2026-04-10 10:00:00+00:00,103.655,125.53425000000001
2026-04-10 11:00:00+00:00,91.39,112.73075
2026-04-10 12:00:00+00:00,95.42500000000001,113.11825
2026-04-10 13:00:00+00:00,84.55499999999999,117.98174999999999
2026-04-10 14:00:00+00:00,101.2625,131.7965
2026-04-10 15:00:00+00:00,120.7175,174.73700000000002
2026-04-10 16:00:00+00:00,150.4,236.69125000000003
2026-04-10 17:00:00+00:00,225.0025,317.40875
2026-04-10 18:00:00+00:00,238.14249999999998,374.47925
2026-04-10 19:00:00+00:00,170.63,378.45425
2026-04-10 20:00:00+00:00,142.075,360.71049999999997
2026-04-10 21:00:00+00:00,125.72,340.61150000000004
2026-04-10 22:00:00+00:00,125.925,307.06750000000005
2026-04-10 23:00:00+00:00,112.0525,263.11925
2026-04-11 00:00:00+00:00,104.565,232.5255
2026-04-11 01:00:00+00:00,101.0475,224.67825
2026-04-11 02:00:00+00:00,99.7025,202.044
2026-04-11 03:00:00+00:00,96.8925,173.59875
2026-04-11 04:00:00+00:00,96.3775,163.90575
2026-04-11 05:00:00+00:00,84.41499999999999,145.23000000000002
2026-04-11 06:00:00+00:00,64.0525,99.41685
2026-04-11 07:00:00+00:00,20.765,72.54344999999999
2026-04-11 08:00:00+00:00,-0.10999999999999988,51.322224999999996
2026-04-11 09:00:00+00:00,-4.8425,48.720375000000004
2026-04-11 10:00:00+00:00,-21.73,42.2641
2026-04-11 11:00:00+00:00,-28.965,38.798775
2026-04-11 12:00:00+00:00,-24.3525,43.517525
2026-04-11 13:00:00+00:00,-5.745,48.38465
2026-04-11 14:00:00+00:00,5.7675,55.876000000000005
2026-04-11 15:00:00+00:00,19.3,75.27765000000001
2026-04-11 16:00:00+00:00,69.9975,94.03945
2026-04-11 17:00:00+00:00,90.9075,96.916625
2026-04-11 18:00:00+00:00,107.2325,108.32799999999999
2026-04-11 19:00:00+00:00,102.9675,121.84325
2026-04-11 20:00:00+00:00,119.9,122.45975
2026-04-11 21:00:00+00:00,82.38499999999999,117.69625
2026-04-11 22:00:00+00:00,67.7175,119.23124999999999
2026-04-11 23:00:00+00:00,69.6925,115.30375000000001
2026-04-12 00:00:00+00:00,73.19500000000001,119.05475
2026-04-12 01:00:00+00:00,76.8825,128.70575
2026-04-12 02:00:00+00:00,85.6825,130.40574999999998
2026-04-12 03:00:00+00:00,88.47749999999999,130.62324999999998
2026-04-12 04:00:00+00:00,88.35499999999999,130.143
2026-04-12 05:00:00+00:00,84.17,128.33225000000002
2026-04-12 06:00:00+00:00,68.38250000000001,91.16347499999999
2026-04-12 07:00:00+00:00,46.1875,63.84664999999999
2026-04-12 08:00:00+00:00,15.96,48.670849999999994
2026-04-12 09:00:00+00:00,-2.0725,44.9752
2026-04-12 10:00:00+00:00,-2.0225,41.326875
2026-04-12 11:00:00+00:00,-1.13,40.4371
2026-04-12 12:00:00+00:00,4.575,41.517025
2026-04-12 13:00:00+00:00,15.919999999999998,45.760725
2026-04-12 14:00:00+00:00,61.605000000000004,55.71525
2026-04-12 15:00:00+00:00,102.6675,98.03334999999998
2026-04-12 16:00:00+00:00,132.3675,165.02325000000002
2026-04-12 17:00:00+00:00,144.0175,243.69299999999998
2026-04-12 18:00:00+00:00,145.7575,313.36025
2026-04-12 19:00:00+00:00,136.73250000000002,336.1795
2026-04-12 20:00:00+00:00,130.6075,342.72375
2026-04-12 21:00:00+00:00,121.00750000000001,349.73725
2026-04-12 22:00:00+00:00,115.7725,353.11800000000005
2026-04-12 23:00:00+00:00,109.795,355.41650000000004
2026-04-13 00:00:00+00:00,106.2125,354.72675
2026-04-13 01:00:00+00:00,106.2125,357.49525
2026-04-13 02:00:00+00:00,109.0475,362.66425000000004
2026-04-13 03:00:00+00:00,117.0025,366.24025
2026-04-13 04:00:00+00:00,134.925,370.56775
2026-04-13 05:00:00+00:00,144.3375,362.42725
2026-04-13 06:00:00+00:00,173.365,319.50525000000005
2026-04-13 07:00:00+00:00,163.555,282.17274999999995
2026-04-13 08:00:00+00:00,141.9075,252.70749999999998
2026-04-13 09:00:00+00:00,121.91499999999999,223.42100000000002
2026-04-13 10:00:00+00:00,111.8275,207.42725000000002
2026-04-13 11:00:00+00:00,106.4225,196.6755
2026-04-13 12:00:00+00:00,114.26,189.1895
2026-04-13 13:00:00+00:00,116.9425,200.7995
2026-04-13 14:00:00+00:00,113.67,230.47875
2026-04-13 15:00:00+00:00,125.4725,254.8495
2026-04-13 16:00:00+00:00,144.625,292.88325
2026-04-13 17:00:00+00:00,164.9475,327.65525
2026-04-13 18:00:00+00:00,153.765,362.916
2026-04-13 19:00:00+00:00,143.2825,379.06300000000005
2026-04-13 20:00:00+00:00,130.6975,386.3145
2026-04-13 21:00:00+00:00,122.72999999999999,389.22950000000003
2026-04-13 22:00:00+00:00,116.495,390.99825
2026-04-13 23:00:00+00:00,114.22999999999999,390.244
2026-04-14 00:00:00+00:00,115.505,386.43375000000003
2026-04-14 01:00:00+00:00,113.555,380.1685
2026-04-14 02:00:00+00:00,114.65,377.46750000000003
2026-04-14 03:00:00+00:00,118.045,381.51424999999995
2026-04-14 04:00:00+00:00,138.29,380.35074999999995
2026-04-14 05:00:00+00:00,162.6525,363.07349999999997
2026-04-14 06:00:00+00:00,165.2825,300.0655
2026-04-14 07:00:00+00:00,141.615,240.19299999999998
2026-04-14 08:00:00+00:00,123.34,168.8015
2026-04-14 09:00:00+00:00,106.7875,106.044275
2026-04-14 10:00:00+00:00,100.48,85.376375
2026-04-14 11:00:00+00:00,93.995,70.50725
2026-04-14 12:00:00+00:00,91.66,70.4416
2026-04-14 13:00:00+00:00,102.4125,81.237925
2026-04-14 14:00:00+00:00,108.08,100.22744999999999
2026-04-14 15:00:00+00:00,126.545,179.81399999999996
2026-04-14 16:00:00+00:00,152.76999999999998,248.61475
2026-04-14 17:00:00+00:00,212.65,312.52375
2026-04-14 18:00:00+00:00,224.33249999999998,369.66549999999995
2026-04-14 19:00:00+00:00,159.9875,371.94575000000003
2026-04-14 20:00:00+00:00,143.75,364.77874999999995
2026-04-14 21:00:00+00:00,131.7725,352.79425000000003
2026-04-14 22:00:00+00:00,119.48,332.04699999999997
2026-04-14 23:00:00+00:00,113.31,318.20225
2026-04-15 00:00:00+00:00,108.5125,321.22325
2026-04-15 01:00:00+00:00,105.8225,316.55975
2026-04-15 02:00:00+00:00,106.6225,312.045
2026-04-15 03:00:00+00:00,117.62,312.13425
2026-04-15 04:00:00+00:00,140.83,320.57525
2026-04-15 05:00:00+00:00,154.91,298.856
2026-04-15 06:00:00+00:00,139.1,239.49375
2026-04-15 07:00:00+00:00,115.9975,156.20825
2026-04-15 08:00:00+00:00,94.7625,82.38375
2026-04-15 09:00:00+00:00,68.9375,51.706425
2026-04-15 10:00:00+00:00,50.0,42.34885
2026-04-15 11:00:00+00:00,42.3975,40.580675
2026-04-15 12:00:00+00:00,56.9525,40.17375
2026-04-15 13:00:00+00:00,70.5575,46.148599999999995
2026-04-15 14:00:00+00:00,87.67750000000001,63.6623
2026-04-15 15:00:00+00:00,111.1075,125.84672499999999
2026-04-15 16:00:00+00:00,129.65,212.888
2026-04-15 17:00:00+00:00,165.7775,268.64750000000004
2026-04-15 18:00:00+00:00,172.7,302.97275
2026-04-15 19:00:00+00:00,144.665,313.21274999999997
2026-04-15 20:00:00+00:00,130.715,310.81000000000006
2026-04-15 21:00:00+00:00,116.6275,303.63475000000005
2026-04-15 22:00:00+00:00,104.945,296.65175
2026-04-15 23:00:00+00:00,100.10249999999999,293.56000000000006
2026-04-16 00:00:00+00:00,97.565,291.47575000000006
2026-04-16 01:00:00+00:00,96.64,287.56625
2026-04-16 02:00:00+00:00,99.37,297.68675
2026-04-16 03:00:00+00:00,107.385,308.53175
2026-04-16 04:00:00+00:00,134.9,317.99025
2026-04-16 05:00:00+00:00,141.825,304.1535
2026-04-16 06:00:00+00:00,132.415,245.28
2026-04-16 07:00:00+00:00,109.61,175.00625
2026-04-16 08:00:00+00:00,91.17999999999999,85.649
2026-04-16 09:00:00+00:00,66.31,51.76172499999999
2026-04-16 10:00:00+00:00,53.7125,45.385025
2026-04-16 11:00:00+00:00,40.0025,46.298725
2026-04-16 12:00:00+00:00,46.4125,43.571725
2026-04-16 13:00:00+00:00,61.8125,48.42012499999999
2026-04-16 14:00:00+00:00,79.0,72.238475
2026-04-16 15:00:00+00:00,106.03999999999999,138.36874999999998
2026-04-16 16:00:00+00:00,124.0,219.23425
2026-04-16 17:00:00+00:00,159.74,292.91875
2026-04-16 18:00:00+00:00,180.6625,363.05825
2026-04-16 19:00:00+00:00,151.6975,387.23549999999994
2026-04-16 20:00:00+00:00,137.26,392.853
2026-04-16 21:00:00+00:00,125.66499999999999,400.64849999999996
2026-04-16 22:00:00+00:00,121.55,401.24375
2026-04-16 23:00:00+00:00,115.44749999999999,399.03575
2026-04-17 00:00:00+00:00,112.5325,394.44825
2026-04-17 01:00:00+00:00,108.225,390.66875
2026-04-17 02:00:00+00:00,110.6725,386.6925
2026-04-17 03:00:00+00:00,118.935,388.09225
2026-04-17 04:00:00+00:00,143.635,386.1635
2026-04-17 05:00:00+00:00,145.9825,368.44275000000005
2026-04-17 06:00:00+00:00,125.9125,300.11425
2026-04-17 07:00:00+00:00,104.0475,183.7085
2026-04-17 08:00:00+00:00,95.48,102.95475
2026-04-17 09:00:00+00:00,70.755,63.173075
2026-04-17 10:00:00+00:00,45.5925,55.5814
2026-04-17 11:00:00+00:00,38.905,57.501525
2026-04-17 12:00:00+00:00,46.96,60.223725
2026-04-17 13:00:00+00:00,65.10499999999999,75.38605000000001
2026-04-17 14:00:00+00:00,81.4925,96.223975
2026-04-17 15:00:00+00:00,103.52,173.17675
2026-04-17 16:00:00+00:00,120.26,270.17099999999994
2026-04-17 17:00:00+00:00,150.51,331.91725
2026-04-17 18:00:00+00:00,153.2775,382.83625000000006
2026-04-17 19:00:00+00:00,136.835,402.43125000000003
2026-04-17 20:00:00+00:00,122.595,404.67425000000003
2026-04-17 21:00:00+00:00,111.465,407.81175
2026-04-17 22:00:00+00:00,113.775,412.85499999999996
2026-04-17 23:00:00+00:00,108.32,409.32225
2026-04-18 00:00:00+00:00,106.2925,396.76975
2026-04-18 01:00:00+00:00,103.7675,392.76225
2026-04-18 02:00:00+00:00,104.5,390.352
2026-04-18 03:00:00+00:00,106.535,383.4055
2026-04-18 04:00:00+00:00,107.08,362.37625
2026-04-18 05:00:00+00:00,103.985,343.9577500000001
2026-04-18 06:00:00+00:00,101.6625,250.201
2026-04-18 07:00:00+00:00,86.93,151.61374999999998
2026-04-18 08:00:00+00:00,63.07,92.521825
2026-04-18 09:00:00+00:00,40.9675,80.32692499999999
2026-04-18 10:00:00+00:00,32.1,69.18435000000001
2026-04-18 11:00:00+00:00,34.04,76.03462499999999
2026-04-18 12:00:00+00:00,34.7575,85.23305
2026-04-18 13:00:00+00:00,33.572500000000005,106.46929999999999
2026-04-18 14:00:00+00:00,66.3,134.45950000000002
2026-04-18 15:00:00+00:00,92.2025,189.35750000000002
2026-04-18 16:00:00+00:00,117.5925,268.5725
2026-04-18 17:00:00+00:00,131.1575,317.79475
2026-04-18 18:00:00+00:00,144.1775,368.231
2026-04-18 19:00:00+00:00,137.735,410.19875
2026-04-18 20:00:00+00:00,124.6775,420.76324999999997
2026-04-18 21:00:00+00:00,121.465,419.1535
2026-04-18 22:00:00+00:00,115.4925,418.3005
2026-04-18 23:00:00+00:00,105.2225,419.26450000000006
2026-04-19 00:00:00+00:00,109.1975,419.1665
2026-04-19 01:00:00+00:00,103.2475,403.1515
2026-04-19 02:00:00+00:00,103.4625,380.37874999999997
2026-04-19 03:00:00+00:00,97.95,355.05825000000004
2026-04-19 04:00:00+00:00,100.7075,343.02074999999996
2026-04-19 05:00:00+00:00,97.9325,272.037
2026-04-19 06:00:00+00:00,97.2525,153.59275
2026-04-19 07:00:00+00:00,87.66,78.56765
2026-04-19 08:00:00+00:00,61.317499999999995,52.207775000000005
2026-04-19 09:00:00+00:00,28.314999999999998,47.42809999999999
2026-04-19 10:00:00+00:00,8.055,43.02499999999999
2026-04-19 11:00:00+00:00,-0.8475,41.622025
2026-04-19 12:00:00+00:00,-3.005,39.767825
2026-04-19 13:00:00+00:00,-2.255,41.312174999999996
2026-04-19 14:00:00+00:00,13.48,41.81532500000001
2026-04-19 15:00:00+00:00,65.33,51.56695
2026-04-19 16:00:00+00:00,103.85499999999999,111.546975
2026-04-19 17:00:00+00:00,116.8075,187.667
2026-04-19 18:00:00+00:00,124.6425,244.633
2026-04-19 19:00:00+00:00,122.14,278.43325
2026-04-19 20:00:00+00:00,119.0625,311.96250000000003
2026-04-19 21:00:00+00:00,111.3,332.80325
2026-04-19 22:00:00+00:00,112.4325,337.17175
2026-04-19 23:00:00+00:00,104.105,336.78425
2026-04-20 00:00:00+00:00,104.405,348.01625
2026-04-20 01:00:00+00:00,102.235,358.24750000000006
2026-04-20 02:00:00+00:00,103.5175,369.36249999999995
2026-04-20 03:00:00+00:00,108.45,375.91999999999996
2026-04-20 04:00:00+00:00,124.0,376.064
2026-04-20 05:00:00+00:00,156.27499999999998,330.57849999999996
2026-04-20 06:00:00+00:00,148.685,237.67025000000004
2026-04-20 07:00:00+00:00,119.4825,162.59050000000002
2026-04-20 08:00:00+00:00,97.1275,105.9166
2026-04-20 09:00:00+00:00,80.64,74.722075
2026-04-20 10:00:00+00:00,51.182500000000005,72.50800000000001
2026-04-20 11:00:00+00:00,37.8325,70.955875
2026-04-20 12:00:00+00:00,36.8575,71.003625
2026-04-20 13:00:00+00:00,63.8725,79.018675
2026-04-20 14:00:00+00:00,75.035,99.35972500000001
2026-04-20 15:00:00+00:00,100.6675,145.2655
2026-04-20 16:00:00+00:00,117.75,180.1155
2026-04-20 17:00:00+00:00,132.84,194.6505
2026-04-20 18:00:00+00:00,129.355,219.15224999999998
2026-04-20 19:00:00+00:00,123.33,227.6725
2026-04-20 20:00:00+00:00,113.7625,226.31775
2026-04-20 21:00:00+00:00,99.1075,210.3815
2026-04-20 22:00:00+00:00,97.92,205.07649999999998
2026-04-20 23:00:00+00:00,94.125,202.96275
2026-04-21 00:00:00+00:00,92.5275,205.98325
2026-04-21 01:00:00+00:00,94.8575,217.18475
2026-04-21 02:00:00+00:00,95.0225,230.16525000000001
2026-04-21 03:00:00+00:00,95.345,239.5765
2026-04-21 04:00:00+00:00,117.01,254.64724999999999
2026-04-21 05:00:00+00:00,131.475,232.1385
2026-04-21 06:00:00+00:00,118.94749999999999,163.86225
2026-04-21 07:00:00+00:00,95.82249999999999,94.932875
2026-04-21 08:00:00+00:00,54.11,48.09415
2026-04-21 09:00:00+00:00,17.945,34.127575
2026-04-21 10:00:00+00:00,-1.5975,33.870825
2026-04-21 11:00:00+00:00,-6.28,32.675075
2026-04-21 12:00:00+00:00,-8.1225,31.697599999999998
2026-04-21 13:00:00+00:00,-3.3049999999999997,32.1626
2026-04-21 14:00:00+00:00,8.395,34.798825
2026-04-21 15:00:00+00:00,61.155,42.6186
2026-04-21 16:00:00+00:00,95.6325,81.980425
2026-04-21 17:00:00+00:00,121.36,132.07125
2026-04-21 18:00:00+00:00,130.5975,171.41600000000003
2026-04-21 19:00:00+00:00,120.97,194.683
2026-04-21 20:00:00+00:00,113.64750000000001,201.779
2026-04-21 21:00:00+00:00,101.88,203.67175
2026-04-21 22:00:00+00:00,97.92999999999999,200.52775
2026-04-21 23:00:00+00:00,95.825,201.777
2026-04-22 00:00:00+00:00,96.28999999999999,215.574
2026-04-22 01:00:00+00:00,96.615,233.6885
2026-04-22 02:00:00+00:00,96.415,243.8295
2026-04-22 03:00:00+00:00,105.695,264.4085
2026-04-22 04:00:00+00:00,124.1175,282.64475
2026-04-22 05:00:00+00:00,134.5025,264.9455
2026-04-22 06:00:00+00:00,113.575,188.726
2026-04-22 07:00:00+00:00,83.38,92.035975
2026-04-22 08:00:00+00:00,18.1525,47.7099
2026-04-22 09:00:00+00:00,-1.615,42.607575000000004
2026-04-22 10:00:00+00:00,-6.5125,37.054375
2026-04-22 11:00:00+00:00,-19.597499999999997,35.560275000000004
2026-04-22 12:00:00+00:00,-18.189999999999998,35.6014
2026-04-22 13:00:00+00:00,-4.4325,35.83410000000001
2026-04-22 14:00:00+00:00,0.1975,35.345025
2026-04-22 15:00:00+00:00,50.817499999999995,41.019275
2026-04-22 16:00:00+00:00,93.235,77.1125
2026-04-22 17:00:00+00:00,130.01,139.9275
2026-04-22 18:00:00+00:00,147.8725,182.195
2026-04-22 19:00:00+00:00,117.675,216.2305
2026-04-22 20:00:00+00:00,110.2,238.98775
2026-04-22 21:00:00+00:00,105.0775,243.29925000000003
2026-04-22 22:00:00+00:00,104.0,255.79950000000002
2026-04-22 23:00:00+00:00,98.5175,268.92775
2026-04-23 00:00:00+00:00,106.2,277.2055
2026-04-23 01:00:00+00:00,109.715,282.90875
2026-04-23 02:00:00+00:00,110.82,297.57075
2026-04-23 03:00:00+00:00,117.27000000000001,308.06975
2026-04-23 04:00:00+00:00,138.91,306.09749999999997
2026-04-23 05:00:00+00:00,145.39000000000001,281.21750000000003
2026-04-23 06:00:00+00:00,118.8175,209.06249999999997
2026-04-23 07:00:00+00:00,80.71000000000001,99.99360000000001
2026-04-23 08:00:00+00:00,16.98,46.670249999999996
2026-04-23 09:00:00+00:00,0.0,38.00405000000001
2026-04-23 10:00:00+00:00,-27.744999999999997,34.620175
2026-04-23 11:00:00+00:00,-49.365,31.502774999999996
2026-04-23 12:00:00+00:00,-48.5625,30.702475
2026-04-23 13:00:00+00:00,-22.6375,31.4872
2026-04-23 14:00:00+00:00,-1.9400000000000002,34.558949999999996
2026-04-23 15:00:00+00:00,21.9875,42.632
2026-04-23 16:00:00+00:00,98.0,97.74495
2026-04-23 17:00:00+00:00,123.26750000000001,175.69025
2026-04-23 18:00:00+00:00,134.96,245.7525
2026-04-23 19:00:00+00:00,151.95,292.517
2026-04-23 20:00:00+00:00,144.2,317.45550000000003
2026-04-23 21:00:00+00:00,125.7,333.47575
2026-04-23 22:00:00+00:00,100.115,331.85175
2026-04-23 23:00:00+00:00,100.13,330.0195
2026-04-24 00:00:00+00:00,100.71000000000001,334.0695
2026-04-24 01:00:00+00:00,101.69,335.18674999999996
2026-04-24 02:00:00+00:00,101.4825,321.8375
2026-04-24 03:00:00+00:00,109.65,320.18250000000006
2026-04-24 04:00:00+00:00,128.0,315.895
2026-04-24 05:00:00+00:00,142.165,287.173
2026-04-24 06:00:00+00:00,134.45,236.95125000000002
2026-04-24 07:00:00+00:00,102.68,143.44425
2026-04-24 08:00:00+00:00,25.9225,57.841274999999996
2026-04-24 09:00:00+00:00,-0.035,43.29635
2026-04-24 10:00:00+00:00,-6.9075,38.878724999999996
2026-04-24 11:00:00+00:00,-26.1075,36.077374999999996
2026-04-24 12:00:00+00:00,-29.942500000000003,35.657725
2026-04-24 13:00:00+00:00,-16.535,36.976625
2026-04-24 14:00:00+00:00,-1.595,43.526475000000005
2026-04-24 15:00:00+00:00,46.48,64.470725
2026-04-24 16:00:00+00:00,103.9725,135.37
2026-04-24 17:00:00+00:00,136.5675,237.2785
2026-04-24 18:00:00+00:00,155.6525,308.42
2026-04-24 19:00:00+00:00,151.9075,343.8915
2026-04-24 20:00:00+00:00,131.35750000000002,361.23475
2026-04-24 21:00:00+00:00,120.0,365.72749999999996
2026-04-24 22:00:00+00:00,134.065,370.68975
2026-04-24 23:00:00+00:00,125.39750000000001,379.94075
2026-04-25 00:00:00+00:00,116.205,385.6615
2026-04-25 01:00:00+00:00,105.27250000000001,389.68725000000006
2026-04-25 02:00:00+00:00,110.05,394.75224999999995
2026-04-25 03:00:00+00:00,106.0375,388.04574999999994
2026-04-25 04:00:00+00:00,134.2,383.67475
2026-04-25 05:00:00+00:00,125.0,340.09049999999996
2026-04-25 06:00:00+00:00,132.2375,247.11775000000003
2026-04-25 07:00:00+00:00,55.0025,126.44254999999998
2026-04-25 08:00:00+00:00,-1.32,58.474174999999995
2026-04-25 09:00:00+00:00,-42.1125,39.080325
2026-04-25 10:00:00+00:00,-100.3125,32.24005
2026-04-25 11:00:00+00:00,-176.02,28.9665
2026-04-25 12:00:00+00:00,-190.34,28.231875
2026-04-25 13:00:00+00:00,-133.55,29.042225000000002
2026-04-25 14:00:00+00:00,-53.7725,31.999924999999998
2026-04-25 15:00:00+00:00,-1.4725,38.779075
2026-04-25 16:00:00+00:00,85.0975,79.24882500000001
2026-04-25 17:00:00+00:00,127.0,193.41025000000002
2026-04-25 18:00:00+00:00,151.41,276.82
2026-04-25 19:00:00+00:00,156.1225,308.716
2026-04-25 20:00:00+00:00,144.26,324.7685
2026-04-25 21:00:00+00:00,139.3975,325.005
2026-04-25 22:00:00+00:00,120.0025,315.35425
2026-04-25 23:00:00+00:00,100.0,311.53249999999997
2026-04-26 00:00:00+00:00,98.24000000000001,308.9795
2026-04-26 01:00:00+00:00,112.07249999999999,325.47150000000005
2026-04-26 02:00:00+00:00,118.94,329.719
2026-04-26 03:00:00+00:00,112.5675,331.76374999999996
2026-04-26 04:00:00+00:00,120.245,330.21975000000003
2026-04-26 05:00:00+00:00,115.9975,249.435
2026-04-26 06:00:00+00:00,79.74,134.192
2026-04-26 07:00:00+00:00,0.44499999999999984,68.13265
2026-04-26 08:00:00+00:00,-28.185000000000002,51.963525000000004
2026-04-26 09:00:00+00:00,-127.205,43.7179
2026-04-26 10:00:00+00:00,-259.745,38.346075
2026-04-26 11:00:00+00:00,-413.34000000000003,35.97615
2026-04-26 12:00:00+00:00,-412.9,37.290699999999994
2026-04-26 13:00:00+00:00,-235.4925,39.08805
2026-04-26 14:00:00+00:00,-37.252500000000005,44.51482500000001
2026-04-26 15:00:00+00:00,11.7475,66.923175
2026-04-26 16:00:00+00:00,118.135,134.06225
2026-04-26 17:00:00+00:00,158.9075,229.96325000000002
2026-04-26 18:00:00+00:00,165.7125,306.755
2026-04-26 19:00:00+00:00,145.0525,346.0865
2026-04-26 20:00:00+00:00,127.585,352.8825
2026-04-26 21:00:00+00:00,119.4375,356.842
2026-04-26 22:00:00+00:00,111.4625,357.30525
2026-04-26 23:00:00+00:00,106.2125,375.4395
2026-04-27 00:00:00+00:00,105.9425,393.3795
2026-04-27 01:00:00+00:00,104.36500000000001,397.55825
2026-04-27 02:00:00+00:00,108.705,400.505
2026-04-27 03:00:00+00:00,119.035,400.54599999999994
2026-04-27 04:00:00+00:00,165.5675,394.10875
2026-04-27 05:00:00+00:00,153.69,348.032
2026-04-27 06:00:00+00:00,126.95,283.88225
2026-04-27 07:00:00+00:00,121.6925,197.273
2026-04-27 08:00:00+00:00,85.0,107.419475
2026-04-27 09:00:00+00:00,5.9775,72.39670000000001
2026-04-27 10:00:00+00:00,-0.0975,63.985425
2026-04-27 11:00:00+00:00,-0.83,64.61335
2026-04-27 12:00:00+00:00,-0.1625,67.957975
2026-04-27 13:00:00+00:00,4.91,66.49052499999999
2026-04-27 14:00:00+00:00,59.052499999999995,79.415975
2026-04-27 15:00:00+00:00,99.4225,141.97199999999998
2026-04-27 16:00:00+00:00,121.41499999999999,229.79525
2026-04-27 17:00:00+00:00,174.8225,283.673
2026-04-27 18:00:00+00:00,158.7975,312.334
2026-04-27 19:00:00+00:00,147.12,312.00100000000003
2026-04-27 20:00:00+00:00,120.8575,290.3575
2026-04-27 21:00:00+00:00,106.565,255.7775
2026-04-27 22:00:00+00:00,110.8775,231.801
2026-04-27 23:00:00+00:00,106.9025,222.649
2026-04-28 00:00:00+00:00,102.98,243.03325
2026-04-28 01:00:00+00:00,100.0025,264.381
2026-04-28 02:00:00+00:00,97.99000000000001,253.25300000000001
2026-04-28 03:00:00+00:00,101.555,246.68949999999998
2026-04-28 04:00:00+00:00,110.0625,242.09150000000002
2026-04-28 05:00:00+00:00,113.425,187.1605
2026-04-28 06:00:00+00:00,108.905,124.50150000000002
2026-04-28 07:00:00+00:00,76.725,73.76647499999999
2026-04-28 08:00:00+00:00,22.040000000000003,48.06185
2026-04-28 09:00:00+00:00,-3.8975,27.64055
2026-04-28 10:00:00+00:00,-31.997500000000002,25.232274999999998
2026-04-28 11:00:00+00:00,-43.8025,26.863125
2026-04-28 12:00:00+00:00,-48.0,27.1237
2026-04-28 13:00:00+00:00,-39.9075,25.615649999999995
2026-04-28 14:00:00+00:00,-7.68,25.50585
2026-04-28 15:00:00+00:00,22.64,33.1979
2026-04-28 16:00:00+00:00,83.8125,47.114375
2026-04-28 17:00:00+00:00,109.04249999999999,80.1015
2026-04-28 18:00:00+00:00,111.3725,103.871675
2026-04-28 19:00:00+00:00,104.9,123.3455
2026-04-28 20:00:00+00:00,100.0,127.39425000000001
2026-04-28 21:00:00+00:00,91.0,118.68825
2026-04-28 22:00:00+00:00,89.86749999999999,109.60725
2026-04-28 23:00:00+00:00,88.06,110.561
2026-04-29 00:00:00+00:00,87.2825,112.96325
2026-04-29 01:00:00+00:00,86.49000000000001,119.04275
2026-04-29 02:00:00+00:00,87.8375,125.189
2026-04-29 03:00:00+00:00,95.205,127.7575
2026-04-29 04:00:00+00:00,134.5075,137.41825
2026-04-29 05:00:00+00:00,116.3025,113.168325
2026-04-29 06:00:00+00:00,101.2975,75.667025
2026-04-29 07:00:00+00:00,58.2275,42.160725000000006
2026-04-29 08:00:00+00:00,-0.012499999999999734,30.993275
2026-04-29 09:00:00+00:00,-9.7025,29.4617
2026-04-29 10:00:00+00:00,-32.0125,28.392475
2026-04-29 11:00:00+00:00,-56.7575,26.9701
2026-04-29 12:00:00+00:00,-52.415,27.955000000000002
2026-04-29 13:00:00+00:00,-33.3525,29.168525000000002
2026-04-29 14:00:00+00:00,-10.525,27.690949999999997
2026-04-29 15:00:00+00:00,17.9725,28.314025
2026-04-29 16:00:00+00:00,81.015,40.935225
2026-04-29 17:00:00+00:00,117.0075,55.9699
2026-04-29 18:00:00+00:00,145.64,75.30075
2026-04-29 19:00:00+00:00,129.99,94.4514
2026-04-29 20:00:00+00:00,105.5925,101.06422500000001
2026-04-29 21:00:00+00:00,95.35,101.64150000000001
2026-04-29 22:00:00+00:00,91.05250000000001,102.89375
2026-04-29 23:00:00+00:00,89.9375,107.45575000000001
2026-04-30 00:00:00+00:00,88.7375,112.298
2026-04-30 01:00:00+00:00,87.795,114.1035
2026-04-30 02:00:00+00:00,92.3,110.39825
2026-04-30 03:00:00+00:00,101.3175,115.702
2026-04-30 04:00:00+00:00,132.45749999999998,130.2335
2026-04-30 05:00:00+00:00,111.3725,110.76174999999999
2026-04-30 06:00:00+00:00,85.0475,74.0103
2026-04-30 07:00:00+00:00,41.0025,46.53837500000001
2026-04-30 08:00:00+00:00,-0.015000000000000013,36.352850000000004
2026-04-30 09:00:00+00:00,-3.4775,32.72345
2026-04-30 10:00:00+00:00,-16.695,31.154725000000003
2026-04-30 11:00:00+00:00,-31.55,31.0135
2026-04-30 12:00:00+00:00,-27.995,31.37645
2026-04-30 13:00:00+00:00,-11.64,32.12785
2026-04-30 14:00:00+00:00,-1.9875,33.337825
2026-04-30 15:00:00+00:00,19.015,35.9882
2026-04-30 16:00:00+00:00,84.3775,52.294325
2026-04-30 17:00:00+00:00,132.8875,91.91125
2026-04-30 18:00:00+00:00,174.705,135.1945
2026-04-30 19:00:00+00:00,143.3,155.50350000000003
2026-04-30 20:00:00+00:00,113.32,154.98075
2026-04-30 21:00:00+00:00,104.8475,116.93325
2026-04-30 22:00:00+00:00,107.22749999999999,91.52235
2026-04-30 23:00:00+00:00,103.085,96.6184
2026-05-01 00:00:00+00:00,101.385,110.24074999999999
2026-05-01 01:00:00+00:00,99.3225,115.56025
2026-05-01 02:00:00+00:00,97.7825,122.663
2026-05-01 03:00:00+00:00,97.495,125.23500000000001
2026-05-01 04:00:00+00:00,104.97749999999999,113.23575
2026-05-01 05:00:00+00:00,91.25,84.252475
2026-05-01 06:00:00+00:00,33.9025,54.396425
2026-05-01 07:00:00+00:00,-0.027500000000000024,41.14785
2026-05-01 08:00:00+00:00,-21.0925,32.389675
2026-05-01 09:00:00+00:00,-107.9375,27.23845
2026-05-01 10:00:00+00:00,-317.3175,24.927274999999998
2026-05-01 11:00:00+00:00,-498.4425,23.4579
2026-05-01 12:00:00+00:00,-473.9725,23.82505
2026-05-01 13:00:00+00:00,-205.23,25.949675000000003
2026-05-01 14:00:00+00:00,-26.16,28.972175000000004
2026-05-01 15:00:00+00:00,5.095,40.64475
2026-05-01 16:00:00+00:00,98.255,93.69432499999999
2026-05-01 17:00:00+00:00,160.0025,194.19625
2026-05-01 18:00:00+00:00,177.86,315.906
2026-05-01 19:00:00+00:00,142.95,374.97225000000003
2026-05-01 20:00:00+00:00,134.0275,373.34325
2026-05-01 21:00:00+00:00,125.3725,364.81225000000006
2026-05-01 22:00:00+00:00,123.3775,360.45425
2026-05-01 23:00:00+00:00,115.1175,345.791
2026-05-02 00:00:00+00:00,119.9,337.04475
2026-05-02 01:00:00+00:00,108.71000000000001,329.60249999999996
2026-05-02 02:00:00+00:00,108.4,313.75275000000005
2026-05-02 03:00:00+00:00,107.59,314.42499999999995
2026-05-02 04:00:00+00:00,107.2875,295.10224999999997
2026-05-02 05:00:00+00:00,101.1,191.29700000000003
2026-05-02 06:00:00+00:00,73.4175,120.03899999999999
2026-05-02 07:00:00+00:00,5.82,86.29327500000001
2026-05-02 08:00:00+00:00,-0.52,63.44715000000001
2026-05-02 09:00:00+00:00,-9.225,52.98695000000001
2026-05-02 10:00:00+00:00,-18.380000000000003,43.694175
2026-05-02 11:00:00+00:00,-59.432500000000005,43.451125
2026-05-02 12:00:00+00:00,-40.01,42.853525
2026-05-02 13:00:00+00:00,-8.7975,46.556425
2026-05-02 14:00:00+00:00,0.06,53.76165
2026-05-02 15:00:00+00:00,73.485,75.78362499999999
2026-05-02 16:00:00+00:00,138.2,166.13975
2026-05-02 17:00:00+00:00,169.16,253.98175
2026-05-02 18:00:00+00:00,203.66,330.04449999999997
2026-05-02 19:00:00+00:00,161.16,351.50525
2026-05-02 20:00:00+00:00,142.29000000000002,341.916
2026-05-02 21:00:00+00:00,121.315,331.16999999999996
2026-05-02 22:00:00+00:00,120.1275,318.34124999999995
2026-05-02 23:00:00+00:00,116.0325,337.38225
2026-05-03 00:00:00+00:00,114.0575,350.34049999999996
2026-05-03 01:00:00+00:00,110.7625,358.79049999999995
2026-05-03 02:00:00+00:00,106.375,355.6395
2026-05-03 03:00:00+00:00,107.1275,358.809
2026-05-03 04:00:00+00:00,103.2075,355.51475
2026-05-03 05:00:00+00:00,95.585,262.0615
2026-05-03 06:00:00+00:00,80.695,155.4025
2026-05-03 07:00:00+00:00,47.4775,94.577975
2026-05-03 08:00:00+00:00,24.9975,85.673625
2026-05-03 09:00:00+00:00,24.2075,90.146775
2026-05-03 10:00:00+00:00,28.5625,92.512175
2026-05-03 11:00:00+00:00,33.147499999999994,110.39875
2026-05-03 12:00:00+00:00,39.9975,123.2235
2026-05-03 13:00:00+00:00,45.0075,132.68550000000002
2026-05-03 14:00:00+00:00,65.2525,148.868
2026-05-03 15:00:00+00:00,105.6275,197.4755
2026-05-03 16:00:00+00:00,117.7825,261.35475
2026-05-03 17:00:00+00:00,138.95499999999998,294.635
2026-05-03 18:00:00+00:00,145.12,331.5295
2026-05-03 19:00:00+00:00,136.3425,361.59149999999994
2026-05-03 20:00:00+00:00,129.69,381.79925000000003
2026-05-03 21:00:00+00:00,119.42999999999999,390.05899999999997
2026-05-03 22:00:00+00:00,117.17750000000001,402.59250000000003
2026-05-03 23:00:00+00:00,108.4425,409.38199999999995
2026-05-04 00:00:00+00:00,110.5275,405.90775
2026-05-04 01:00:00+00:00,106.3475,411.56025
2026-05-04 02:00:00+00:00,108.6625,412.7585
2026-05-04 03:00:00+00:00,126.8875,409.2245
2026-05-04 04:00:00+00:00,148.7475,401.087
2026-05-04 05:00:00+00:00,152.565,370.85249999999996
2026-05-04 06:00:00+00:00,135.44,322.16700000000003
2026-05-04 07:00:00+00:00,118.145,271.35025
2026-05-04 08:00:00+00:00,108.64500000000001,230.483
2026-05-04 09:00:00+00:00,101.685,197.623
2026-05-04 10:00:00+00:00,88.71249999999999,166.2355
2026-05-04 11:00:00+00:00,82.235,162.48175
2026-05-04 12:00:00+00:00,94.305,162.58100000000002
2026-05-04 13:00:00+00:00,101.1375,173.655
2026-05-04 14:00:00+00:00,106.77499999999999,181.87150000000003
2026-05-04 15:00:00+00:00,122.815,214.89975
2026-05-04 16:00:00+00:00,125.1025,252.68475
2026-05-04 17:00:00+00:00,205.3625,287.63950000000006
2026-05-04 18:00:00+00:00,220.36,313.4105
2026-05-04 19:00:00+00:00,185.9,322.24625000000003
2026-05-04 20:00:00+00:00,151.5125,324.27450000000005
2026-05-04 21:00:00+00:00,135.46,333.2275
2026-05-04 22:00:00+00:00,128.9,326.284
2026-05-04 23:00:00+00:00,123.515,330.28175
2026-05-05 00:00:00+00:00,118.505,332.04475
2026-05-05 01:00:00+00:00,118.35,333.77074999999996
2026-05-05 02:00:00+00:00,120.07,331.45874999999995
2026-05-05 03:00:00+00:00,129.5075,336.558
2026-05-05 04:00:00+00:00,152.0075,342.47974999999997
2026-05-05 05:00:00+00:00,157.735,339.36725
2026-05-05 06:00:00+00:00,143.1325,302.72274999999996
2026-05-05 07:00:00+00:00,128.6925,259.7785
2026-05-05 08:00:00+00:00,114.4425,218.95874999999998
2026-05-05 09:00:00+00:00,109.45,188.1165
2026-05-05 10:00:00+00:00,101.1,156.03025
2026-05-05 11:00:00+00:00,99.17,145.52925
2026-05-05 12:00:00+00:00,99.4225,142.02825
2026-05-05 13:00:00+00:00,102.985,143.56550000000001
2026-05-05 14:00:00+00:00,104.7225,159.24975
2026-05-05 15:00:00+00:00,116.57000000000001,192.22725000000003
2026-05-05 16:00:00+00:00,125.95750000000001,221.26
2026-05-05 17:00:00+00:00,137.5,246.67925
2026-05-05 18:00:00+00:00,143.9375,268.48850000000004
2026-05-05 19:00:00+00:00,140.76500000000001,286.088
2026-05-05 20:00:00+00:00,124.89750000000001,293.07975
2026-05-05 21:00:00+00:00,110.92750000000001,301.44424999999995
2026-05-05 22:00:00+00:00,119.735,300.59025
2026-05-05 23:00:00+00:00,113.7725,294.4167499999999
2026-05-06 00:00:00+00:00,111.89750000000001,290.58700000000005
2026-05-06 01:00:00+00:00,111.63,285.8255000000001
2026-05-06 02:00:00+00:00,111.5825,280.11975
2026-05-06 03:00:00+00:00,115.61,280.77525
2026-05-06 04:00:00+00:00,129.62,275.44475
2026-05-06 05:00:00+00:00,140.28,260.9205
2026-05-06 06:00:00+00:00,139.765,229.263
2026-05-06 07:00:00+00:00,121.69500000000001,188.5085
2026-05-06 08:00:00+00:00,110.2,157.17025
2026-05-06 09:00:00+00:00,105.8675,130.548
2026-05-06 10:00:00+00:00,102.565,112.6755
2026-05-06 11:00:00+00:00,91.9525,109.68424999999999
2026-05-06 12:00:00+00:00,91.63,108.73325
2026-05-06 13:00:00+00:00,103.36250000000001,114.25474999999999
2026-05-06 14:00:00+00:00,109.9975,131.46125
2026-05-06 15:00:00+00:00,120.1475,173.68375
2026-05-06 16:00:00+00:00,135.54,216.28975
2026-05-06 17:00:00+00:00,153.0,248.49925000000002
2026-05-06 18:00:00+00:00,156.4,276.4415
2026-05-06 19:00:00+00:00,154.61,299.7695
2026-05-06 20:00:00+00:00,143.4125,315.67425
2026-05-06 21:00:00+00:00,128.43,321.19399999999996
2026-05-06 22:00:00+00:00,125.17,334.59749999999997
2026-05-06 23:00:00+00:00,116.5025,343.9
2026-05-07 00:00:00+00:00,115.08500000000001,351.77025
2026-05-07 01:00:00+00:00,115.5725,363.78325
2026-05-07 02:00:00+00:00,117.0325,372.94174999999996
2026-05-07 03:00:00+00:00,124.3975,377.4005
2026-05-07 04:00:00+00:00,147.22,373.10425000000004
2026-05-07 05:00:00+00:00,162.72750000000002,328.86199999999997
2026-05-07 06:00:00+00:00,154.2525,269.849
2026-05-07 07:00:00+00:00,123.7775,207.18675
2026-05-07 08:00:00+00:00,107.025,149.62750000000003
2026-05-07 09:00:00+00:00,97.3325,110.8755
2026-05-07 10:00:00+00:00,96.77,96.82109999999999
2026-05-07 11:00:00+00:00,95.04,116.87325000000001
2026-05-07 12:00:00+00:00,95.905,143.1685
2026-05-07 13:00:00+00:00,100.9025,164.38075
2026-05-07 14:00:00+00:00,109.2525,198.14075
2026-05-07 15:00:00+00:00,123.48750000000001,238.87924999999998
2026-05-07 16:00:00+00:00,142.38,265.66925000000003
2026-05-07 17:00:00+00:00,178.9425,301.21500000000003
2026-05-07 18:00:00+00:00,212.135,339.955
2026-05-07 19:00:00+00:00,177.735,361.89275
2026-05-07 20:00:00+00:00,153.16,364.74899999999997
2026-05-07 21:00:00+00:00,140.5525,368.095
2026-05-07 22:00:00+00:00,127.77000000000001,370.11949999999996
2026-05-07 23:00:00+00:00,118.695,379.733
2026-05-08 00:00:00+00:00,115.96000000000001,382.81350000000003
2026-05-08 01:00:00+00:00,112.045,385.82174999999995
2026-05-08 02:00:00+00:00,111.3275,377.99925
2026-05-08 03:00:00+00:00,118.5325,385.36024999999995
2026-05-08 04:00:00+00:00,138.01749999999998,372.9405
2026-05-08 05:00:00+00:00,138.33,328.21374999999995
2026-05-08 06:00:00+00:00,128.565,268.93350000000004
2026-05-08 07:00:00+00:00,111.92,193.45225
2026-05-08 08:00:00+00:00,91.185,125.5615
2026-05-08 09:00:00+00:00,70.7125,82.685225
2026-05-08 10:00:00+00:00,59.324999999999996,66.288075
2026-05-08 11:00:00+00:00,53.8775,62.135
2026-05-08 12:00:00+00:00,59.769999999999996,80.66035
2026-05-08 13:00:00+00:00,75.97,100.9109
2026-05-08 14:00:00+00:00,92.4425,125.93950000000001
2026-05-08 15:00:00+00:00,107.6775,164.997
2026-05-08 16:00:00+00:00,119.87,203.99200000000002
2026-05-08 17:00:00+00:00,137.49,257.88
2026-05-08 18:00:00+00:00,146.815,312.3545
2026-05-08 19:00:00+00:00,134.96,348.462
2026-05-08 20:00:00+00:00,125.0,348.98724999999996
2026-05-08 21:00:00+00:00,114.65,352.126
2026-05-08 22:00:00+00:00,120.0025,359.76075000000003
2026-05-08 23:00:00+00:00,116.81,363.71375
2026-05-09 00:00:00+00:00,113.8925,363.9195
2026-05-09 01:00:00+00:00,112.9375,362.56325
2026-05-09 02:00:00+00:00,113.8375,371.64725
2026-05-09 03:00:00+00:00,117.1575,373.5897499999999
2026-05-09 04:00:00+00:00,118.22,351.66775000000007
2026-05-09 05:00:00+00:00,111.1325,256.0915
2026-05-09 06:00:00+00:00,101.175,145.7495
2026-05-09 07:00:00+00:00,62.9925,75.562375
2026-05-09 08:00:00+00:00,9.9325,52.023599999999995
2026-05-09 09:00:00+00:00,-0.0125,48.62567500000001
2026-05-09 10:00:00+00:00,-0.05,45.640874999999994
2026-05-09 11:00:00+00:00,-0.09,43.186775
2026-05-09 12:00:00+00:00,-0.0125,46.5304
2026-05-09 13:00:00+00:00,0.0025,49.18320000000001
2026-05-09 14:00:00+00:00,24.28,51.9563
2026-05-09 15:00:00+00:00,81.83749999999999,77.311525
2026-05-09 16:00:00+00:00,114.4,136.82475
2026-05-09 17:00:00+00:00,128.65,182.76199999999997
2026-05-09 18:00:00+00:00,140.9725,224.07375000000002
2026-05-09 19:00:00+00:00,136.055,252.48775
2026-05-09 20:00:00+00:00,129.96,248.34475000000003
2026-05-09 21:00:00+00:00,120.81,257.26875000000007
2026-05-09 22:00:00+00:00,120.19,258.80474999999996
2026-05-09 23:00:00+00:00,117.56,258.80275
2026-05-10 00:00:00+00:00,114.995,256.37399999999997
2026-05-10 01:00:00+00:00,112.765,248.47525000000005
2026-05-10 02:00:00+00:00,110.77,239.77925
2026-05-10 03:00:00+00:00,110.3725,225.27750000000003
2026-05-10 04:00:00+00:00,106.36,199.34175
2026-05-10 05:00:00+00:00,93.9875,119.474525
2026-05-10 06:00:00+00:00,63.6425,65.5232
2026-05-10 07:00:00+00:00,11.180000000000001,40.51775000000001
2026-05-10 08:00:00+00:00,-0.01,33.11315
2026-05-10 09:00:00+00:00,-1.5924999999999998,30.291475
2026-05-10 10:00:00+00:00,-4.0,28.31195
2026-05-10 11:00:00+00:00,-4.0,27.718325000000004
2026-05-10 12:00:00+00:00,-2.3899999999999997,26.9255
2026-05-10 13:00:00+00:00,-0.2525,26.2981
2026-05-10 14:00:00+00:00,2.045,28.179225
2026-05-10 15:00:00+00:00,60.959999999999994,34.376825
2026-05-10 16:00:00+00:00,99.38749999999999,70.0835
2026-05-10 17:00:00+00:00,110.66,108.479075
2026-05-10 18:00:00+00:00,123.78999999999999,140.72799999999998
2026-05-10 19:00:00+00:00,123.4,166.95974999999999
2026-05-10 20:00:00+00:00,119.5375,182.39475
2026-05-10 21:00:00+00:00,113.18,200.74325
2026-05-10 22:00:00+00:00,108.745,211.72025
2026-05-10 23:00:00+00:00,102.525,227.79975
2026-05-11 00:00:00+00:00,101.03,247.81550000000001
2026-05-11 01:00:00+00:00,104.57,266.77975
2026-05-11 02:00:00+00:00,106.39,284.155
2026-05-11 03:00:00+00:00,118.565,302.5225
2026-05-11 04:00:00+00:00,138.64749999999998,316.01175000000006
2026-05-11 05:00:00+00:00,165.875,282.3775
2026-05-11 06:00:00+00:00,156.855,222.92999999999998
2026-05-11 07:00:00+00:00,130.16,153.24300000000002
2026-05-11 08:00:00+00:00,116.805,90.576425
2026-05-11 09:00:00+00:00,103.5925,64.594425
2026-05-11 10:00:00+00:00,95.6525,56.1059
2026-05-11 11:00:00+00:00,89.2,55.987625
2026-05-11 12:00:00+00:00,81.1975,46.0366
2026-05-11 13:00:00+00:00,70.0,46.146724999999996
2026-05-11 14:00:00+00:00,61.025,56.50192499999999
2026-05-11 15:00:00+00:00,97.9025,63.07575
2026-05-11 16:00:00+00:00,112.8175,71.27307499999999
2026-05-11 17:00:00+00:00,125.2075,94.23004999999999
2026-05-11 18:00:00+00:00,130.26,116.70549999999999
2026-05-11 19:00:00+00:00,127.3175,126.49050000000001
2026-05-11 20:00:00+00:00,120.805,122.23275
2026-05-11 21:00:00+00:00,109.0325,114.302
2026-05-11 22:00:00+00:00,99.17,96.63615
2026-05-11 23:00:00+00:00,94.5275,92.11475000000002
2026-05-12 00:00:00+00:00,89.41,92.033725
2026-05-12 01:00:00+00:00,88.2,96.608125
2026-05-12 02:00:00+00:00,90.55,103.15485
2026-05-12 03:00:00+00:00,93.7825,110.05699999999999
2026-05-12 04:00:00+00:00,111.365,119.7405
2026-05-12 05:00:00+00:00,122.6175,111.628
2026-05-12 06:00:00+00:00,112.145,90.32415
2026-05-12 07:00:00+00:00,94.075,62.74542499999999
2026-05-12 08:00:00+00:00,77.42750000000001,45.27675000000001
2026-05-12 09:00:00+00:00,61.21,44.613525
2026-05-12 10:00:00+00:00,44.0125,41.51107499999999
2026-05-12 11:00:00+00:00,27.330000000000002,39.342800000000004
2026-05-12 12:00:00+00:00,25.5,42.135450000000006
2026-05-12 13:00:00+00:00,44.870000000000005,44.95165
2026-05-12 14:00:00+00:00,71.38,51.556475000000006
2026-05-12 15:00:00+00:00,96.0,85.117325
2026-05-12 16:00:00+00:00,114.88,129.65975000000003
2026-05-12 17:00:00+00:00,135.115,160.0505
2026-05-12 18:00:00+00:00,142.8775,200.744
2026-05-12 19:00:00+00:00,142.7425,220.858
2026-05-12 20:00:00+00:00,131.225,236.7255
2026-05-12 21:00:00+00:00,118.345,230.2055
2026-05-12 22:00:00+00:00,109.6875,227.34725
2026-05-12 23:00:00+00:00,103.71000000000001,221.94025
2026-05-13 00:00:00+00:00,99.3275,217.19600000000003
2026-05-13 01:00:00+00:00,100.0,219.35549999999998
2026-05-13 02:00:00+00:00,104.88,236.03000000000003
2026-05-13 03:00:00+00:00,112.8375,261.59425
2026-05-13 04:00:00+00:00,126.6,263.68625000000003
2026-05-13 05:00:00+00:00,133.7475,213.76525
2026-05-13 06:00:00+00:00,121.03,182.87124999999997
2026-05-13 07:00:00+00:00,92.41499999999999,128.94400000000002
2026-05-13 08:00:00+00:00,76.3375,123.85325000000002
2026-05-13 09:00:00+00:00,73.9425,122.21475
2026-05-13 10:00:00+00:00,66.41,110.8835
2026-05-13 11:00:00+00:00,63.7025,100.931675
2026-05-13 12:00:00+00:00,61.832499999999996,97.2938
2026-05-13 13:00:00+00:00,72.4125,96.40395
2026-05-13 14:00:00+00:00,81.16499999999999,100.966575
2026-05-13 15:00:00+00:00,96.96000000000001,141.02775
2026-05-13 16:00:00+00:00,119.02,219.53224999999998
2026-05-13 17:00:00+00:00,140.7125,247.5755
2026-05-13 18:00:00+00:00,161.625,276.55724999999995
2026-05-13 19:00:00+00:00,150.2575,317.11375
2026-05-13 20:00:00+00:00,134.11,312.47400000000005
2026-05-13 21:00:00+00:00,119.1675,321.22875000000005
2026-05-13 22:00:00+00:00,118.7525,311.01849999999996
2026-05-13 23:00:00+00:00,112.7225,284.65275
2026-05-14 00:00:00+00:00,108.8875,279.88475
2026-05-14 01:00:00+00:00,107.5325,262.49625
2026-05-14 02:00:00+00:00,105.255,257.0565
2026-05-14 03:00:00+00:00,104.6725,245.5565
2026-05-14 04:00:00+00:00,101.9075,241.367
2026-05-14 05:00:00+00:00,103.5375,212.32049999999998
2026-05-14 06:00:00+00:00,93.95,162.47575
2026-05-14 07:00:00+00:00,80.985,125.27749999999999
2026-05-14 08:00:00+00:00,54.129999999999995,81.2959
2026-05-14 09:00:00+00:00,31.955,66.33012500000001
2026-05-14 10:00:00+00:00,18.82,56.277975
2026-05-14 11:00:00+00:00,7.4325,47.287825
2026-05-14 12:00:00+00:00,4.245,50.088049999999996
2026-05-14 13:00:00+00:00,15.8475,53.117875
2026-05-14 14:00:00+00:00,59.08,56.953525
2026-05-14 15:00:00+00:00,84.5425,84.84705000000001
2026-05-14 16:00:00+00:00,116.55,152.23399999999998
2026-05-14 17:00:00+00:00,135.1125,201.71599999999998
2026-05-14 18:00:00+00:00,156.48000000000002,262.01825
2026-05-14 19:00:00+00:00,152.5225,321.0845
2026-05-14 20:00:00+00:00,143.8875,335.92674999999997
2026-05-14 21:00:00+00:00,130.26749999999998,335.08775
2026-05-14 22:00:00+00:00,130.49,326.68975
2026-05-14 23:00:00+00:00,123.88749999999999,317.94225
2026-05-15 00:00:00+00:00,118.63,307.13925
2026-05-15 01:00:00+00:00,112.94500000000001,302.13075
2026-05-15 02:00:00+00:00,113.5,284.13425
2026-05-15 03:00:00+00:00,116.955,275.84325
2026-05-15 04:00:00+00:00,126.995,278.55425
2026-05-15 05:00:00+00:00,125.0075,221.03825
2026-05-15 06:00:00+00:00,115.6425,156.26925
2026-05-15 07:00:00+00:00,97.23,85.62285
2026-05-15 08:00:00+00:00,73.4025,60.344625
2026-05-15 09:00:00+00:00,58.675,49.480675000000005
2026-05-15 10:00:00+00:00,48.81,43.7468
2026-05-15 11:00:00+00:00,35.3425,37.90545
2026-05-15 12:00:00+00:00,35.3825,36.2942
2026-05-15 13:00:00+00:00,44.425,41.7791
2026-05-15 14:00:00+00:00,66.885,46.7939
2026-05-15 15:00:00+00:00,93.63,67.87215
2026-05-15 16:00:00+00:00,113.6575,112.51655000000001
2026-05-15 17:00:00+00:00,132.995,156.9485
2026-05-15 18:00:00+00:00,144.695,185.87475
2026-05-15 19:00:00+00:00,144.79500000000002,222.61000000000004
2026-05-15 20:00:00+00:00,139.45499999999998,245.0725
2026-05-15 21:00:00+00:00,130.645,245.17475
2026-05-15 22:00:00+00:00,126.0,231.68899999999996
2026-05-15 23:00:00+00:00,117.47749999999999,234.69475
2026-05-16 00:00:00+00:00,116.5,211.93099999999998
2026-05-16 01:00:00+00:00,116.0025,206.58350000000004
2026-05-16 02:00:00+00:00,114.02000000000001,205.672
2026-05-16 03:00:00+00:00,109.3425,214.51524999999998
2026-05-16 04:00:00+00:00,105.7075,194.9085
2026-05-16 05:00:00+00:00,100.045,132.0455
2026-05-16 06:00:00+00:00,84.0475,79.450175
2026-05-16 07:00:00+00:00,41.0,50.401300000000006
2026-05-16 08:00:00+00:00,4.132499999999999,43.800675000000005
2026-05-16 09:00:00+00:00,0.33999999999999997,41.876749999999994
2026-05-16 10:00:00+00:00,-0.5625,54.944075
2026-05-16 11:00:00+00:00,-1.435,56.93335
2026-05-16 12:00:00+00:00,-1.2525,68.45992499999998
2026-05-16 13:00:00+00:00,-0.6575,58.061775
2026-05-16 14:00:00+00:00,4.3725,57.3119
2026-05-16 15:00:00+00:00,55.722500000000004,70.109525
2026-05-16 16:00:00+00:00,97.91499999999999,107.77995000000001
2026-05-16 17:00:00+00:00,122.52,145.153
2026-05-16 18:00:00+00:00,139.9275,207.61649999999997
2026-05-16 19:00:00+00:00,141.355,262.61575000000005
2026-05-16 20:00:00+00:00,135.2425,258.21425
2026-05-16 21:00:00+00:00,124.71000000000001,243.56100000000004
2026-05-16 22:00:00+00:00,123.35249999999999,217.53124999999997
2026-05-16 23:00:00+00:00,116.22999999999999,170.29274999999998
2026-05-17 00:00:00+00:00,112.02000000000001,157.189
2026-05-17 01:00:00+00:00,109.91499999999999,131.40075000000002
2026-05-17 02:00:00+00:00,105.6225,126.17925000000002
2026-05-17 03:00:00+00:00,102.49,136.1345
2026-05-17 04:00:00+00:00,96.32,131.91675
2026-05-17 05:00:00+00:00,78.9425,108.00925
2026-05-17 06:00:00+00:00,52.847500000000004,93.15955000000001
2026-05-17 07:00:00+00:00,19.2575,76.864825
2026-05-17 08:00:00+00:00,3.49,63.30019999999999
2026-05-17 09:00:00+00:00,0.565,55.002325000000006
2026-05-17 10:00:00+00:00,1.61,52.91157499999999
2026-05-17 11:00:00+00:00,0.0,53.7271
2026-05-17 12:00:00+00:00,1.4675,55.99895000000001
2026-05-17 13:00:00+00:00,16.96,57.7733
2026-05-17 14:00:00+00:00,55.6,63.383700000000005
2026-05-17 15:00:00+00:00,100.8525,125.529375
2026-05-17 16:00:00+00:00,129.455,219.0765
2026-05-17 17:00:00+00:00,143.0675,262.08125
2026-05-17 18:00:00+00:00,151.005,291.82375
2026-05-17 19:00:00+00:00,153.04250000000002,322.641
2026-05-17 20:00:00+00:00,148.39749999999998,322.9735
2026-05-17 21:00:00+00:00,139.6875,322.1005
2026-05-17 22:00:00+00:00,130.2475,319.42725
2026-05-17 23:00:00+00:00,122.395,323.146
2026-05-18 00:00:00+00:00,122.1725,324.5025
2026-05-18 01:00:00+00:00,122.2475,321.4305
2026-05-18 02:00:00+00:00,125.1725,317.83050000000003
2026-05-18 03:00:00+00:00,132.495,318.32775000000004
2026-05-18 04:00:00+00:00,147.9,310.57800000000003
2026-05-18 05:00:00+00:00,161.255,287.88375
2026-05-18 06:00:00+00:00,171.8,241.43174999999997
2026-05-18 07:00:00+00:00,140.0025,184.06675
2026-05-18 08:00:00+00:00,122.105,114.65667499999999
2026-05-18 09:00:00+00:00,105.9975,80.35905
2026-05-18 10:00:00+00:00,98.495,69.18785000000001
2026-05-18 11:00:00+00:00,90.57249999999999,62.168274999999994
2026-05-18 12:00:00+00:00,91.73,72.419525
2026-05-18 13:00:00+00:00,98.61,88.16765
2026-05-18 14:00:00+00:00,105.2525,118.54275
2026-05-18 15:00:00+00:00,125.255,141.64475000000002
2026-05-18 16:00:00+00:00,143.01,190.65249999999997
2026-05-18 17:00:00+00:00,179.81,241.06349999999998
2026-05-18 18:00:00+00:00,229.41,289.66800000000006
2026-05-18 19:00:00+00:00,201.64249999999998,340.2185
2026-05-18 20:00:00+00:00,155.6,351.753
2026-05-18 21:00:00+00:00,143.0,350.08250000000004
2026-05-18 22:00:00+00:00,141.2225,349.174
2026-05-18 23:00:00+00:00,133.285,344.23425
2026-05-19 00:00:00+00:00,129.7925,343.12075000000004
2026-05-19 01:00:00+00:00,128.44,341.034
2026-05-19 02:00:00+00:00,129.61,338.82374999999996
2026-05-19 03:00:00+00:00,135.4325,328.19175
2026-05-19 04:00:00+00:00,150.5025,305.3035
2026-05-19 05:00:00+00:00,143.015,251.183
2026-05-19 06:00:00+00:00,124.5625,179.5715
2026-05-19 07:00:00+00:00,105.6925,105.157175
2026-05-19 08:00:00+00:00,87.4925,74.195975
2026-05-19 09:00:00+00:00,74.6725,61.43102499999999
2026-05-19 10:00:00+00:00,65.5725,48.23157500000001
2026-05-19 11:00:00+00:00,66.92,46.863475
2026-05-19 12:00:00+00:00,68.67,53.346875000000004
2026-05-19 13:00:00+00:00,78.3275,65.836
2026-05-19 14:00:00+00:00,89.73,93.2459
2026-05-19 15:00:00+00:00,113.28750000000001,126.69825000000002
2026-05-19 16:00:00+00:00,129.35500000000002,175.50975
2026-05-19 17:00:00+00:00,156.25,204.606
2026-05-19 18:00:00+00:00,167.3075,213.398
2026-05-19 19:00:00+00:00,150.25,219.4995
2026-05-19 20:00:00+00:00,138.0525,220.004
2026-05-19 21:00:00+00:00,125.3825,199.67
2026-05-19 22:00:00+00:00,116.53,166.62349999999998
2026-05-19 23:00:00+00:00,109.1525,153.2055
2026-05-20 00:00:00+00:00,101.4125,150.74599999999998
2026-05-20 01:00:00+00:00,98.315,148.69975000000002
2026-05-20 02:00:00+00:00,97.3725,145.27525000000003
2026-05-20 03:00:00+00:00,107.0775,159.17999999999998
2026-05-20 04:00:00+00:00,123.34,168.721
2026-05-20 05:00:00+00:00,128.95250000000001,146.1275
2026-05-20 06:00:00+00:00,119.79750000000001,121.67075
2026-05-20 07:00:00+00:00,99.1275,99.9995
2026-05-20 08:00:00+00:00,76.925,79.94365
2026-05-20 09:00:00+00:00,63.94,57.85275000000001
2026-05-20 10:00:00+00:00,54.1,47.263275
2026-05-20 11:00:00+00:00,37.995,43.30075
2026-05-20 12:00:00+00:00,28.4525,42.480025000000005
2026-05-20 13:00:00+00:00,38.75,40.21
2026-05-20 14:00:00+00:00,55.182500000000005,48.057525000000005
2026-05-20 15:00:00+00:00,84.83500000000001,64.84047500000001
2026-05-20 16:00:00+00:00,115.155,118.47295000000001
2026-05-20 17:00:00+00:00,138.44,169.257
2026-05-20 18:00:00+00:00,159.645,214.77525
2026-05-20 19:00:00+00:00,161.4675,245.22650000000002
2026-05-20 20:00:00+00:00,148.265,247.76325
2026-05-20 21:00:00+00:00,135.85,248.7895
2026-05-20 22:00:00+00:00,130.1975,244.26025
2026-05-20 23:00:00+00:00,119.03,251.10625
2026-05-21 00:00:00+00:00,113.285,254.93974999999998
2026-05-21 01:00:00+00:00,111.2525,272.2275
2026-05-21 02:00:00+00:00,113.0975,304.796
2026-05-21 03:00:00+00:00,124.35499999999999,314.36924999999997
2026-05-21 04:00:00+00:00,138.6375,294.6345
2026-05-21 05:00:00+00:00,141.0,232.55399999999997
2026-05-21 06:00:00+00:00,133.35750000000002,167.56849999999997
2026-05-21 07:00:00+00:00,112.99,87.226075
2026-05-21 08:00:00+00:00,78.9075,62.35775
2026-05-21 09:00:00+00:00,38.777499999999996,51.208675
2026-05-21 10:00:00+00:00,10.6825,48.942075
2026-05-21 11:00:00+00:00,6.3575,46.478675
2026-05-21 12:00:00+00:00,7.4625,42.74975
2026-05-21 13:00:00+00:00,30.7825,47.368024999999996
2026-05-21 14:00:00+00:00,64.905,53.357575000000004
2026-05-21 15:00:00+00:00,106.5,91.26032500000001
2026-05-21 16:00:00+00:00,130.4425,166.347
2026-05-21 17:00:00+00:00,156.34,239.753
2026-05-21 18:00:00+00:00,194.35,305.02475
2026-05-21 19:00:00+00:00,182.17,367.034
2026-05-21 20:00:00+00:00,161.76749999999998,382.761
2026-05-21 21:00:00+00:00,143.7425,384.00175
2026-05-21 22:00:00+00:00,141.605,386.82425
2026-05-21 23:00:00+00:00,132.94,387.80975000000007
2026-05-22 00:00:00+00:00,126.8475,386.6065
2026-05-22 01:00:00+00:00,124.1225,380.99325
2026-05-22 02:00:00+00:00,124.605,378.11725
2026-05-22 03:00:00+00:00,130.5025,372.256
2026-05-22 04:00:00+00:00,138.9025,345.0005
2026-05-22 05:00:00+00:00,134.51,277.41
2026-05-22 06:00:00+00:00,121.12,178.99675000000002
2026-05-22 07:00:00+00:00,87.145,88.294525
2026-05-22 08:00:00+00:00,36.8925,56.401075
2026-05-22 09:00:00+00:00,3.3975,47.196175
2026-05-22 10:00:00+00:00,0.0025,45.14135
2026-05-22 11:00:00+00:00,0.0,45.103025
2026-05-22 12:00:00+00:00,0.8474999999999999,45.377925
2026-05-22 13:00:00+00:00,17.2675,46.03585
2026-05-22 14:00:00+00:00,60.235,56.796124999999996
2026-05-22 15:00:00+00:00,94.31,92.169475
2026-05-22 16:00:00+00:00,126.14500000000001,175.573
2026-05-22 17:00:00+00:00,155.405,249.72074999999998
2026-05-22 18:00:00+00:00,207.5925,320.2885
2026-05-22 19:00:00+00:00,188.4275,374.8535
2026-05-22 20:00:00+00:00,151.01,379.99850000000004
2026-05-22 21:00:00+00:00,136.6575,374.52025
2026-05-22 22:00:00+00:00,132.3825,371.33950000000004
2026-05-22 23:00:00+00:00,125.03,366.71025000000003
2026-05-23 00:00:00+00:00,120.2025,363.29725
2026-05-23 01:00:00+00:00,118.495,345.179
2026-05-23 02:00:00+00:00,115.415,327.018
2026-05-23 03:00:00+00:00,112.885,331.16425
2026-05-23 04:00:00+00:00,112.565,269.81049999999993
2026-05-23 05:00:00+00:00,95.5675,173.26674999999997
2026-05-23 06:00:00+00:00,47.21,101.7459
2026-05-23 07:00:00+00:00,1.6,72.5147
2026-05-23 08:00:00+00:00,-0.3325,52.377525
2026-05-23 09:00:00+00:00,-3.8899999999999997,44.66345
2026-05-23 10:00:00+00:00,-12.3575,38.92185
2026-05-23 11:00:00+00:00,-31.7275,36.3439
2026-05-23 12:00:00+00:00,-18.37,36.41795
2026-05-23 13:00:00+00:00,-4.0,38.644
2026-05-23 14:00:00+00:00,-0.28750000000000003,51.122875
2026-05-23 15:00:00+00:00,40.2375,66.059775
2026-05-23 16:00:00+00:00,111.0125,130.549
2026-05-23 17:00:00+00:00,138.835,192.65925000000001
2026-05-23 18:00:00+00:00,163.075,252.77625000000003
2026-05-23 19:00:00+00:00,172.5275,317.62749999999994
2026-05-23 20:00:00+00:00,151.2525,332.29900000000004
2026-05-23 21:00:00+00:00,138.1925,356.21899999999994
2026-05-23 22:00:00+00:00,136.3,370.23499999999996
2026-05-23 23:00:00+00:00,132.9975,381.39725000000004
2026-05-24 00:00:00+00:00,128.1825,386.84774999999996
2026-05-24 01:00:00+00:00,124.65,390.16675
2026-05-24 02:00:00+00:00,122.7425,393.10599999999994
2026-05-24 03:00:00+00:00,118.3475,392.53825
2026-05-24 04:00:00+00:00,116.735,340.21299999999997
2026-05-24 05:00:00+00:00,98.22749999999999,208.59125
2026-05-24 06:00:00+00:00,21.872500000000002,113.78882500000002
2026-05-24 07:00:00+00:00,-0.0275,78.4047
2026-05-24 08:00:00+00:00,-2.5025,51.067575000000005
2026-05-24 09:00:00+00:00,-13.8075,43.18875
2026-05-24 10:00:00+00:00,-37.527499999999996,39.50045
2026-05-24 11:00:00+00:00,-75.7475,37.635625
2026-05-24 12:00:00+00:00,-61.5975,36.972224999999995
2026-05-24 13:00:00+00:00,-23.44,39.457275
2026-05-24 14:00:00+00:00,-1.9575,49.220675
2026-05-24 15:00:00+00:00,12.6075,62.578225
2026-05-24 16:00:00+00:00,89.4175,104.3427
2026-05-24 17:00:00+00:00,133.2175,210.859
2026-05-24 18:00:00+00:00,152.5225,289.52675
2026-05-24 19:00:00+00:00,151.9975,348.4942500000001
2026-05-24 20:00:00+00:00,139.9,363.92575000000005
2026-05-24 21:00:00+00:00,130.45,368.07675
2026-05-24 22:00:00+00:00,125.2625,369.02674999999994
2026-05-24 23:00:00+00:00,117.54249999999999,371.0925
2026-05-25 00:00:00+00:00,115.94999999999999,375.59025
2026-05-25 01:00:00+00:00,116.56,378.24649999999997
2026-05-25 02:00:00+00:00,119.7575,384.40549999999996
2026-05-25 03:00:00+00:00,122.4625,384.963
2026-05-25 04:00:00+00:00,122.1775,336.77625
2026-05-25 05:00:00+00:00,113.99249999999999,230.38975
2026-05-25 06:00:00+00:00,72.215,115.55217499999999
2026-05-25 07:00:00+00:00,5.0,70.371125
2026-05-25 08:00:00+00:00,-0.1575,49.506449999999994
2026-05-25 09:00:00+00:00,-5.2275,42.904175
2026-05-25 10:00:00+00:00,-21.88,39.39315
2026-05-25 11:00:00+00:00,-42.0,38.565799999999996
2026-05-25 12:00:00+00:00,-28.69,38.058049999999994
2026-05-25 13:00:00+00:00,-9.9825,40.784425
2026-05-25 14:00:00+00:00,-1.685,49.296625000000006
2026-05-25 15:00:00+00:00,30.46,66.407875
2026-05-25 16:00:00+00:00,108.61749999999999,138.38775
2026-05-25 17:00:00+00:00,141.625,242.57075
2026-05-25 18:00:00+00:00,162.93,316.89
2026-05-25 19:00:00+00:00,169.0,376.67075
2026-05-25 20:00:00+00:00,153.47,386.10725
2026-05-25 21:00:00+00:00,136.29500000000002,383.05475
2026-05-25 22:00:00+00:00,132.5875,381.26750000000004
2026-05-25 23:00:00+00:00,122.39,379.463
2026-05-26 00:00:00+00:00,116.675,372.7105
2026-05-26 01:00:00+00:00,116.935,367.19775
2026-05-26 02:00:00+00:00,116.0,364.55375000000004
2026-05-26 03:00:00+00:00,125.1575,362.6555
2026-05-26 04:00:00+00:00,139.6575,330.98699999999997
2026-05-26 05:00:00+00:00,138.41750000000002,259.21025
2026-05-26 06:00:00+00:00,119.52250000000001,180.66025000000002
2026-05-26 07:00:00+00:00,73.3125,84.747325
2026-05-26 08:00:00+00:00,6.0025,50.3223
2026-05-26 09:00:00+00:00,-0.0075,45.980525
2026-05-26 10:00:00+00:00,-4.0725,47.10805
2026-05-26 11:00:00+00:00,-5.045,42.246825
2026-05-26 12:00:00+00:00,-1.1400000000000001,42.65047499999999
2026-05-26 13:00:00+00:00,-0.015,45.119575
2026-05-26 14:00:00+00:00,12.8475,53.26262499999999
2026-05-26 15:00:00+00:00,84.37,92.31795
2026-05-26 16:00:00+00:00,131.235,170.94025000000002
2026-05-26 17:00:00+00:00,178.14,225.469
2026-05-26 18:00:00+00:00,208.775,277.47475
2026-05-26 19:00:00+00:00,180.8925,331.9335
2026-05-26 20:00:00+00:00,154.085,322.72825
2026-05-26 21:00:00+00:00,131.8075,296.107
2026-05-26 22:00:00+00:00,135.005,280.41249999999997
2026-05-26 23:00:00+00:00,128.275,277.78725000000003
2026-05-27 00:00:00+00:00,120.375,271.57525
2026-05-27 01:00:00+00:00,117.14,263.35775000000007
2026-05-27 02:00:00+00:00,116.9575,257.5005
2026-05-27 03:00:00+00:00,120.0,249.72875
2026-05-27 04:00:00+00:00,132.19,226.118
2026-05-27 05:00:00+00:00,130.35,178.35375000000002
2026-05-27 06:00:00+00:00,106.13499999999999,118.662025
2026-05-27 07:00:00+00:00,48.3525,60.413599999999995
2026-05-27 08:00:00+00:00,3.665,40.979075
2026-05-27 09:00:00+00:00,0.01999999999999999,35.985899999999994
2026-05-27 10:00:00+00:00,-0.8025,32.539275
2026-05-27 11:00:00+00:00,-1.53,31.537074999999998
2026-05-27 12:00:00+00:00,-1.0474999999999999,30.934675
2026-05-27 13:00:00+00:00,-0.77,31.584299999999995
2026-05-27 14:00:00+00:00,2.29,36.374475000000004
2026-05-27 15:00:00+00:00,33.5725,47.304575
2026-05-27 16:00:00+00:00,95.70500000000001,104.54315
2026-05-27 17:00:00+00:00,134.775,160.92299999999997
2026-05-27 18:00:00+00:00,152.85,196.55525
2026-05-27 19:00:00+00:00,155.41750000000002,234.13424999999998
2026-05-27 20:00:00+00:00,143.0975,255.514
2026-05-27 21:00:00+00:00,131.9075,266.69624999999996
2026-05-27 22:00:00+00:00,130.235,272.1865
2026-05-27 23:00:00+00:00,126.9075,275.45625
2026-05-28 00:00:00+00:00,123.575,284.74049999999994
2026-05-28 01:00:00+00:00,122.4725,290.13425
2026-05-28 02:00:00+00:00,126.6275,295.177
2026-05-28 03:00:00+00:00,132.97,297.55524999999994
2026-05-28 04:00:00+00:00,145.8225,276.05425
2026-05-28 05:00:00+00:00,136.665,227.31775000000002
2026-05-28 06:00:00+00:00,121.95,155.4925
2026-05-28 07:00:00+00:00,86.095,74.6806
2026-05-28 08:00:00+00:00,19.645,42.862275
2026-05-28 09:00:00+00:00,0.5675,33.52685
2026-05-28 10:00:00+00:00,-0.01,33.134074999999996
2026-05-28 11:00:00+00:00,-0.03,33.088300000000004
2026-05-28 12:00:00+00:00,-0.01,33.79312500000001
2026-05-28 13:00:00+00:00,1.2974999999999999,33.57405
2026-05-28 14:00:00+00:00,37.435,42.8324
2026-05-28 15:00:00+00:00,96.11,76.6116
2026-05-28 16:00:00+00:00,136.10750000000002,159.7315
2026-05-28 17:00:00+00:00,213.3475,216.97375
2026-05-28 18:00:00+00:00,375.305,257.77549999999997
2026-05-28 19:00:00+00:00,356.8425,291.0445
2026-05-28 20:00:00+00:00,214.68,281.30375
2026-05-28 21:00:00+00:00,157.6075,264.72425
2026-05-28 22:00:00+00:00,143.18,261.401
2026-05-28 23:00:00+00:00,133.0575,269.1845
2026-05-29 00:00:00+00:00,127.11,277.59774999999996
2026-05-29 01:00:00+00:00,124.7975,275.36249999999995
2026-05-29 02:00:00+00:00,123.6075,276.4935
2026-05-29 03:00:00+00:00,124.5975,286.98475
2026-05-29 04:00:00+00:00,131.235,273.17999999999995
2026-05-29 05:00:00+00:00,125.995,233.71349999999998
2026-05-29 06:00:00+00:00,115.0175,152.3495
2026-05-29 07:00:00+00:00,80.19,83.56227499999999
2026-05-29 08:00:00+00:00,20.0,51.043724999999995
2026-05-29 09:00:00+00:00,0.79,42.190925
2026-05-29 10:00:00+00:00,-0.005,42.606624999999994
2026-05-29 11:00:00+00:00,0.04,41.82785
2026-05-29 12:00:00+00:00,0.2625,42.34635
2026-05-29 13:00:00+00:00,14.62,49.43835
2026-05-29 14:00:00+00:00,65.965,84.366075
2026-05-29 15:00:00+00:00,103.39750000000001,158.89124999999999
2026-05-29 16:00:00+00:00,133.7225,222.45675
2026-05-29 17:00:00+00:00,171.185,243.27975
2026-05-29 18:00:00+00:00,225.5375,284.265
2026-05-29 19:00:00+00:00,196.9225,321.07975
2026-05-29 20:00:00+00:00,160.70250000000001,344.55375
2026-05-29 21:00:00+00:00,144.8,353.67125
2026-05-29 22:00:00+00:00,135.5125,343.96999999999997
2026-05-29 23:00:00+00:00,127.0775,343.79475
2026-05-30 00:00:00+00:00,121.7325,343.95950000000005
2026-05-30 01:00:00+00:00,118.39,346.283
2026-05-30 02:00:00+00:00,121.83,346.474
2026-05-30 03:00:00+00:00,121.95,348.976
2026-05-30 04:00:00+00:00,116.8875,301.4935
2026-05-30 05:00:00+00:00,107.465,212.6145
2026-05-30 06:00:00+00:00,88.2425,123.85025000000002
2026-05-30 07:00:00+00:00,36.08,81.15149999999998
2026-05-30 08:00:00+00:00,2.96,57.645775
2026-05-30 09:00:00+00:00,-0.005,53.563399999999994
2026-05-30 10:00:00+00:00,-0.1125,47.356675
2026-05-30 11:00:00+00:00,-3.435,44.903125
2026-05-30 12:00:00+00:00,-1.615,44.406324999999995
2026-05-30 13:00:00+00:00,-0.01,45.399750000000004
2026-05-30 14:00:00+00:00,3.0075,53.261525
2026-05-30 15:00:00+00:00,56.9425,70.35170000000001
2026-05-30 16:00:00+00:00,102.8575,132.8675
2026-05-30 17:00:00+00:00,134.60999999999999,208.15725
2026-05-30 18:00:00+00:00,154.2625,259.76149999999996
2026-05-30 19:00:00+00:00,165.6175,293.124
2026-05-30 20:00:00+00:00,156.2525,321.21475
2026-05-30 21:00:00+00:00,138.93,332.146
2026-05-30 22:00:00+00:00,132.935,337.23425000000003
2026-05-30 23:00:00+00:00,125.91,340.2149999999999
2026-05-31 00:00:00+00:00,120.6,329.35825
2026-05-31 01:00:00+00:00,117.545,326.04699999999997
2026-05-31 02:00:00+00:00,118.58500000000001,331.984
2026-05-31 03:00:00+00:00,115.78,331.48075
2026-05-31 04:00:00+00:00,112.975,308.977
2026-05-31 05:00:00+00:00,100.56,218.17000000000002
2026-05-31 06:00:00+00:00,85.2675,122.24525
2026-05-31 07:00:00+00:00,51.4975,81.04587500000001
2026-05-31 08:00:00+00:00,6.8125,60.84675
2026-05-31 09:00:00+00:00,0.0,53.936075
2026-05-31 10:00:00+00:00,-0.005,47.8463
2026-05-31 11:00:00+00:00,-0.01,45.2776
2026-05-31 12:00:00+00:00,-0.01,48.799099999999996
2026-05-31 13:00:00+00:00,0.0,52.629549999999995
2026-05-31 14:00:00+00:00,42.347500000000004,53.276125
2026-05-31 15:00:00+00:00,85.18,82.086975
2026-05-31 16:00:00+00:00,115.91499999999999,142.1125
2026-05-31 17:00:00+00:00,131.285,194.91475000000003
2026-05-31 18:00:00+00:00,142.4875,247.40749999999997
2026-05-31 19:00:00+00:00,149.89749999999998,297.76599999999996
2026-05-31 20:00:00+00:00,148.2575,336.39225
2026-05-31 21:00:00+00:00,140.6375,358.26574999999997
2026-05-31 22:00:00+00:00,138.6,365.15425
2026-05-31 23:00:00+00:00,122.7975,362.24825
2026-06-01 00:00:00+00:00,117.38,358.27200000000005
2026-06-01 01:00:00+00:00,114.3875,355.57500000000005
2026-06-01 02:00:00+00:00,118.96000000000001,353.2465
2026-06-01 03:00:00+00:00,129.2275,350.48900000000003
2026-06-01 04:00:00+00:00,159.5,325.70525
2026-06-01 05:00:00+00:00,155.265,268.00225
2026-06-01 06:00:00+00:00,147.335,209.36974999999998
2026-06-01 07:00:00+00:00,123.58,152.27475
2026-06-01 08:00:00+00:00,108.715,92.75335
2026-06-01 09:00:00+00:00,96.92750000000001,75.169725
2026-06-01 10:00:00+00:00,83.465,83.662175
2026-06-01 11:00:00+00:00,79.66,68.75625000000001
2026-06-01 12:00:00+00:00,94.0175,76.030225
2026-06-01 13:00:00+00:00,98.715,71.97597499999999
2026-06-01 14:00:00+00:00,106.0025,74.8047
2026-06-01 15:00:00+00:00,119.23,112.95452499999999
2026-06-01 16:00:00+00:00,137.4525,169.4175
2026-06-01 17:00:00+00:00,215.7725,202.2345
2026-06-01 18:00:00+00:00,321.06,247.49925000000002
2026-06-01 19:00:00+00:00,302.06,287.25575000000003
2026-06-01 20:00:00+00:00,212.3575,301.00149999999996
2026-06-01 21:00:00+00:00,160.0,303.05425
2026-06-01 22:00:00+00:00,140.175,298.331
2026-06-01 23:00:00+00:00,127.0475,299.6185
2026-06-02 00:00:00+00:00,118.66499999999999,305.26275000000004
2026-06-02 01:00:00+00:00,114.1875,311.66325
2026-06-02 02:00:00+00:00,113.845,315.1705
2026-06-02 03:00:00+00:00,116.4725,316.286
2026-06-02 04:00:00+00:00,123.75750000000001,303.6255
2026-06-02 05:00:00+00:00,129.1575,264.76875
2026-06-02 06:00:00+00:00,130.55,220.84924999999998
2026-06-02 07:00:00+00:00,125.795,197.3685
2026-06-02 08:00:00+00:00,113.97999999999999,157.89425
2026-06-02 09:00:00+00:00,103.89,129.03525000000002
2026-06-02 10:00:00+00:00,98.6575,88.60510000000001
2026-06-02 11:00:00+00:00,93.05,76.554175
2026-06-02 12:00:00+00:00,96.6,81.279525
2026-06-02 13:00:00+00:00,101.47749999999999,84.2584
2026-06-02 14:00:00+00:00,109.6125,92.25240000000001
2026-06-02 15:00:00+00:00,124.21,142.8275
2026-06-02 16:00:00+00:00,136.2475,196.32775
2026-06-02 17:00:00+00:00,157.76,206.02675
2026-06-02 18:00:00+00:00,159.76250000000002,229.14175
2026-06-02 19:00:00+00:00,149.525,244.5705
2026-06-02 20:00:00+00:00,136.32999999999998,249.88225
2026-06-02 21:00:00+00:00,117.7775,236.53975000000003
2026-06-02 22:00:00+00:00,107.875,199.6925
2026-06-02 23:00:00+00:00,108.6,189.09775000000002
2026-06-03 00:00:00+00:00,100.975,199.50199999999998
2026-06-03 01:00:00+00:00,102.0325,213.35825
2026-06-03 02:00:00+00:00,101.2375,204.08900000000003
2026-06-03 03:00:00+00:00,106.6575,208.49350000000004
2026-06-03 04:00:00+00:00,124.9,198.67849999999999
2026-06-03 05:00:00+00:00,134.6625,172.15200000000002
2026-06-03 06:00:00+00:00,128.91,147.5815
2026-06-03 07:00:00+00:00,103.03,107.19057500000001
2026-06-03 08:00:00+00:00,83.5075,72.392575
2026-06-03 09:00:00+00:00,68.99,41.428725
2026-06-03 10:00:00+00:00,50.292500000000004,33.50235
2026-06-03 11:00:00+00:00,33.315,32.834925
2026-06-03 12:00:00+00:00,33.11,29.676750000000002
2026-06-03 13:00:00+00:00,41.3875,32.421025
2026-06-03 14:00:00+00:00,66.56,43.893875
2026-06-03 15:00:00+00:00,87.185,65.204475
2026-06-03 16:00:00+00:00,107.8725,94.2659
2026-06-03 17:00:00+00:00,123.19,113.2635
2026-06-03 18:00:00+00:00,128.61,121.0435
2026-06-03 19:00:00+00:00,115.69500000000001,115.80250000000001
2026-06-03 20:00:00+00:00,108.0625,102.560425
2026-06-03 21:00:00+00:00,87.765,89.362
2026-06-03 22:00:00+00:00,77.275,81.73627499999999
2026-06-03 23:00:00+00:00,67.96,73.84835
2026-06-04 00:00:00+00:00,60.0,56.98865
2026-06-04 01:00:00+00:00,59.957499999999996,58.254175000000004
2026-06-04 02:00:00+00:00,60.0,59.574349999999995
2026-06-04 03:00:00+00:00,62.042500000000004,62.42882500000001
2026-06-04 04:00:00+00:00,67.0525,61.697075000000005
2026-06-04 05:00:00+00:00,78.08,57.171275
2026-06-04 06:00:00+00:00,71.66,47.310775
2026-06-04 07:00:00+00:00,35.6675,40.744099999999996
2026-06-04 08:00:00+00:00,4.3725,38.65
2026-06-04 09:00:00+00:00,0.0025,35.539075
2026-06-04 10:00:00+00:00,-0.015,34.41965
2026-06-04 11:00:00+00:00,-0.0325,33.677550000000004
2026-06-04 12:00:00+00:00,-0.017499999999999998,31.962950000000003
2026-06-04 13:00:00+00:00,1.3875,31.460100000000004
2026-06-04 14:00:00+00:00,24.48,30.2367
2026-06-04 15:00:00+00:00,60.5375,35.523725
2026-06-04 16:00:00+00:00,88.9425,39.306574999999995
2026-06-04 17:00:00+00:00,100.385,48.09745
2026-06-04 18:00:00+00:00,105.1,63.7171
2026-06-04 19:00:00+00:00,106.0925,73.453825
2026-06-04 20:00:00+00:00,102.9875,70.17455
2026-06-04 21:00:00+00:00,94.9925,72.27900000000001
2026-06-04 22:00:00+00:00,73.5575,60.049625
2026-06-04 23:00:00+00:00,72.4225,63.28720000000001
2026-06-05 00:00:00+00:00,74.745,70.5437
2026-06-05 01:00:00+00:00,75.19,72.13962500000001
2026-06-05 02:00:00+00:00,78.925,73.4934
2026-06-05 03:00:00+00:00,87.2,78.882275
2026-06-05 04:00:00+00:00,102.815,79.886075
2026-06-05 05:00:00+00:00,112.2125,75.72599999999998
2026-06-05 06:00:00+00:00,116.405,68.39945
2026-06-05 07:00:00+00:00,106.0825,57.112474999999996
2026-06-05 08:00:00+00:00,87.9825,46.02542499999999
2026-06-05 09:00:00+00:00,81.555,40.29065
2026-06-05 10:00:00+00:00,55.8225,41.058175000000006
2026-06-05 11:00:00+00:00,34.1775,35.221675
2026-06-05 12:00:00+00:00,24.997500000000002,32.55655
2026-06-05 13:00:00+00:00,35.0,45.59100000000001
2026-06-05 14:00:00+00:00,65.98,59.905425
2026-06-05 15:00:00+00:00,96.22749999999999,96.528575
2026-06-05 16:00:00+00:00,120.85499999999999,163.08624999999998
2026-06-05 17:00:00+00:00,145.715,236.13475
2026-06-05 18:00:00+00:00,179.035,283.1085
2026-06-05 19:00:00+00:00,189.41,324.86474999999996
2026-06-05 20:00:00+00:00,169.79250000000002,339.53325
2026-06-05 21:00:00+00:00,153.34,340.9595
2026-06-05 22:00:00+00:00,147.4175,339.15250000000003
2026-06-05 23:00:00+00:00,133.84,338.80949999999996
2026-06-06 00:00:00+00:00,129.1525,341.15450000000004
2026-06-06 01:00:00+00:00,119.14,335.04475
2026-06-06 02:00:00+00:00,121.30499999999999,322.749
2026-06-06 03:00:00+00:00,120.205,309.69975
2026-06-06 04:00:00+00:00,117.66,263.14074999999997
2026-06-06 05:00:00+00:00,106.47,182.45575
2026-06-06 06:00:00+00:00,88.22749999999999,117.5118
2026-06-06 07:00:00+00:00,62.885000000000005,83.88470000000001
2026-06-06 08:00:00+00:00,26.8625,57.644774999999996
2026-06-06 09:00:00+00:00,0.11,43.65305
2026-06-06 10:00:00+00:00,-0.009999999999999998,45.680425
2026-06-06 11:00:00+00:00,-0.01,49.157125
2026-06-06 12:00:00+00:00,0.09,54.373599999999996
2026-06-06 13:00:00+00:00,14.997499999999999,57.2199
2026-06-06 14:00:00+00:00,42.155,75.68685
2026-06-06 15:00:00+00:00,94.17750000000001,113.97725000000001
2026-06-06 16:00:00+00:00,119.1,135.32499999999996
2026-06-06 17:00:00+00:00,130.13,168.85775
2026-06-06 18:00:00+00:00,147.58,178.06375
2026-06-06 19:00:00+00:00,142.24,183.248
2026-06-06 20:00:00+00:00,126.46,186.0185
2026-06-06 21:00:00+00:00,109.45,170.45024999999998
2026-06-06 22:00:00+00:00,98.0975,128.27875
2026-06-06 23:00:00+00:00,88.7575,97.136975
2026-06-07 00:00:00+00:00,82.11,77.0882
2026-06-07 01:00:00+00:00,71.9825,55.2458
2026-06-07 02:00:00+00:00,59.0325,52.445524999999996
2026-06-07 03:00:00+00:00,35.0675,53.19045
2026-06-07 04:00:00+00:00,5.0649999999999995,55.436
2026-06-07 05:00:00+00:00,0.46,59.0948
2026-06-07 06:00:00+00:00,-0.5525,56.97585
2026-06-07 07:00:00+00:00,-5.045,58.08154999999999
2026-06-07 08:00:00+00:00,-8.0,52.02295
2026-06-07 09:00:00+00:00,-14.05,47.8311
2026-06-07 10:00:00+00:00,-18.2625,42.200175
2026-06-07 11:00:00+00:00,-35.917500000000004,38.591300000000004
2026-06-07 12:00:00+00:00,-44.7125,34.332425
2026-06-07 13:00:00+00:00,-36.4175,32.9461
2026-06-07 14:00:00+00:00,-15.9475,34.224975
2026-06-07 15:00:00+00:00,-1.1075,41.73844999999999
2026-06-07 16:00:00+00:00,48.885,59.258375
2026-06-07 17:00:00+00:00,102.52,127.908425
2026-06-07 18:00:00+00:00,129.7375,188.76
2026-06-07 19:00:00+00:00,137.8875,229.082
2026-06-07 20:00:00+00:00,142.34,255.251
2026-06-07 21:00:00+00:00,141.675,259.49375
2026-06-07 22:00:00+00:00,138.0125,273.01200000000006
2026-06-07 23:00:00+00:00,131.23,280.69325
2026-06-08 00:00:00+00:00,131.01250000000002,280.43225
2026-06-08 01:00:00+00:00,125.83,276.81775000000005
2026-06-08 02:00:00+00:00,130.0,283.279
2026-06-08 03:00:00+00:00,140.5775,289.06100000000004
2026-06-08 04:00:00+00:00,155.265,275.34075
2026-06-08 05:00:00+00:00,149.8775,222.41850000000002
2026-06-08 06:00:00+00:00,128.7325,174.76025
2026-06-08 07:00:00+00:00,117.215,123.36850000000001
2026-06-08 08:00:00+00:00,106.08250000000001,93.07992499999999
2026-06-08 09:00:00+00:00,76.92,74.9467
2026-06-08 10:00:00+00:00,78.0975,74.2037
2026-06-08 11:00:00+00:00,79.38,71.60685
2026-06-08 12:00:00+00:00,82.84,70.39505
2026-06-08 13:00:00+00:00,94.6,80.5148
2026-06-08 14:00:00+00:00,102.1975,102.64372499999999
2026-06-08 15:00:00+00:00,124.845,178.79899999999998
2026-06-08 16:00:00+00:00,144.60000000000002,223.49625
2026-06-08 17:00:00+00:00,189.03,244.98025
2026-06-08 18:00:00+00:00,206.6325,245.1195
2026-06-08 19:00:00+00:00,186.735,264.02400000000006
2026-06-08 20:00:00+00:00,155.7175,289.40900000000005
2026-06-08 21:00:00+00:00,122.8825,291.7135
2026-06-08 22:00:00+00:00,121.1875,252.81624999999997
2026-06-08 23:00:00+00:00,114.495,212.05624999999998
2026-06-09 00:00:00+00:00,107.145,206.9555
2026-06-09 01:00:00+00:00,102.9825,198.71500000000003
2026-06-09 02:00:00+00:00,101.5075,178.955
2026-06-09 03:00:00+00:00,106.5775,198.54499999999996
2026-06-09 04:00:00+00:00,121.8325,199.45174999999998
2026-06-09 05:00:00+00:00,127.8575,170.10250000000002
2026-06-09 06:00:00+00:00,118.74000000000001,110.33515
2026-06-09 07:00:00+00:00,95.59,68.598525
2026-06-09 08:00:00+00:00,70.225,46.79605
2026-06-09 09:00:00+00:00,51.4675,32.598975
2026-06-09 10:00:00+00:00,21.5025,28.9647
2026-06-09 11:00:00+00:00,3.055,27.582575
2026-06-09 12:00:00+00:00,-0.010000000000000002,27.891275
2026-06-09 13:00:00+00:00,0.575,29.998925
2026-06-09 14:00:00+00:00,25.005000000000003,33.65775
2026-06-09 15:00:00+00:00,64.9575,46.635625
2026-06-09 16:00:00+00:00,103.7075,73.112575
2026-06-09 17:00:00+00:00,124.9875,130.397
2026-06-09 18:00:00+00:00,147.3875,169.89499999999998
2026-06-09 19:00:00+00:00,153.4975,207.60325
2026-06-09 20:00:00+00:00,144.5,219.15025
2026-06-09 21:00:00+00:00,127.4475,228.98149999999998
2026-06-09 22:00:00+00:00,118.2925,220.68175000000002
2026-06-09 23:00:00+00:00,111.5475,202.25374999999997
2026-06-10 00:00:00+00:00,104.2425,216.7835
2026-06-10 01:00:00+00:00,101.6825,224.78324999999998
2026-06-10 02:00:00+00:00,103.0825,210.4065
2026-06-10 03:00:00+00:00,110.935,215.313
2026-06-10 04:00:00+00:00,124.15,217.00525
2026-06-10 05:00:00+00:00,129.905,172.59875
2026-06-10 06:00:00+00:00,118.5575,117.741525
2026-06-10 07:00:00+00:00,94.9675,68.8167
2026-06-10 08:00:00+00:00,78.2,51.444224999999996
2026-06-10 09:00:00+00:00,63.6875,47.590425
2026-06-10 10:00:00+00:00,59.2775,41.85082499999999
2026-06-10 11:00:00+00:00,61.925,52.39580000000001
2026-06-10 12:00:00+00:00,68.52250000000001,58.275175
2026-06-10 13:00:00+00:00,78.0575,57.87242500000001
2026-06-10 14:00:00+00:00,93.11500000000001,67.033675
2026-06-10 15:00:00+00:00,113.62,110.38775000000001
2026-06-10 16:00:00+00:00,127.255,176.57175
2026-06-10 17:00:00+00:00,158.8075,233.02475
2026-06-10 18:00:00+00:00,199.5875,281.03275
2026-06-10 19:00:00+00:00,203.7025,318.55850000000004
2026-06-10 20:00:00+00:00,170.0575,351.7345
2026-06-10 21:00:00+00:00,150.74,358.1775
2026-06-10 22:00:00+00:00,144.20999999999998,356.7535
2026-06-10 23:00:00+00:00,132.6325,346.18575
2026-06-11 00:00:00+00:00,124.4675,345.5795
2026-06-11 01:00:00+00:00,122.525,355.91800000000006
2026-06-11 02:00:00+00:00,122.74000000000001,358.08949999999993
2026-06-11 03:00:00+00:00,124.86,358.08650000000006
2026-06-11 04:00:00+00:00,140.4775,318.3765
2026-06-11 05:00:00+00:00,143.1825,259.29
2026-06-11 06:00:00+00:00,130.7775,199.248
2026-06-11 07:00:00+00:00,113.2,116.525825
2026-06-11 08:00:00+00:00,93.42,78.7322
2026-06-11 09:00:00+00:00,75.255,56.082675
2026-06-11 10:00:00+00:00,64.0625,43.18135
2026-06-11 11:00:00+00:00,56.21,41.25975
2026-06-11 12:00:00+00:00,47.89,43.59205
2026-06-11 13:00:00+00:00,67.65,47.30567500000001
2026-06-11 14:00:00+00:00,80.0625,62.36450000000001
2026-06-11 15:00:00+00:00,102.0825,106.50252499999999
2026-06-11 16:00:00+00:00,126.5025,170.7515
2026-06-11 17:00:00+00:00,140.5775,188.96574999999999
2026-06-11 18:00:00+00:00,155.76999999999998,209.84775
2026-06-11 19:00:00+00:00,146.81,218.17849999999999
2026-06-11 20:00:00+00:00,123.5275,202.46724999999998
2026-06-11 21:00:00+00:00,105.8075,163.18625
2026-06-11 22:00:00+00:00,109.2175,140.027
2026-06-11 23:00:00+00:00,96.13499999999999,127.83450000000002
2026-06-12 00:00:00+00:00,88.0275,130.256
2026-06-12 01:00:00+00:00,82.275,134.56
2026-06-12 02:00:00+00:00,82.8375,135.74025
2026-06-12 03:00:00+00:00,85.94500000000001,133.67275
2026-06-12 04:00:00+00:00,106.3225,148.332
2026-06-12 05:00:00+00:00,114.08500000000001,143.3675
2026-06-12 06:00:00+00:00,118.205,124.67075
2026-06-12 07:00:00+00:00,111.7975,108.4272
2026-06-12 08:00:00+00:00,94.1725,77.8495
2026-06-12 09:00:00+00:00,82.6775,64.24175000000001
2026-06-12 10:00:00+00:00,74.015,49.705299999999994
2026-06-12 11:00:00+00:00,61.45,42.907799999999995
2026-06-12 12:00:00+00:00,40.2825,39.757625000000004
2026-06-12 13:00:00+00:00,48.085,43.457625
2026-06-12 14:00:00+00:00,59.625,42.487525
2026-06-12 15:00:00+00:00,68.66499999999999,43.26795
2026-06-12 16:00:00+00:00,91.19749999999999,51.204125000000005
2026-06-12 17:00:00+00:00,105.4325,70.217425
2026-06-12 18:00:00+00:00,106.845,97.33175
2026-06-12 19:00:00+00:00,109.4075,110.53575000000002
2026-06-12 20:00:00+00:00,111.13,113.99175
2026-06-12 21:00:00+00:00,100.805,126.62650000000001
2026-06-12 22:00:00+00:00,86.09,118.79724999999999
2026-06-12 23:00:00+00:00,73.8975,118.31474999999999
2026-06-13 00:00:00+00:00,63.6075,118.88799999999999
2026-06-13 01:00:00+00:00,60.2125,118.55475
2026-06-13 02:00:00+00:00,61.7575,98.447125
2026-06-13 03:00:00+00:00,51.325,83.60297500000001
2026-06-13 04:00:00+00:00,30.5375,68.428825
2026-06-13 05:00:00+00:00,13.655,63.00212500000001
2026-06-13 06:00:00+00:00,0.32749999999999996,55.53999999999999
2026-06-13 07:00:00+00:00,-1.1075,47.7872
2026-06-13 08:00:00+00:00,-4.9175,40.143625
2026-06-13 09:00:00+00:00,-15.682500000000001,37.82845
2026-06-13 10:00:00+00:00,-27.4225,37.777474999999995
2026-06-13 11:00:00+00:00,-45.8675,35.962824999999995
2026-06-13 12:00:00+00:00,-44.9975,35.45185
2026-06-13 13:00:00+00:00,-31.52,36.077375
2026-06-13 14:00:00+00:00,-19.0275,41.132324999999994
2026-06-13 15:00:00+00:00,-4.08,39.382825000000004
2026-06-13 16:00:00+00:00,0.6525000000000001,44.49060000000001
2026-06-13 17:00:00+00:00,35.17,49.85439999999999
2026-06-13 18:00:00+00:00,91.37,63.27705
2026-06-13 19:00:00+00:00,107.92,84.54297500000001
2026-06-13 20:00:00+00:00,116.24,99.96374999999999
2026-06-13 21:00:00+00:00,108.15,98.58437500000001
2026-06-13 22:00:00+00:00,78.6475,82.446125
2026-06-13 23:00:00+00:00,51.0925,66.78655
2026-06-14 00:00:00+00:00,35.22,62.154925
2026-06-14 01:00:00+00:00,29.18,61.222125
2026-06-14 02:00:00+00:00,27.5525,60.234475
2026-06-14 03:00:00+00:00,21.689999999999998,62.116275
2026-06-14 04:00:00+00:00,7.755,62.171525
2026-06-14 05:00:00+00:00,0.45999999999999996,58.54500000000001
2026-06-14 06:00:00+00:00,-0.34750000000000003,58.395975
2026-06-14 07:00:00+00:00,-2.8325,51.74229999999999
2026-06-14 08:00:00+00:00,-6.37,48.1377
2026-06-14 09:00:00+00:00,-9.2875,45.058674999999994
2026-06-14 10:00:00+00:00,-14.9925,41.036274999999996
2026-06-14 11:00:00+00:00,-23.4225,40.0528
2026-06-14 12:00:00+00:00,-24.9575,37.904900000000005
2026-06-14 13:00:00+00:00,-19.7825,36.262375
2026-06-14 14:00:00+00:00,-9.0875,36.200625
2026-06-14 15:00:00+00:00,-1.675,35.451074999999996
2026-06-14 16:00:00+00:00,5.675,39.241475
2026-06-14 17:00:00+00:00,69.895,47.211175
2026-06-14 18:00:00+00:00,128.7725,65.715375
2026-06-14 19:00:00+00:00,131.525,85.63287500000001
2026-06-14 20:00:00+00:00,127.07249999999999,95.75907499999998
2026-06-14 21:00:00+00:00,119.25,93.02587500000001
2026-06-14 22:00:00+00:00,107.155,110.02874999999999
2026-06-14 23:00:00+00:00,95.7,119.18575
2026-06-15 00:00:00+00:00,89.55,120.66224999999999
2026-06-15 01:00:00+00:00,91.895,123.92649999999999
2026-06-15 02:00:00+00:00,89.4025,126.46425000000002
2026-06-15 03:00:00+00:00,95.0,136.7055
2026-06-15 04:00:00+00:00,110.4425,160.107
2026-06-15 05:00:00+00:00,117.4025,170.85625
2026-06-15 06:00:00+00:00,122.67,154.5795
2026-06-15 07:00:00+00:00,103.55,142.21675
2026-06-15 08:00:00+00:00,43.34,133.31275
2026-06-15 09:00:00+00:00,5.4725,97.290075
2026-06-15 10:00:00+00:00,0.605,90.83995
2026-06-15 11:00:00+00:00,-0.8525,72.758925
2026-06-15 12:00:00+00:00,-1.6,46.705375
2026-06-15 13:00:00+00:00,-0.3675,39.23225
2026-06-15 14:00:00+00:00,4.46,43.348725
2026-06-15 15:00:00+00:00,46.9625,71.63512499999999
2026-06-15 16:00:00+00:00,97.625,142.54500000000002
2026-06-15 17:00:00+00:00,131.5025,226.67149999999998
2026-06-15 18:00:00+00:00,149.485,293.92524999999995
2026-06-15 19:00:00+00:00,156.79250000000002,343.54825
2026-06-15 20:00:00+00:00,153.7925,354.01624999999996
2026-06-15 21:00:00+00:00,134.91,347.55975000000007
2026-06-15 22:00:00+00:00,124.485,341.89324999999997
2026-06-15 23:00:00+00:00,117.8725,331.47875
2026-06-16 00:00:00+00:00,113.855,327.2565
2026-06-16 01:00:00+00:00,110.285,329.22375
2026-06-16 02:00:00+00:00,109.6225,333.24625000000003
2026-06-16 03:00:00+00:00,114.575,325.94424999999995
2026-06-16 04:00:00+00:00,127.9925,318.10275
2026-06-16 05:00:00+00:00,131.695,293.367
2026-06-16 06:00:00+00:00,138.0275,249.44200000000004
2026-06-16 07:00:00+00:00,123.195,205.18325000000002
2026-06-16 08:00:00+00:00,116.425,155.38475
2026-06-16 09:00:00+00:00,100.2875,92.524575
2026-06-16 10:00:00+00:00,79.52,60.93365000000001
2026-06-16 11:00:00+00:00,68.085,48.944425
2026-06-16 12:00:00+00:00,63.0875,44.304525
2026-06-16 13:00:00+00:00,73.4975,49.507075
2026-06-16 14:00:00+00:00,87.77,60.895
2026-06-16 15:00:00+00:00,107.115,106.829675
2026-06-16 16:00:00+00:00,125.55499999999999,190.973
2026-06-16 17:00:00+00:00,147.755,249.9675
2026-06-16 18:00:00+00:00,175.63,306.20875
2026-06-16 19:00:00+00:00,183.72,354.9885
2026-06-16 20:00:00+00:00,164.8025,377.10625
2026-06-16 21:00:00+00:00,143.51999999999998,377.60575
2026-06-16 22:00:00+00:00,140.645,375.16275
2026-06-16 23:00:00+00:00,134.7425,372.55974999999995
2026-06-17 00:00:00+00:00,128.57999999999998,369.2845
2026-06-17 01:00:00+00:00,126.57,365.97350000000006
2026-06-17 02:00:00+00:00,126.03,357.4635
2026-06-17 03:00:00+00:00,127.13499999999999,343.08225000000004
2026-06-17 04:00:00+00:00,136.8025,321.3787499999999
2026-06-17 05:00:00+00:00,134.0625,285.72175
2026-06-17 06:00:00+00:00,120.4325,239.04149999999998
2026-06-17 07:00:00+00:00,109.67,173.40775
2026-06-17 08:00:00+00:00,102.1825,114.2439
2026-06-17 09:00:00+00:00,92.4725,77.373675
2026-06-17 10:00:00+00:00,87.13499999999999,62.0401
2026-06-17 11:00:00+00:00,88.65,53.49685
2026-06-17 12:00:00+00:00,75.47749999999999,54.0153
2026-06-17 13:00:00+00:00,79.16749999999999,56.5044
2026-06-17 14:00:00+00:00,85.4175,68.48445
2026-06-17 15:00:00+00:00,103.7275,106.58737500000001
2026-06-17 16:00:00+00:00,117.6925,163.85675
2026-06-17 17:00:00+00:00,141.3075,210.47025
2026-06-17 18:00:00+00:00,159.405,248.06900000000002
2026-06-17 19:00:00+00:00,162.36,294.2975
2026-06-17 20:00:00+00:00,158.0925,329.8905
2026-06-17 21:00:00+00:00,142.1,346.88025
2026-06-17 22:00:00+00:00,133.245,354.91999999999996
2026-06-17 23:00:00+00:00,124.4325,360.17699999999996
2026-06-18 00:00:00+00:00,120.85249999999999,365.47400000000005
2026-06-18 01:00:00+00:00,118.2,369.81175
2026-06-18 02:00:00+00:00,117.785,377.185
2026-06-18 03:00:00+00:00,125.48,379.95574999999997
2026-06-18 04:00:00+00:00,134.8675,349.7195000000001
2026-06-18 05:00:00+00:00,134.515,297.34725000000003
2026-06-18 06:00:00+00:00,118.6475,239.57725000000002
2026-06-18 07:00:00+00:00,105.37,169.43075000000002
2026-06-18 08:00:00+00:00,82.125,108.49449999999999
2026-06-18 09:00:00+00:00,53.92,55.529
2026-06-18 10:00:00+00:00,28.247500000000002,48.024975000000005
2026-06-18 11:00:00+00:00,18.8925,43.93749999999999
2026-06-18 12:00:00+00:00,25.9,44.234175
2026-06-18 13:00:00+00:00,48.097500000000004,49.68295
2026-06-18 14:00:00+00:00,83.32,69.98179999999999
2026-06-18 15:00:00+00:00,108.30499999999999,135.12400000000002
2026-06-18 16:00:00+00:00,134.7375,223.01575
2026-06-18 17:00:00+00:00,263.35,292.5065
2026-06-18 18:00:00+00:00,459.20500000000004,353.7555
2026-06-18 19:00:00+00:00,467.2625,380.67375
2026-06-18 20:00:00+00:00,274.8325,384.05075
2026-06-18 21:00:00+00:00,165.6025,382.1135
2026-06-18 22:00:00+00:00,148.7625,384.28725
2026-06-18 23:00:00+00:00,133.525,377.78225
2026-06-19 00:00:00+00:00,123.4175,374.87199999999996
2026-06-19 01:00:00+00:00,119.33,360.26975
2026-06-19 02:00:00+00:00,116.0975,362.84125
2026-06-19 03:00:00+00:00,119.22,368.47049999999996
2026-06-19 04:00:00+00:00,139.815,349.52275
2026-06-19 05:00:00+00:00,127.8625,287.23125
2026-06-19 06:00:00+00:00,115.42,203.10175
2026-06-19 07:00:00+00:00,105.08250000000001,121.376625
2026-06-19 08:00:00+00:00,84.39500000000001,60.04875
2026-06-19 09:00:00+00:00,34.5275,38.663225
2026-06-19 10:00:00+00:00,15.0,33.5226
2026-06-19 11:00:00+00:00,13.4375,31.500649999999997
2026-06-19 12:00:00+00:00,18.355,31.19255
2026-06-19 13:00:00+00:00,55.14,37.997625
2026-06-19 14:00:00+00:00,95.27250000000001,65.979075
2026-06-19 15:00:00+00:00,112.0,123.65150000000001
2026-06-19 16:00:00+00:00,127.8075,186.806
2026-06-19 17:00:00+00:00,166.2,246.23949999999996
2026-06-19 18:00:00+00:00,209.215,294.74699999999996
2026-06-19 19:00:00+00:00,192.0,337.98375000000004
2026-06-19 20:00:00+00:00,159.1,324.146
2026-06-19 21:00:00+00:00,137.5975,317.12600000000003
2026-06-19 22:00:00+00:00,129.7625,319.912
2026-06-19 23:00:00+00:00,121.0975,297.77575
2026-06-20 00:00:00+00:00,118.6,288.171
2026-06-20 01:00:00+00:00,116.225,319.301
2026-06-20 02:00:00+00:00,114.38,333.83075
2026-06-20 03:00:00+00:00,113.305,338.54425
2026-06-20 04:00:00+00:00,109.5375,311.41625
2026-06-20 05:00:00+00:00,103.2,235.73325
2026-06-20 06:00:00+00:00,99.485,137.92325
2026-06-20 07:00:00+00:00,51.0,76.82690000000001
2026-06-20 08:00:00+00:00,4.125,52.482825000000005
2026-06-20 09:00:00+00:00,-0.0025,45.431275
2026-06-20 10:00:00+00:00,-0.015,41.63915
2026-06-20 11:00:00+00:00,-0.0175,38.44635
2026-06-20 12:00:00+00:00,-0.02,37.50062499999999
2026-06-20 13:00:00+00:00,0.25,37.881575
2026-06-20 14:00:00+00:00,17.87,42.72795
2026-06-20 15:00:00+00:00,82.075,87.25622499999999
2026-06-20 16:00:00+00:00,118.9725,181.2655
2026-06-20 17:00:00+00:00,143.475,251.8805
2026-06-20 18:00:00+00:00,175.2325,313.96075
2026-06-20 19:00:00+00:00,186.0075,374.20575
2026-06-20 20:00:00+00:00,168.325,390.78925000000004
2026-06-20 21:00:00+00:00,145.4775,390.75100000000003
2026-06-20 22:00:00+00:00,138.9225,388.76
2026-06-20 23:00:00+00:00,127.52,383.17475
2026-06-21 00:00:00+00:00,125.05000000000001,378.32899999999995
2026-06-21 01:00:00+00:00,121.5675,383.2445
2026-06-21 02:00:00+00:00,119.4325,386.374
2026-06-21 03:00:00+00:00,115.6075,383.322
2026-06-21 04:00:00+00:00,115.95,359.42949999999996
2026-06-21 05:00:00+00:00,111.735,273.24225
2026-06-21 06:00:00+00:00,93.77,159.49525
2026-06-21 07:00:00+00:00,48.9925,91.70497499999999
2026-06-21 08:00:00+00:00,1.3624999999999998,57.050575
2026-06-21 09:00:00+00:00,-0.0025,47.086324999999995
2026-06-21 10:00:00+00:00,-0.0075,40.509925
2026-06-21 11:00:00+00:00,-0.01,39.25785
2026-06-21 12:00:00+00:00,-0.005,39.089575
2026-06-21 13:00:00+00:00,0.0075,43.828725
2026-06-21 14:00:00+00:00,12.395,50.678275000000006
2026-06-21 15:00:00+00:00,73.75,73.40079999999999
2026-06-21 16:00:00+00:00,113.9625,146.2285
2026-06-21 17:00:00+00:00,132.1825,198.11575000000002
2026-06-21 18:00:00+00:00,147.89,232.34525
2026-06-21 19:00:00+00:00,150.29,264.566
2026-06-21 20:00:00+00:00,145.5725,293.004
2026-06-21 21:00:00+00:00,133.285,295.87975
2026-06-21 22:00:00+00:00,126.8825,289.6585
2026-06-21 23:00:00+00:00,119.525,284.21524999999997
2026-06-22 00:00:00+00:00,112.3,281.29375
2026-06-22 01:00:00+00:00,111.3725,284.7335
2026-06-22 02:00:00+00:00,113.4275,288.2805
2026-06-22 03:00:00+00:00,121.07000000000001,278.18699999999995
2026-06-22 04:00:00+00:00,137.365,247.28499999999997
2026-06-22 05:00:00+00:00,144.845,194.0395
2026-06-22 06:00:00+00:00,128.14249999999998,150.67875000000004
2026-06-22 07:00:00+00:00,111.04249999999999,100.656975
2026-06-22 08:00:00+00:00,87.545,62.55969999999999
2026-06-22 09:00:00+00:00,57.3025,45.920525000000005
2026-06-22 10:00:00+00:00,39.5175,39.425599999999996
2026-06-22 11:00:00+00:00,32.305,37.797675
2026-06-22 12:00:00+00:00,31.92,37.758399999999995
2026-06-22 13:00:00+00:00,62.6525,44.6595
2026-06-22 14:00:00+00:00,90.8875,61.2606
2026-06-22 15:00:00+00:00,113.785,104.071575
2026-06-22 16:00:00+00:00,143.94,146.493
2026-06-22 17:00:00+00:00,196.08499999999998,189.4985
2026-06-22 18:00:00+00:00,267.74,234.26075
2026-06-22 19:00:00+00:00,258.9475,283.14924999999994
2026-06-22 20:00:00+00:00,191.7325,315.411
2026-06-22 21:00:00+00:00,160.11,327.58149999999995
2026-06-22 22:00:00+00:00,145.7125,331.047
2026-06-22 23:00:00+00:00,137.8425,334.59175000000005
2026-06-23 00:00:00+00:00,134.175,331.79575
2026-06-23 01:00:00+00:00,134.4625,334.8845
2026-06-23 02:00:00+00:00,136.7925,328.2175
2026-06-23 03:00:00+00:00,141.03750000000002,345.817
2026-06-23 04:00:00+00:00,172.8375,313.32000000000005
2026-06-23 05:00:00+00:00,166.66,259.64725
2026-06-23 06:00:00+00:00,139.595,216.3755
2026-06-23 07:00:00+00:00,112.80250000000001,163.80624999999998
2026-06-23 08:00:00+00:00,96.53,128.583
2026-06-23 09:00:00+00:00,76.2375,89.63610000000001
2026-06-23 10:00:00+00:00,59.545,69.4335
2026-06-23 11:00:00+00:00,43.53,61.522775
2026-06-23 12:00:00+00:00,41.2075,59.98295
2026-06-23 13:00:00+00:00,54.897499999999994,73.753725
2026-06-23 14:00:00+00:00,99.64750000000001,100.412925
2026-06-23 15:00:00+00:00,121.9575,149.09924999999998
2026-06-23 16:00:00+00:00,169.78,200.48850000000002
2026-06-23 17:00:00+00:00,337.11,256.5515
2026-06-23 18:00:00+00:00,578.4425,313.84725
2026-06-23 19:00:00+00:00,563.4,361.4647499999999
2026-06-23 20:00:00+00:00,350.0,375.91624999999993
2026-06-23 21:00:00+00:00,208.84,372.78875
2026-06-23 22:00:00+00:00,189.83499999999998,369.33050000000003
2026-06-23 23:00:00+00:00,171.6025,366.38325000000003
2026-06-24 00:00:00+00:00,151.2475,367.684
2026-06-24 01:00:00+00:00,149.74,366.34800000000007
2026-06-24 02:00:00+00:00,154.91,363.23625
2026-06-24 03:00:00+00:00,160.8875,363.0075
2026-06-24 04:00:00+00:00,188.985,321.072
2026-06-24 05:00:00+00:00,184.0575,249.037
2026-06-24 06:00:00+00:00,153.43,195.6575
2026-06-24 07:00:00+00:00,120.7175,154.89950000000002
2026-06-24 08:00:00+00:00,104.515,101.417125
2026-06-24 09:00:00+00:00,82.7,74.202575
2026-06-24 10:00:00+00:00,67.765,64.52265
2026-06-24 11:00:00+00:00,66.5375,60.22525
2026-06-24 12:00:00+00:00,62.39,61.268875
2026-06-24 13:00:00+00:00,65.7,73.3396
2026-06-24 14:00:00+00:00,109.11,100.656375
2026-06-24 15:00:00+00:00,129.78,146.84225
2026-06-24 16:00:00+00:00,198.28,189.43825
2026-06-24 17:00:00+00:00,506.14250000000004,235.04625000000001
2026-06-24 18:00:00+00:00,784.0,277.07124999999996
2026-06-24 19:00:00+00:00,799.355,305.93275
2026-06-24 20:00:00+00:00,567.8875,320.47274999999996
2026-06-24 21:00:00+00:00,302.185,325.476
2026-06-24 22:00:00+00:00,169.155,328.678
2026-06-24 23:00:00+00:00,152.925,337.29600000000005
2026-06-25 00:00:00+00:00,141.6975,345.63449999999995
2026-06-25 01:00:00+00:00,139.4775,337.30575
2026-06-25 02:00:00+00:00,138.5125,332.335
2026-06-25 03:00:00+00:00,140.4825,325.18325
2026-06-25 04:00:00+00:00,161.2525,295.0545
2026-06-25 05:00:00+00:00,146.665,249.2275
2026-06-25 06:00:00+00:00,119.55250000000001,209.06425
2026-06-25 07:00:00+00:00,105.0075,142.91325
2026-06-25 08:00:00+00:00,86.11,72.138425
2026-06-25 09:00:00+00:00,51.449999999999996,42.98137499999999
2026-06-25 10:00:00+00:00,21.71,41.539875
2026-06-25 11:00:00+00:00,10.9375,40.13035
2026-06-25 12:00:00+00:00,11.705,39.980374999999995
2026-06-25 13:00:00+00:00,55.010000000000005,44.7001
2026-06-25 14:00:00+00:00,86.715,63.927425
2026-06-25 15:00:00+00:00,104.815,109.01147499999999
2026-06-25 16:00:00+00:00,134.7125,159.9485
2026-06-25 17:00:00+00:00,204.5225,194.1925
2026-06-25 18:00:00+00:00,298.0325,229.8815
2026-06-25 19:00:00+00:00,251.64499999999998,261.98224999999996
2026-06-25 20:00:00+00:00,189.2,273.89525000000003
2026-06-25 21:00:00+00:00,159.9,275.21799999999996
2026-06-25 22:00:00+00:00,143.1875,281.222
2026-06-25 23:00:00+00:00,129.39499999999998,290.63824999999997
2026-06-26 00:00:00+00:00,120.60249999999999,294.05225
2026-06-26 01:00:00+00:00,120.0,297.44525
2026-06-26 02:00:00+00:00,121.4325,295.75775
2026-06-26 03:00:00+00:00,128.5625,298.274
2026-06-26 04:00:00+00:00,147.34,283.90925
2026-06-26 05:00:00+00:00,137.5575,245.4385
2026-06-26 06:00:00+00:00,117.9575,205.49274999999997
2026-06-26 07:00:00+00:00,105.60000000000001,150.94075
2026-06-26 08:00:00+00:00,93.535,95.536775
2026-06-26 09:00:00+00:00,69.2425,64.135625
2026-06-26 10:00:00+00:00,28.7075,50.7369
2026-06-26 11:00:00+00:00,10.0,47.409025
2026-06-26 12:00:00+00:00,34.057500000000005,47.505224999999996
2026-06-26 13:00:00+00:00,72.31,59.47915
2026-06-26 14:00:00+00:00,93.6425,86.921375
2026-06-26 15:00:00+00:00,111.745,149.423
2026-06-26 16:00:00+00:00,150.5375,204.6155
2026-06-26 17:00:00+00:00,244.9375,255.25599999999997
2026-06-26 18:00:00+00:00,356.0,314.245
2026-06-26 19:00:00+00:00,299.4175,359.09100000000007
2026-06-26 20:00:00+00:00,202.6925,366.92375
2026-06-26 21:00:00+00:00,154.86,369.346
2026-06-26 22:00:00+00:00,132.305,382.16774999999996
2026-06-26 23:00:00+00:00,124.58250000000001,391.05725
2026-06-27 00:00:00+00:00,118.07000000000001,389.99375
2026-06-27 01:00:00+00:00,115.83,376.34625
2026-06-27 02:00:00+00:00,115.32499999999999,378.44624999999996
2026-06-27 03:00:00+00:00,114.0,373.56624999999997
2026-06-27 04:00:00+00:00,112.725,361.027
2026-06-27 05:00:00+00:00,109.27250000000001,281.34375
2026-06-27 06:00:00+00:00,105.88,190.782
2026-06-27 07:00:00+00:00,75.4925,114.99589999999999
2026-06-27 08:00:00+00:00,36.025,79.062175
2026-06-27 09:00:00+00:00,12.2975,62.03575
2026-06-27 10:00:00+00:00,2.0125,61.098475
2026-06-27 11:00:00+00:00,0.034999999999999996,61.3702
2026-06-27 12:00:00+00:00,3.3925,55.476350000000004
2026-06-27 13:00:00+00:00,12.7675,60.231674999999996
2026-06-27 14:00:00+00:00,49.582499999999996,79.95535
2026-06-27 15:00:00+00:00,98.41,152.5235
2026-06-27 16:00:00+00:00,124.97749999999999,223.53275
2026-06-27 17:00:00+00:00,173.2975,280.52250000000004
2026-06-27 18:00:00+00:00,232.5525,333.054
2026-06-27 19:00:00+00:00,237.92000000000002,374.52475000000004
2026-06-27 20:00:00+00:00,179.41,368.63374999999996
2026-06-27 21:00:00+00:00,147.6575,337.22425
2026-06-27 22:00:00+00:00,137.12,319.55699999999996
2026-06-27 23:00:00+00:00,127.5275,359.16175
2026-06-28 00:00:00+00:00,119.6825,377.62325
2026-06-28 01:00:00+00:00,115.6875,397.8405
2026-06-28 02:00:00+00:00,114.735,384.18449999999996
2026-06-28 03:00:00+00:00,115.1225,380.398
2026-06-28 04:00:00+00:00,112.0625,373.19425
2026-06-28 05:00:00+00:00,104.43,270.11325
2026-06-28 06:00:00+00:00,76.685,127.767825
2026-06-28 07:00:00+00:00,32.8125,70.112725
2026-06-28 08:00:00+00:00,5.065,55.22515
2026-06-28 09:00:00+00:00,-0.16249999999999998,48.311575
2026-06-28 10:00:00+00:00,-0.07500000000000001,45.213525
2026-06-28 11:00:00+00:00,-2.0425,46.529325
2026-06-28 12:00:00+00:00,-0.0675,48.068925
2026-06-28 13:00:00+00:00,1.62,47.648275000000005
2026-06-28 14:00:00+00:00,24.8275,59.4141
2026-06-28 15:00:00+00:00,81.45750000000001,80.706575
2026-06-28 16:00:00+00:00,113.5775,135.2835
2026-06-28 17:00:00+00:00,127.0275,189.88175
2026-06-28 18:00:00+00:00,147.85,236.4185
2026-06-28 19:00:00+00:00,158.175,282.31924999999995
2026-06-28 20:00:00+00:00,155.4125,318.5665
2026-06-28 21:00:00+00:00,142.64,336.04200000000003
2026-06-28 22:00:00+00:00,123.1175,354.95525
2026-06-28 23:00:00+00:00,113.66499999999999,360.01649999999995
2026-06-29 00:00:00+00:00,112.9675,362.46675
2026-06-29 01:00:00+00:00,109.5475,377.9235
2026-06-29 02:00:00+00:00,113.5975,393.40275
2026-06-29 03:00:00+00:00,125.42750000000001,397.18625000000003
2026-06-29 04:00:00+00:00,148.94,381.04074999999995
2026-06-29 05:00:00+00:00,154.1525,337.43600000000004
2026-06-29 06:00:00+00:00,143.0425,279.95349999999996
2026-06-29 07:00:00+00:00,120.9475,218.43075000000002
2026-06-29 08:00:00+00:00,106.925,158.59075
2026-06-29 09:00:00+00:00,99.1,126.70875000000001
2026-06-29 10:00:00+00:00,89.5075,117.77399999999999
2026-06-29 11:00:00+00:00,82.0275,100.464775
2026-06-29 12:00:00+00:00,86.38499999999999,89.20497499999999
2026-06-29 13:00:00+00:00,96.81,94.083725
2026-06-29 14:00:00+00:00,103.5875,110.67675
2026-06-29 15:00:00+00:00,114.4225,153.082
2026-06-29 16:00:00+00:00,139.375,204.62025
2026-06-29 17:00:00+00:00,203.735,265.68425
2026-06-29 18:00:00+00:00,325.295,327.44675
2026-06-29 19:00:00+00:00,351.2675,382.9482499999999
2026-06-29 20:00:00+00:00,248.905,419.20674999999994
2026-06-29 21:00:00+00:00,181.535,427.65500000000003
2026-06-29 22:00:00+00:00,180.58,430.18275
2026-06-29 23:00:00+00:00,157.945,431.50025000000005
2026-06-30 00:00:00+00:00,151.04,432.16175
2026-06-30 01:00:00+00:00,152.535,432.29325000000006
2026-06-30 02:00:00+00:00,152.89249999999998,432.31450000000007
2026-06-30 03:00:00+00:00,165.9675,430.37075000000004
2026-06-30 04:00:00+00:00,195.89249999999998,395.689
2026-06-30 05:00:00+00:00,195.1975,339.24175
2026-06-30 06:00:00+00:00,161.12,294.75399999999996
2026-06-30 07:00:00+00:00,125.945,260.75100000000003
2026-06-30 08:00:00+00:00,108.91749999999999,242.87625000000003
2026-06-30 09:00:00+00:00,101.345,214.05875000000003
2026-06-30 10:00:00+00:00,98.7525,206.581
2026-06-30 11:00:00+00:00,100.185,215.83175000000003
2026-06-30 12:00:00+00:00,105.61,248.17650000000003
2026-06-30 13:00:00+00:00,115.1,275.46899999999994
2026-06-30 14:00:00+00:00,126.6675,255.845
2026-06-30 15:00:00+00:00,175.59,272.11775
2026-06-30 16:00:00+00:00,266.365,292.9955
2026-06-30 17:00:00+00:00,488.765,324.71975000000003
2026-06-30 18:00:00+00:00,553.51,370.20399999999995
2026-06-30 19:00:00+00:00,427.8975,407.506
2026-06-30 20:00:00+00:00,297.6575,416.17275
2026-06-30 21:00:00+00:00,203.6625,410.86375
2026-06-30 22:00:00+00:00,161.65,410.6115
2026-06-30 23:00:00+00:00,149.49,423.3035
2026-07-01 00:00:00+00:00,144.0325,424.9415
2026-07-01 01:00:00+00:00,145.45,426.20475
2026-07-01 02:00:00+00:00,149.22,427.474
2026-07-01 03:00:00+00:00,155.61,423.54675000000003
2026-07-01 04:00:00+00:00,187.9375,387.16324999999995
2026-07-01 05:00:00+00:00,197.675,324.1775
2026-07-01 06:00:00+00:00,174.18,263.645
2026-07-01 07:00:00+00:00,144.6275,218.49324999999996
2026-07-01 08:00:00+00:00,123.50999999999999,173.7305
2026-07-01 09:00:00+00:00,116.335,144.31199999999998
2026-07-01 10:00:00+00:00,112.455,130.53425000000001
2026-07-01 11:00:00+00:00,102.255,120.03875
2026-07-01 12:00:00+00:00,96.32,121.43275
2026-07-01 13:00:00+00:00,91.8225,117.118
2026-07-01 14:00:00+00:00,92.62,129.51000000000002
2026-07-01 15:00:00+00:00,103.975,160.98325
2026-07-01 16:00:00+00:00,121.25,213.57774999999998
2026-07-01 17:00:00+00:00,167.05,265.575
2026-07-01 18:00:00+00:00,227.73,330.79925
2026-07-01 19:00:00+00:00,244.07999999999998,388.60675
2026-07-01 20:00:00+00:00,198.88,411.32374999999996
2026-07-01 21:00:00+00:00,157.4075,407.18975
2026-07-01 22:00:00+00:00,158.3025,397.5285
2026-07-01 23:00:00+00:00,142.085,375.09925
2026-07-02 00:00:00+00:00,133.32,346.726
2026-07-02 01:00:00+00:00,116.74,311.70225
2026-07-02 02:00:00+00:00,108.8125,266.79325000000006
2026-07-02 03:00:00+00:00,110.35249999999999,234.1305
2026-07-02 04:00:00+00:00,116.2875,201.8625
2026-07-02 05:00:00+00:00,110.3775,141.77625
2026-07-02 06:00:00+00:00,86.1875,80.029875
2026-07-02 07:00:00+00:00,41.525,52.163975
2026-07-02 08:00:00+00:00,5.970000000000001,45.6713
2026-07-02 09:00:00+00:00,6.1725,41.54265
2026-07-02 10:00:00+00:00,6.2675,41.2698
2026-07-02 11:00:00+00:00,6.3,36.193225
2026-07-02 12:00:00+00:00,2.23,32.77575
2026-07-02 13:00:00+00:00,-0.22999999999999998,29.715825000000002
2026-07-02 14:00:00+00:00,0.9875,28.406225
2026-07-02 15:00:00+00:00,5.0025,34.16915
2026-07-02 16:00:00+00:00,50.585,48.730225000000004
2026-07-02 17:00:00+00:00,91.71000000000001,96.739875
2026-07-02 18:00:00+00:00,118.1025,159.70725
2026-07-02 19:00:00+00:00,130.5725,239.04250000000002
2026-07-02 20:00:00+00:00,141.66,309.05725
2026-07-02 21:00:00+00:00,131.9475,314.2105
2026-07-02 22:00:00+00:00,119.79499999999999,311.83225000000004
2026-07-02 23:00:00+00:00,111.535,313.176
2026-07-03 00:00:00+00:00,106.42,286.747
2026-07-03 01:00:00+00:00,99.4975,242.51274999999998
2026-07-03 02:00:00+00:00,97.6625,231.74449999999996
2026-07-03 03:00:00+00:00,96.485,231.32
2026-07-03 04:00:00+00:00,111.2575,200.844
2026-07-03 05:00:00+00:00,110.83,149.38875000000002
2026-07-03 06:00:00+00:00,106.05,98.9099
2026-07-03 07:00:00+00:00,35.32,57.53485
2026-07-03 08:00:00+00:00,0.325,48.998375
2026-07-03 09:00:00+00:00,-0.53,36.17467499999999
2026-07-03 10:00:00+00:00,-1.44,33.48745
2026-07-03 11:00:00+00:00,-2.865,31.354725
2026-07-03 12:00:00+00:00,-3.8475,29.397875
2026-07-03 13:00:00+00:00,-2.7325,29.0621
2026-07-03 14:00:00+00:00,-0.39,31.392500000000005
2026-07-03 15:00:00+00:00,4.94,37.197425
2026-07-03 16:00:00+00:00,47.004999999999995,66.95085
2026-07-03 17:00:00+00:00,109.245,159.18375
2026-07-03 18:00:00+00:00,128.3725,248.63750000000002
2026-07-03 19:00:00+00:00,136.135,327.59250000000003
2026-07-03 20:00:00+00:00,137.595,375.46575000000007
2026-07-03 21:00:00+00:00,127.89750000000001,367.93725
2026-07-03 22:00:00+00:00,127.765,352.45525
2026-07-03 23:00:00+00:00,120.17500000000001,326.71274999999997
2026-07-04 00:00:00+00:00,114.29249999999999,292.51325
2026-07-04 01:00:00+00:00,109.6325,264.524
2026-07-04 02:00:00+00:00,102.3025,229.40375000000003
2026-07-04 03:00:00+00:00,97.665,201.81799999999998
2026-07-04 04:00:00+00:00,90.3,165.73125
2026-07-04 05:00:00+00:00,69.7825,88.655525
2026-07-04 06:00:00+00:00,28.18,43.603475
2026-07-04 07:00:00+00:00,0.9125,32.642599999999995
2026-07-04 08:00:00+00:00,-0.0125,26.70615
2026-07-04 09:00:00+00:00,-0.7375,24.536875
2026-07-04 10:00:00+00:00,-2.8525,24.107475
2026-07-04 11:00:00+00:00,-7.61,24.021624999999997
2026-07-04 12:00:00+00:00,-9.5575,26.306675000000002
2026-07-04 13:00:00+00:00,-3.9675000000000002,29.195999999999998
2026-07-04 14:00:00+00:00,-0.2975,33.494625
2026-07-04 15:00:00+00:00,4.505,34.613699999999994
2026-07-04 16:00:00+00:00,52.0125,53.346375
2026-07-04 17:00:00+00:00,102.44,99.447175
2026-07-04 18:00:00+00:00,122.735,141.0585
2026-07-04 19:00:00+00:00,130.6225,181.26550000000003
2026-07-04 20:00:00+00:00,128.98499999999999,200.409
2026-07-04 21:00:00+00:00,122.22999999999999,194.306
2026-07-04 22:00:00+00:00,131.41,166.92675
2026-07-04 23:00:00+00:00,117.1475,149.66375000000002
2026-07-05 00:00:00+00:00,115.0125,113.67315
2026-07-05 01:00:00+00:00,106.4,89.310775
2026-07-05 02:00:00+00:00,102.83500000000001,91.586225
2026-07-05 03:00:00+00:00,98.50999999999999,88.607775
2026-07-05 04:00:00+00:00,87.11,84.589425
2026-07-05 05:00:00+00:00,57.02,66.009925
2026-07-05 06:00:00+00:00,20.6925,52.03965000000001
2026-07-05 07:00:00+00:00,1.95,46.221125
2026-07-05 08:00:00+00:00,0.0075,48.077975
2026-07-05 09:00:00+00:00,0.0,41.97307500000001
2026-07-05 10:00:00+00:00,-0.1,36.375475
2026-07-05 11:00:00+00:00,-0.595,33.61425
2026-07-05 12:00:00+00:00,-1.125,29.922775
2026-07-05 13:00:00+00:00,-0.99,31.74615
2026-07-05 14:00:00+00:00,0.1425,32.4314
2026-07-05 15:00:00+00:00,11.605,42.255925
2026-07-05 16:00:00+00:00,84.2675,72.347075
2026-07-05 17:00:00+00:00,123.53,153.785
2026-07-05 18:00:00+00:00,135.305,230.26149999999998
2026-07-05 19:00:00+00:00,143.5575,306.814
2026-07-05 20:00:00+00:00,146.4325,351.3515
2026-07-05 21:00:00+00:00,131.815,356.66375
2026-07-05 22:00:00+00:00,141.0975,339.436
2026-07-05 23:00:00+00:00,125.6,325.77625
2026-07-06 00:00:00+00:00,118.28,310.60125
2026-07-06 01:00:00+00:00,113.245,281.59125
2026-07-06 02:00:00+00:00,113.29249999999999,258.881
2026-07-06 03:00:00+00:00,119.89750000000001,240.60424999999995
2026-07-06 04:00:00+00:00,135.4725,246.96800000000002
2026-07-06 05:00:00+00:00,150.285,218.22475000000003
2026-07-06 06:00:00+00:00,144.9575,176.84725
2026-07-06 07:00:00+00:00,121.41499999999999,115.73564999999999
2026-07-06 08:00:00+00:00,106.2225,70.61935
2026-07-06 09:00:00+00:00,82.24,43.62005
2026-07-06 10:00:00+00:00,43.7125,28.312299999999997
2026-07-06 11:00:00+00:00,20.585,25.405725
2026-07-06 12:00:00+00:00,10.31,25.467875
2026-07-06 13:00:00+00:00,6.6525,25.138199999999998
2026-07-06 14:00:00+00:00,29.3375,27.1845
2026-07-06 15:00:00+00:00,74.5025,39.36627500000001
2026-07-06 16:00:00+00:00,106.4175,71.93605
2026-07-06 17:00:00+00:00,120.3625,134.52125
2026-07-06 18:00:00+00:00,140.1475,211.81425000000002
2026-07-06 19:00:00+00:00,155.0675,270.79525
2026-07-06 20:00:00+00:00,151.2625,291.90274999999997
2026-07-06 21:00:00+00:00,138.9575,307.95675
2026-07-06 22:00:00+00:00,122.3925,308.20725
2026-07-06 23:00:00+00:00,115.97,323.78875
2026-07-07 00:00:00+00:00,110.34,331.59025
2026-07-07 01:00:00+00:00,104.67,331.51475000000005
2026-07-07 02:00:00+00:00,103.2425,312.084
2026-07-07 03:00:00+00:00,108.4675,308.54875000000004
2026-07-07 04:00:00+00:00,122.7325,295.21624999999995
2026-07-07 05:00:00+00:00,122.63,235.69125000000003
2026-07-07 06:00:00+00:00,117.9025,179.46625
2026-07-07 07:00:00+00:00,106.06,95.6793
2026-07-07 08:00:00+00:00,57.625,51.66
2026-07-07 09:00:00+00:00,8.5625,33.784974999999996
2026-07-07 10:00:00+00:00,1.175,29.8944
2026-07-07 11:00:00+00:00,-1.2875,31.6406
2026-07-07 12:00:00+00:00,-2.1475,35.167525
2026-07-07 13:00:00+00:00,1.3399999999999999,36.435500000000005
2026-07-07 14:00:00+00:00,9.4725,40.278549999999996
2026-07-07 15:00:00+00:00,66.9725,53.367575
2026-07-07 16:00:00+00:00,116.3625,102.7239
2026-07-07 17:00:00+00:00,120.92,179.07225
2026-07-07 18:00:00+00:00,141.4225,234.18275
2026-07-07 19:00:00+00:00,149.935,299.4275
2026-07-07 20:00:00+00:00,148.44,344.24225
2026-07-07 21:00:00+00:00,139.5775,359.18625
2026-07-07 22:00:00+00:00,125.0975,365.05924999999996
2026-07-07 23:00:00+00:00,119.37,360.85200000000003
2026-07-08 00:00:00+00:00,114.9075,357.7049999999999
2026-07-08 01:00:00+00:00,112.455,354.84325000000007
2026-07-08 02:00:00+00:00,120.0025,347.73525000000006
2026-07-08 03:00:00+00:00,124.0,345.84649999999993
2026-07-08 04:00:00+00:00,137.5525,334.20050000000003
2026-07-08 05:00:00+00:00,136.3475,299.10774999999995
2026-07-08 06:00:00+00:00,136.23,256.39675
2026-07-08 07:00:00+00:00,116.415,220.84799999999998
2026-07-08 08:00:00+00:00,100.46249999999999,190.93550000000002
2026-07-08 09:00:00+00:00,91.51,175.42825000000002
2026-07-08 10:00:00+00:00,69.3075,141.13275
2026-07-08 11:00:00+00:00,56.91,120.51425
2026-07-08 12:00:00+00:00,59.0,120.88774999999998
2026-07-08 13:00:00+00:00,55.9,107.2895
2026-07-08 14:00:00+00:00,71.7325,117.92575
2026-07-08 15:00:00+00:00,85.75750000000001,139.677
2026-07-08 16:00:00+00:00,107.71,189.28025000000002
2026-07-08 17:00:00+00:00,137.1875,247.352
2026-07-08 18:00:00+00:00,153.79500000000002,304.4925
2026-07-08 19:00:00+00:00,162.1875,363.2375
2026-07-08 20:00:00+00:00,159.255,393.715
2026-07-08 21:00:00+00:00,145.54000000000002,398.75025
2026-07-08 22:00:00+00:00,141.41,402.48699999999997
2026-07-08 23:00:00+00:00,134.04,405.30325
2026-07-09 00:00:00+00:00,127.75,406.77475
2026-07-09 01:00:00+00:00,124.10249999999999,414.9822500000001
2026-07-09 02:00:00+00:00,124.515,417.8085
2026-07-09 03:00:00+00:00,133.9375,417.03599999999994
2026-07-09 04:00:00+00:00,155.1875,392.09450000000004
2026-07-09 05:00:00+00:00,149.1875,331.25975
2026-07-09 06:00:00+00:00,138.62,272.9095
2026-07-09 07:00:00+00:00,124.155,196.13475
2026-07-09 08:00:00+00:00,112.30499999999999,141.99525000000003
2026-07-09 09:00:00+00:00,102.49,111.31675
2026-07-09 10:00:00+00:00,80.755,87.8439
2026-07-09 11:00:00+00:00,52.99,63.55377500000001
2026-07-09 12:00:00+00:00,41.09,56.504650000000005
2026-07-09 13:00:00+00:00,61.0725,61.54915
2026-07-09 14:00:00+00:00,93.2675,80.538425
2026-07-09 15:00:00+00:00,111.1075,129.95525
2026-07-09 16:00:00+00:00,132.8625,218.1715
2026-07-09 17:00:00+00:00,168.935,281.39975
2026-07-09 18:00:00+00:00,225.4925,332.349
2026-07-09 19:00:00+00:00,231.2475,375.514
2026-07-09 20:00:00+00:00,188.9425,388.3565
2026-07-09 21:00:00+00:00,165.715,392.70775
2026-07-09 22:00:00+00:00,155.9725,394.96200000000005
2026-07-09 23:00:00+00:00,144.10250000000002,398.16425
2026-07-10 00:00:00+00:00,140.855,402.3295
2026-07-10 01:00:00+00:00,138.4025,406.98449999999997
2026-07-10 02:00:00+00:00,137.5975,411.32525
2026-07-10 03:00:00+00:00,143.1125,414.79725
2026-07-10 04:00:00+00:00,151.535,391.462
2026-07-10 05:00:00+00:00,148.1875,338.547
2026-07-10 06:00:00+00:00,135.6575,275.6485
2026-07-10 07:00:00+00:00,123.435,173.66875000000002
2026-07-10 08:00:00+00:00,102.60249999999999,88.49995000000001
2026-07-10 09:00:00+00:00,78.465,57.217699999999994
2026-07-10 10:00:00+00:00,59.0125,44.49715
2026-07-10 11:00:00+00:00,37.36,42.04555
2026-07-10 12:00:00+00:00,40.95,44.05205
2026-07-10 13:00:00+00:00,62.1,48.873675
2026-07-10 14:00:00+00:00,88.10249999999999,64.3963
2026-07-10 15:00:00+00:00,114.245,121.9972
2026-07-10 16:00:00+00:00,128.665,196.55349999999999
2026-07-10 17:00:00+00:00,161.89499999999998,240.799
2026-07-10 18:00:00+00:00,180.615,275.98075
2026-07-10 19:00:00+00:00,175.14,305.2875
2026-07-10 20:00:00+00:00,168.0,332.72925
2026-07-10 21:00:00+00:00,154.4625,350.32775
2026-07-10 22:00:00+00:00,150.66,364.78599999999994
2026-07-10 23:00:00+00:00,144.0025,372.02549999999997
2026-07-11 00:00:00+00:00,140.4425,378.3115
2026-07-11 01:00:00+00:00,138.9325,384.3302499999999
2026-07-11 02:00:00+00:00,138.64,389.305
2026-07-11 03:00:00+00:00,136.1925,397.77099999999996
2026-07-11 04:00:00+00:00,134.4725,386.2195
2026-07-11 05:00:00+00:00,124.70750000000001,333.32525000000004
2026-07-11 06:00:00+00:00,115.545,251.78375000000003
2026-07-11 07:00:00+00:00,74.5375,130.921925
2026-07-11 08:00:00+00:00,16.0875,74.07682500000001
2026-07-11 09:00:00+00:00,0.3275,56.954449999999994
2026-07-11 10:00:00+00:00,-0.01,51.01840000000001
2026-07-11 11:00:00+00:00,-1.5975,45.060500000000005
2026-07-11 12:00:00+00:00,-2.2399999999999998,43.336
2026-07-11 13:00:00+00:00,-0.8374999999999999,44.606300000000005
2026-07-11 14:00:00+00:00,6.4825,46.21375
2026-07-11 15:00:00+00:00,75.0225,69.67139999999999
2026-07-11 16:00:00+00:00,120.7375,141.54599999999996
2026-07-11 17:00:00+00:00,141.01749999999998,217.8805
2026-07-11 18:00:00+00:00,151.765,259.76300000000003
2026-07-11 19:00:00+00:00,156.27499999999998,291.34625
2026-07-11 20:00:00+00:00,154.8875,320.2385
2026-07-11 21:00:00+00:00,145.5875,336.4285
2026-07-11 22:00:00+00:00,137.4425,342.39
2026-07-11 23:00:00+00:00,131.885,339.41125
2026-07-12 00:00:00+00:00,125.57,342.69300000000004
2026-07-12 01:00:00+00:00,125.1,346.935
2026-07-12 02:00:00+00:00,122.8825,343.31100000000004
2026-07-12 03:00:00+00:00,120.23,343.279
2026-07-12 04:00:00+00:00,111.6125,312.13025
2026-07-12 05:00:00+00:00,99.775,211.4325
2026-07-12 06:00:00+00:00,62.0025,107.62025
2026-07-12 07:00:00+00:00,5.385,63.87704999999999
2026-07-12 08:00:00+00:00,-0.045,50.85075
2026-07-12 09:00:00+00:00,-4.0625,46.183375
2026-07-12 10:00:00+00:00,-15.2175,41.825225
2026-07-12 11:00:00+00:00,-23.0125,40.43535
2026-07-12 12:00:00+00:00,-21.3025,38.211124999999996
2026-07-12 13:00:00+00:00,-11.932500000000001,39.061225
2026-07-12 14:00:00+00:00,-2.6925,40.32485
2026-07-12 15:00:00+00:00,7.2250000000000005,49.341625
2026-07-12 16:00:00+00:00,91.11,85.4447
2026-07-12 17:00:00+00:00,131.5675,162.73525
2026-07-12 18:00:00+00:00,139.6325,215.06874999999997
2026-07-12 19:00:00+00:00,144.4875,243.816
2026-07-12 20:00:00+00:00,144.93,260.56199999999995
2026-07-12 21:00:00+00:00,139.3175,276.673
2026-07-12 22:00:00+00:00,129.73,288.98825
2026-07-12 23:00:00+00:00,123.83,295.50775
2026-07-13 00:00:00+00:00,119.75750000000001,308.502
2026-07-13 01:00:00+00:00,120.4925,318.731
2026-07-13 02:00:00+00:00,123.3425,331.4995
2026-07-13 03:00:00+00:00,132.4425,344.08525000000003
2026-07-13 04:00:00+00:00,148.77,343.81025
2026-07-13 05:00:00+00:00,153.2575,295.84200000000004
2026-07-13 06:00:00+00:00,137.95,231.78574999999998
2026-07-13 07:00:00+00:00,121.85249999999999,153.37699999999998
2026-07-13 08:00:00+00:00,98.94749999999999,74.073
2026-07-13 09:00:00+00:00,73.10249999999999,51.01700000000001
2026-07-13 10:00:00+00:00,39.0,45.551
2026-07-13 11:00:00+00:00,16.84,43.2947
2026-07-13 12:00:00+00:00,11.525,42.509825
2026-07-13 13:00:00+00:00,41.839999999999996,46.8911
2026-07-13 14:00:00+00:00,83.96000000000001,63.448325
2026-07-13 15:00:00+00:00,113.755,110.66657500000001
2026-07-13 16:00:00+00:00,124.89,179.85175000000004
2026-07-13 17:00:00+00:00,148.1425,226.45175
2026-07-13 18:00:00+00:00,169.435,263.02000000000004
2026-07-13 19:00:00+00:00,167.815,290.79175000000004
2026-07-13 20:00:00+00:00,159.0725,313.37325
2026-07-13 21:00:00+00:00,143.9425,327.59875
2026-07-13 22:00:00+00:00,139.505,339.686
2026-07-13 23:00:00+00:00,133.8875,344.151
2026-07-14 00:00:00+00:00,127.35,348.4715
2026-07-14 01:00:00+00:00,127.2175,349.32450000000006
2026-07-14 02:00:00+00:00,127.65,362.63849999999996
2026-07-14 03:00:00+00:00,135.02,365.5492499999999
2026-07-14 04:00:00+00:00,143.1075,342.04474999999996
2026-07-14 05:00:00+00:00,142.91,286.52975000000004
2026-07-14 06:00:00+00:00,134.9075,224.23975000000002
2026-07-14 07:00:00+00:00,120.6075,148.73225
2026-07-14 08:00:00+00:00,103.12,87.81712499999999
2026-07-14 09:00:00+00:00,62.379999999999995,54.726099999999995
2026-07-14 10:00:00+00:00,23.75,38.610425000000006
2026-07-14 11:00:00+00:00,-0.005,38.89745
2026-07-14 12:00:00+00:00,0.0,39.560375
2026-07-14 13:00:00+00:00,22.435,40.74635
2026-07-14 14:00:00+00:00,71.245,50.365975
2026-07-14 15:00:00+00:00,99.5925,81.92620000000001
2026-07-14 16:00:00+00:00,110.6175,138.26475
2026-07-14 17:00:00+00:00,142.5575,189.7695
2026-07-14 18:00:00+00:00,160.03,231.38175
2026-07-14 19:00:00+00:00,173.6875,266.02500000000003
2026-07-14 20:00:00+00:00,168.76500000000001,284.29224999999997
2026-07-14 21:00:00+00:00,151.51999999999998,293.34725000000003
2026-07-14 22:00:00+00:00,150.9175,304.68125000000003
2026-07-14 23:00:00+00:00,144.4475,315.72999999999996
2026-07-15 00:00:00+00:00,138.1525,328.76824999999997
2026-07-15 01:00:00+00:00,131.76,340.0775
2026-07-15 02:00:00+00:00,134.91,347.81075
2026-07-15 03:00:00+00:00,141.89499999999998,353.69849999999997
2026-07-15 04:00:00+00:00,151.705,342.2675
2026-07-15 05:00:00+00:00,162.505,296.10875
2026-07-15 06:00:00+00:00,154.595,239.38225000000003
2026-07-15 07:00:00+00:00,134.94,161.74775000000002
2026-07-15 08:00:00+00:00,106.0,92.57245
2026-07-15 09:00:00+00:00,84.4175,55.31227499999999
2026-07-15 10:00:00+00:00,44.93,37.7586
2026-07-15 11:00:00+00:00,30.002499999999998,36.12405
2026-07-15 12:00:00+00:00,19.075,37.900025
2026-07-15 13:00:00+00:00,37.3775,39.02740000000001
2026-07-15 14:00:00+00:00,83.83,53.0312
2026-07-15 15:00:00+00:00,109.8825,93.655575
2026-07-15 16:00:00+00:00,132.35750000000002,159.24699999999999
2026-07-15 17:00:00+00:00,140.72,211.33275
2026-07-15 18:00:00+00:00,179.53,247.72875
2026-07-15 19:00:00+00:00,189.10250000000002,281.0685
2026-07-15 20:00:00+00:00,188.38,308.38725
2026-07-15 21:00:00+00:00,171.415,321.27825000000007
2026-07-15 22:00:00+00:00,166.0325,333.32649999999995
2026-07-15 23:00:00+00:00,159.2,346.677
2026-07-16 00:00:00+00:00,152.4475,364.99125
2026-07-16 01:00:00+00:00,148.405,378.6705
2026-07-16 02:00:00+00:00,144.03,386.93125
2026-07-16 03:00:00+00:00,149.01,394.649
2026-07-16 04:00:00+00:00,160.1475,385.13750000000005
2026-07-16 05:00:00+00:00,166.14000000000001,337.14625
2026-07-16 06:00:00+00:00,157.6775,291.9575
2026-07-16 07:00:00+00:00,136.92,236.2035
2026-07-16 08:00:00+00:00,118.3775,174.96425000000002
2026-07-16 09:00:00+00:00,107.14,142.16774999999998
2026-07-16 10:00:00+00:00,95.49000000000001,129.36725
2026-07-16 11:00:00+00:00,88.77,119.73475
2026-07-16 12:00:00+00:00,96.555,124.779
2026-07-16 13:00:00+00:00,108.6375,137.6445
2026-07-16 14:00:00+00:00,118.91499999999999,172.89200000000002
2026-07-16 15:00:00+00:00,136.8475,231.64625
2026-07-16 16:00:00+00:00,154.9975,256.27625
2026-07-16 17:00:00+00:00,195.0425,283.82425
2026-07-16 18:00:00+00:00,237.0725,314.6995
2026-07-16 19:00:00+00:00,235.43,348.09399999999994
2026-07-16 20:00:00+00:00,206.84,373.765
2026-07-16 21:00:00+00:00,180.3125,380.7255
2026-07-16 22:00:00+00:00,170.565,385.745
2026-07-16 23:00:00+00:00,161.45,392.65700000000004
2026-07-17 00:00:00+00:00,151.975,401.14
2026-07-17 01:00:00+00:00,143.94,407.48375000000004
2026-07-17 02:00:00+00:00,142.89999999999998,403.44225
2026-07-17 03:00:00+00:00,148.855,388.87924999999996
2026-07-17 04:00:00+00:00,153.2275,369.09000000000003
2026-07-17 05:00:00+00:00,155.64,327.89925
2026-07-17 06:00:00+00:00,147.73,289.70325
2026-07-17 07:00:00+00:00,135.41,237.766
2026-07-17 08:00:00+00:00,128.4,172.757
2026-07-17 09:00:00+00:00,114.3,129.25825
2026-07-17 10:00:00+00:00,104.0925,110.04175
2026-07-17 11:00:00+00:00,98.2,98.68415
2026-07-17 12:00:00+00:00,98.45,88.6605
2026-07-17 13:00:00+00:00,103.56,94.85844999999999
2026-07-17 14:00:00+00:00,114.55,111.16775000000001
2026-07-17 15:00:00+00:00,127.39750000000001,139.90475000000004
2026-07-17 16:00:00+00:00,138.14000000000001,191.10925
2026-07-17 17:00:00+00:00,151.7975,244.67825
2026-07-17 18:00:00+00:00,160.9775,290.5975
2026-07-17 19:00:00+00:00,167.45749999999998,348.53875
2026-07-17 20:00:00+00:00,164.8075,385.21475000000004
2026-07-17 21:00:00+00:00,158.37,390.44825000000003
2026-07-17 22:00:00+00:00,156.2175,377.21225000000004
2026-07-17 23:00:00+00:00,145.39249999999998,354.276
2026-07-18 00:00:00+00:00,142.0,333.96700000000004
2026-07-18 01:00:00+00:00,135.3,321.1225
2026-07-18 02:00:00+00:00,135.20499999999998,315.836
2026-07-18 03:00:00+00:00,133.2775,297.39675
2026-07-18 04:00:00+00:00,127.35,269.58025000000004
2026-07-18 05:00:00+00:00,120.4325,225.68725
2026-07-18 06:00:00+00:00,98.47,159.49999999999997
2026-07-18 07:00:00+00:00,45.6175,86.53252499999999
2026-07-18 08:00:00+00:00,10.49,64.904825
2026-07-18 09:00:00+00:00,0.585,60.22614999999999
2026-07-18 10:00:00+00:00,-0.0125,52.931325
2026-07-18 11:00:00+00:00,-0.9724999999999999,43.85825
2026-07-18 12:00:00+00:00,-1.5525,39.51525
2026-07-18 13:00:00+00:00,-2.485,41.22965
2026-07-18 14:00:00+00:00,-0.7125,46.478975
2026-07-18 15:00:00+00:00,0.8625,52.6576
2026-07-18 16:00:00+00:00,57.8475,69.57305
2026-07-18 17:00:00+00:00,112.05,102.160525
2026-07-18 18:00:00+00:00,134.195,142.42525
2026-07-18 19:00:00+00:00,147.95,172.26375
2026-07-18 20:00:00+00:00,154.36,200.66925
2026-07-18 21:00:00+00:00,146.7625,197.19650000000001
2026-07-18 22:00:00+00:00,138.6975,191.67624999999998
2026-07-18 23:00:00+00:00,130.7425,182.23499999999999
2026-07-19 00:00:00+00:00,121.8875,174.66175
2026-07-19 01:00:00+00:00,118.705,148.68325000000002
2026-07-19 02:00:00+00:00,113.28,115.162
2026-07-19 03:00:00+00:00,106.185,100.67325000000001
2026-07-19 04:00:00+00:00,94.6125,89.50655
2026-07-19 05:00:00+00:00,77.5475,69.29249999999999
2026-07-19 06:00:00+00:00,37.93,55.54125
2026-07-19 07:00:00+00:00,3.5349999999999997,40.973850000000006
2026-07-19 08:00:00+00:00,0.0125,34.677
2026-07-19 09:00:00+00:00,-0.04,30.2819
2026-07-19 10:00:00+00:00,-0.7424999999999999,28.275275000000004
2026-07-19 11:00:00+00:00,-2.755,26.577074999999997
2026-07-19 12:00:00+00:00,-4.8225,29.113375
2026-07-19 13:00:00+00:00,-4.63,29.137175000000003
2026-07-19 14:00:00+00:00,-2.195,30.68905
2026-07-19 15:00:00+00:00,-0.2225,40.764225
2026-07-19 16:00:00+00:00,43.9075,59.809375
2026-07-19 17:00:00+00:00,115.2525,109.324325
2026-07-19 18:00:00+00:00,145.5225,187.58524999999997
2026-07-19 19:00:00+00:00,150.1675,249.537
2026-07-19 20:00:00+00:00,150.35750000000002,282.15975
2026-07-19 21:00:00+00:00,138.4,282.8185
2026-07-19 22:00:00+00:00,147.45250000000001,284.09275
2026-07-19 23:00:00+00:00,138.48250000000002,263.0655
2026-07-20 00:00:00+00:00,132.1525,233.6165
2026-07-20 01:00:00+00:00,127.485,239.444
2026-07-20 02:00:00+00:00,129.5025,246.88525
2026-07-20 03:00:00+00:00,140.8,258.86224999999996
2026-07-20 04:00:00+00:00,149.3525,264.455
2026-07-20 05:00:00+00:00,150.925,223.77025
2026-07-20 06:00:00+00:00,130.9975,167.76825
2026-07-20 07:00:00+00:00,92.7175,100.642875
2026-07-20 08:00:00+00:00,62.29,55.201575000000005
2026-07-20 09:00:00+00:00,21.5225,47.33525
2026-07-20 10:00:00+00:00,20.135,45.024825
2026-07-20 11:00:00+00:00,4.4525,42.595875
2026-07-20 12:00:00+00:00,9.5175,38.62095
2026-07-20 13:00:00+00:00,7.1625,41.0434
2026-07-20 14:00:00+00:00,27.0375,47.66782499999999
2026-07-20 15:00:00+00:00,76.8075,67.538075
2026-07-20 16:00:00+00:00,123.04749999999999,123.515225
2026-07-20 17:00:00+00:00,158.84,200.337
2026-07-20 18:00:00+00:00,176.015,257.65175
2026-07-20 19:00:00+00:00,179.5525,312.4815000000001
2026-07-20 20:00:00+00:00,174.815,346.65725
2026-07-20 21:00:00+00:00,159.60750000000002,361.68475
2026-07-20 22:00:00+00:00,149.5275,369.305
2026-07-20 23:00:00+00:00,149.9625,375.8185
2026-07-21 00:00:00+00:00,143.95499999999998,385.4365
2026-07-21 01:00:00+00:00,139.2375,388.57825
2026-07-21 02:00:00+00:00,139.54500000000002,386.63349999999997
2026-07-21 03:00:00+00:00,145.56,384.97775
2026-07-21 04:00:00+00:00,157.775,371.5715
2026-07-21 05:00:00+00:00,154.4275,313.17150000000004
2026-07-21 06:00:00+00:00,145.3775,251.52899999999994
2026-07-21 07:00:00+00:00,114.59,151.367
2026-07-21 08:00:00+00:00,78.1875,89.46575
2026-07-21 09:00:00+00:00,40.3025,55.35355
2026-07-21 10:00:00+00:00,10.0025,46.584050000000005
2026-07-21 11:00:00+00:00,4.1625,43.386624999999995
2026-07-21 12:00:00+00:00,1.3875,44.188500000000005
2026-07-21 13:00:00+00:00,12.0,43.115125000000006
2026-07-21 14:00:00+00:00,55.0375,52.365625
2026-07-21 15:00:00+00:00,95.78,75.56067499999999
2026-07-21 16:00:00+00:00,134.255,143.56875000000002
2026-07-21 17:00:00+00:00,153.925,223.91300000000004
2026-07-21 18:00:00+00:00,171.4275,283.14425
2026-07-21 19:00:00+00:00,174.39,313.831
2026-07-21 20:00:00+00:00,169.0775,324.39324999999997
2026-07-21 21:00:00+00:00,155.675,341.745
2026-07-21 22:00:00+00:00,154.255,344.98875
2026-07-21 23:00:00+00:00,150.82,341.35499999999996
2026-07-22 00:00:00+00:00,145.8375,340.75424999999996
2026-07-22 01:00:00+00:00,136.9625,331.40225
2026-07-22 02:00:00+00:00,132.505,326.45525
2026-07-22 03:00:00+00:00,139.565,319.1925
2026-07-22 04:00:00+00:00,153.59,319.13249999999994
2026-07-22 05:00:00+00:00,148.99,287.4905
2026-07-22 06:00:00+00:00,134.51500000000001,223.10425
2026-07-22 07:00:00+00:00,100.855,147.4845
2026-07-22 08:00:00+00:00,75.7,79.0141
2026-07-22 09:00:00+00:00,43.2275,52.395925
2026-07-22 10:00:00+00:00,24.0,50.959575
2026-07-22 11:00:00+00:00,14.149999999999999,46.038450000000005
2026-07-22 12:00:00+00:00,3.895,41.2474
2026-07-22 13:00:00+00:00,4.37,43.28025
2026-07-22 14:00:00+00:00,17.5125,43.62735000000001
2026-07-22 15:00:00+00:00,65.9525,57.54334999999999
2026-07-22 16:00:00+00:00,110.275,92.039225
2026-07-22 17:00:00+00:00,140.345,159.78150000000002
2026-07-22 18:00:00+00:00,161.4675,203.561
2026-07-22 19:00:00+00:00,165.16750000000002,243.17075
2026-07-22 20:00:00+00:00,160.7125,259.46375
2026-07-22 21:00:00+00:00,150.6625,270.1165
2026-07-22 22:00:00+00:00,146.7,276.10724999999996
2026-07-22 23:00:00+00:00,139.87,275.65275
2026-07-23 00:00:00+00:00,135.6525,280.67400000000004
2026-07-23 01:00:00+00:00,133.8275,289.27799999999996
2026-07-23 02:00:00+00:00,137.1175,280.2475
2026-07-23 03:00:00+00:00,144.45749999999998,288.66574999999995
2026-07-23 04:00:00+00:00,159.655,286.83375
2026-07-23 05:00:00+00:00,168.0075,251.68275
2026-07-23 06:00:00+00:00,159.695,218.11799999999997
2026-07-23 07:00:00+00:00,133.875,183.29450000000003
2026-07-23 08:00:00+00:00,107.4975,155.333
2026-07-23 09:00:00+00:00,88.8625,102.757125
2026-07-23 10:00:00+00:00,38.36,62.57365000000001
2026-07-23 11:00:00+00:00,9.855,54.87777500000001
2026-07-23 12:00:00+00:00,3.02,51.43735
2026-07-23 13:00:00+00:00,5.0,53.489000000000004
2026-07-23 14:00:00+00:00,26.92,64.59190000000001
2026-07-23 15:00:00+00:00,95.65,92.83154999999998
2026-07-23 16:00:00+00:00,142.20250000000001,170.76125
2026-07-23 17:00:00+00:00,166.1,244.11624999999998
2026-07-23 18:00:00+00:00,185.155,310.8875
2026-07-23 19:00:00+00:00,190.0,366.8372499999999
2026-07-23 20:00:00+00:00,186.5425,390.93675
2026-07-23 21:00:00+00:00,170.42000000000002,392.49424999999997
2026-07-23 22:00:00+00:00,161.0025,396.374
2026-07-23 23:00:00+00:00,157.07999999999998,396.40125
2026-07-24 00:00:00+00:00,150.2775,398.302
2026-07-24 01:00:00+00:00,152.53,397.23600000000005
2026-07-24 02:00:00+00:00,153.53,398.85675
2026-07-24 03:00:00+00:00,161.885,400.17949999999996
2026-07-24 04:00:00+00:00,173.4025,398.40074999999996
2026-07-24 05:00:00+00:00,167.70749999999998,369.0385
2026-07-24 06:00:00+00:00,159.91750000000002,316.41575
2026-07-24 07:00:00+00:00,135.4275,236.38849999999996
2026-07-24 08:00:00+00:00,112.69,162.27450000000002
2026-07-24 09:00:00+00:00,86.41,101.4679
2026-07-24 10:00:00+00:00,58.795,79.01250000000002
2026-07-24 11:00:00+00:00,30.95,62.815075
2026-07-24 12:00:00+00:00,10.365,60.0687
2026-07-24 13:00:00+00:00,17.7575,55.92605
2026-07-24 14:00:00+00:00,63.0,73.922375
2026-07-24 15:00:00+00:00,108.65,107.46762500000001
2026-07-24 16:00:00+00:00,152.125,193.9785
2026-07-24 17:00:00+00:00,179.525,285.26775000000004
2026-07-24 18:00:00+00:00,200.93,352.53075
2026-07-24 19:00:00+00:00,203.98250000000002,405.6575
2026-07-24 20:00:00+00:00,194.825,419.44275
2026-07-24 21:00:00+00:00,180.115,419.33725
2026-07-24 22:00:00+00:00,165.8475,420.96675
2026-07-24 23:00:00+00:00,161.66,424.01075
2026-07-25 00:00:00+00:00,158.345,429.14525
2026-07-25 01:00:00+00:00,155.375,424.06925
2026-07-25 02:00:00+00:00,147.98,409.89425
2026-07-25 03:00:00+00:00,145.02249999999998,405.20525000000004
2026-07-25 04:00:00+00:00,134.45499999999998,371.26550000000003
2026-07-25 05:00:00+00:00,115.0575,265.911
2026-07-25 06:00:00+00:00,83.9375,132.33585
2026-07-25 07:00:00+00:00,11.115,70.83982499999999
2026-07-25 08:00:00+00:00,-0.11750000000000001,53.765474999999995
2026-07-25 09:00:00+00:00,-2.6075,44.756099999999996
2026-07-25 10:00:00+00:00,-5.955,40.638475
2026-07-25 11:00:00+00:00,-9.9025,41.1648
2026-07-25 12:00:00+00:00,-10.63,40.306549999999994
2026-07-25 13:00:00+00:00,-3.1275,40.0897
2026-07-25 14:00:00+00:00,-0.395,43.090025000000004
2026-07-25 15:00:00+00:00,10.6025,56.97705
2026-07-25 16:00:00+00:00,94.125,92.6638
2026-07-25 17:00:00+00:00,157.0325,160.484
2026-07-25 18:00:00+00:00,170.7425,210.29475
2026-07-25 19:00:00+00:00,169.27,249.76825
2026-07-25 20:00:00+00:00,165.48250000000002,276.0705
2026-07-25 21:00:00+00:00,160.0,278.09125
2026-07-25 22:00:00+00:00,153.5575,293.98100000000005
2026-07-25 23:00:00+00:00,153.85,324.42974999999996
2026-07-26 00:00:00+00:00,145.86249999999998,357.78099999999995
2026-07-26 01:00:00+00:00,147.79250000000002,377.71975000000003
2026-07-26 02:00:00+00:00,143.01749999999998,382.34874999999994
2026-07-26 03:00:00+00:00,135.06,374.1715
2026-07-26 04:00:00+00:00,118.5425,362.58874999999995
2026-07-26 05:00:00+00:00,105.4625,254.98674999999997
2026-07-26 06:00:00+00:00,97.5075,145.28175
2026-07-26 07:00:00+00:00,60.68,99.1997
2026-07-26 08:00:00+00:00,11.952499999999999,81.44930000000001
2026-07-26 09:00:00+00:00,-0.0025,74.80472499999999
2026-07-26 10:00:00+00:00,-0.065,73.60575
2026-07-26 11:00:00+00:00,-0.27,66.27815000000001
2026-07-26 12:00:00+00:00,-0.68,66.517075
2026-07-26 13:00:00+00:00,-0.8975,60.385574999999996
2026-07-26 14:00:00+00:00,0.255,56.637625
2026-07-26 15:00:00+00:00,46.087500000000006,54.6931
2026-07-26 16:00:00+00:00,96.2325,72.39395
2026-07-26 17:00:00+00:00,129.18,102.14580000000001
2026-07-26 18:00:00+00:00,153.85,177.25
2026-07-26 19:00:00+00:00,154.24,204.3065
2026-07-26 20:00:00+00:00,149.5375,194.102
2026-07-26 21:00:00+00:00,136.795,198.84525000000002
2026-07-26 22:00:00+00:00,76.8025,182.98
2026-07-26 23:00:00+00:00,67.705,150.503
2026-07-27 00:00:00+00:00,59.1375,145.67825000000002
2026-07-27 01:00:00+00:00,57.2225,146.47125
2026-07-27 02:00:00+00:00,65.97749999999999,168.91125000000002
2026-07-27 03:00:00+00:00,89.3125,202.50225
2026-07-27 04:00:00+00:00,116.35,216.0485
2026-07-27 05:00:00+00:00,129.9225,181.7585
2026-07-27 06:00:00+00:00,120.89,146.56824999999998
2026-07-27 07:00:00+00:00,74.845,106.98887500000001
2026-07-27 08:00:00+00:00,22.5975,68.01975
2026-07-27 09:00:00+00:00,1.6375,64.89267500000001
2026-07-27 10:00:00+00:00,0.0025,54.798474999999996
2026-07-27 11:00:00+00:00,1.8025,44.997524999999996
2026-07-27 12:00:00+00:00,-0.5900000000000001,43.9949
2026-07-27 13:00:00+00:00,-0.14750000000000002,45.158325
2026-07-27 14:00:00+00:00,-0.255,51.5202
2026-07-27 15:00:00+00:00,14.0775,63.874625
2026-07-27 16:00:00+00:00,97.405,102.163325
2026-07-27 17:00:00+00:00,150.95,192.05650000000003
2026-07-27 18:00:00+00:00,173.6125,283.2765
2026-07-27 19:00:00+00:00,178.57,347.61625
2026-07-27 20:00:00+00:00,173.2075,365.26275
2026-07-27 21:00:00+00:00,159.25,363.35675000000003
2026-07-27 22:00:00+00:00,161.08249999999998,368.07824999999997
2026-07-27 23:00:00+00:00,148.5725,365.05800000000005
2026-07-28 00:00:00+00:00,141.7575,354.083
2026-07-28 01:00:00+00:00,134.685,338.18674999999996
2026-07-28 02:00:00+00:00,137.0,340.18674999999996
2026-07-28 03:00:00+00:00,148.745,347.86125
2026-07-28 04:00:00+00:00,164.2525,329.5992499999999
2026-07-28 05:00:00+00:00,163.01749999999998,272.25375
2026-07-28 06:00:00+00:00,150.2375,189.39124999999999
2026-07-28 07:00:00+00:00,125.195,105.1516
2026-07-28 08:00:00+00:00,54.0025,59.18565000000001
2026-07-28 09:00:00+00:00,4.85,46.759575
2026-07-28 10:00:00+00:00,0.1925,44.075775
2026-07-28 11:00:00+00:00,0.125,42.084875000000004
2026-07-28 12:00:00+00:00,1.58,42.43194999999999
2026-07-28 13:00:00+00:00,3.3775000000000004,45.635075
2026-07-28 14:00:00+00:00,41.0,57.21994999999999
2026-07-28 15:00:00+00:00,105.1075,106.8373
2026-07-28 16:00:00+00:00,154.3775,194.0265
2026-07-28 17:00:00+00:00,193.82,286.225
2026-07-28 18:00:00+00:00,214.9875,354.25125
2026-07-28 19:00:00+00:00,209.9275,393.66575
2026-07-28 20:00:00+00:00,193.9575,400.42975
2026-07-28 21:00:00+00:00,169.86,398.787
2026-07-28 22:00:00+00:00,150.08249999999998,396.83074999999997
2026-07-28 23:00:00+00:00,146.59,389.17125000000004
2026-07-29 00:00:00+00:00,136.3275,383.56649999999996
2026-07-29 01:00:00+00:00,135.0025,381.12600000000003
2026-07-29 02:00:00+00:00,138.6775,379.45725000000004
2026-07-29 03:00:00+00:00,147.1,383.42425000000003
2026-07-29 04:00:00+00:00,165.6375,366.10325
2026-07-29 05:00:00+00:00,159.5125,299.5
2026-07-29 06:00:00+00:00,146.885,217.44650000000001
2026-07-29 07:00:00+00:00,123.96,126.386
2026-07-29 08:00:00+00:00,85.6425,81.33399999999999
2026-07-29 09:00:00+00:00,29.034999999999997,55.5077
2026-07-29 10:00:00+00:00,1.465,47.22575
2026-07-29 11:00:00+00:00,0.2675,44.8173
2026-07-29 12:00:00+00:00,0.83,44.99615
2026-07-29 13:00:00+00:00,7.275,47.5094
2026-07-29 14:00:00+00:00,71.6625,63.1645
2026-07-29 15:00:00+00:00,123.03,115.18375
2026-07-29 16:00:00+00:00,160.71,210.23
2026-07-29 17:00:00+00:00,237.9875,292.40824999999995
2026-07-29 18:00:00+00:00,257.0525,355.24350000000004
2026-07-29 19:00:00+00:00,223.6175,398.25875
2026-07-29 20:00:00+00:00,192.925,393.69775
2026-07-29 21:00:00+00:00,167.015,376.74749999999995
2026-07-29 22:00:00+00:00,149.755,362.03524999999996
2026-07-29 23:00:00+00:00,142.385,349.19275
2026-07-30 00:00:00+00:00,139.9975,328.63399999999996
2026-07-30 01:00:00+00:00,133.915,337.61325000000005
2026-07-30 02:00:00+00:00,131.5925,330.73525
2026-07-30 03:00:00+00:00,136.4025,321.847
2026-07-30 04:00:00+00:00,148.28,322.8585
2026-07-30 05:00:00+00:00,147.95749999999998,298.87175
2026-07-30 06:00:00+00:00,140.04,224.86925
2026-07-30 07:00:00+00:00,119.4775,153.04025000000001
2026-07-30 08:00:00+00:00,86.7125,84.97785
2026-07-30 09:00:00+00:00,39.2,51.17665
2026-07-30 10:00:00+00:00,17.7075,47.48125
2026-07-30 11:00:00+00:00,23.9175,52.050399999999996
2026-07-30 12:00:00+00:00,40.46,72.042125
2026-07-30 13:00:00+00:00,79.15,131.36775
2026-07-30 14:00:00+00:00,103.05,202.12724999999998
2026-07-30 15:00:00+00:00,127.83500000000001,275.6705
2026-07-30 16:00:00+00:00,147.82,287.88925
2026-07-30 17:00:00+00:00,173.45,310.60675
2026-07-30 18:00:00+00:00,196.7525,357.50624999999997
2026-07-30 19:00:00+00:00,204.5025,398.82574999999997
2026-07-30 20:00:00+00:00,190.2975,403.647
2026-07-30 21:00:00+00:00,170.82999999999998,405.46775
2026-07-30 22:00:00+00:00,167.9925,407.30850000000004
2026-07-30 23:00:00+00:00,161.8225,406.889
2026-07-31 00:00:00+00:00,153.59,404.67900000000003
2026-07-31 01:00:00+00:00,150.755,403.10699999999997
2026-07-31 02:00:00+00:00,152.64249999999998,404.21624999999995
2026-07-31 03:00:00+00:00,162.16,399.13675000000006
2026-07-31 04:00:00+00:00,176.7925,380.476
2026-07-31 05:00:00+00:00,171.8375,345.66775
2026-07-31 06:00:00+00:00,158.9375,301.63075
2026-07-31 07:00:00+00:00,141.1275,222.7605
2026-07-31 08:00:00+00:00,124.0,171.46124999999998
2026-07-31 09:00:00+00:00,104.27250000000001,131.02724999999998
2026-07-31 10:00:00+00:00,94.12,91.1767
2026-07-31 11:00:00+00:00,83.2675,72.4677
2026-07-31 12:00:00+00:00,86.285,65.95935
2026-07-31 13:00:00+00:00,98.19,83.08012500000001
2026-07-31 14:00:00+00:00,114.715,123.34100000000001
2026-07-31 15:00:00+00:00,139.7075,165.91300000000004
2026-07-31 16:00:00+00:00,151.9975,209.30825
2026-07-31 17:00:00+00:00,173.7625,256.92150000000004
2026-07-31 18:00:00+00:00,189.675,305.85074999999995
2026-07-31 19:00:00+00:00,193.57500000000002,355.80350000000004
2026-07-31 20:00:00+00:00,189.0375,392.71374999999995
2026-07-31 21:00:00+00:00,169.77,411.04425
2026-07-31 22:00:00+00:00,168.3375,416.60825
2026-07-31 23:00:00+00:00,161.3025,421.74249999999995
2026-08-01 00:00:00+00:00,155.46,424.69325000000003
2026-08-01 01:00:00+00:00,152.95749999999998,423.1232499999999
2026-08-01 02:00:00+00:00,152.2275,423.2075
2026-08-01 03:00:00+00:00,154.0375,422.7975
2026-08-01 04:00:00+00:00,153.81,420.4095
2026-08-01 05:00:00+00:00,146.4225,374.3195
2026-08-01 06:00:00+00:00,140.19,296.80850000000004
2026-08-01 07:00:00+00:00,119.9975,204.68499999999997
2026-08-01 08:00:00+00:00,88.9175,121.6835
2026-08-01 09:00:00+00:00,48.25,71.23632500000001
2026-08-01 10:00:00+00:00,14.195,54.141175
2026-08-01 11:00:00+00:00,0.4575,50.311225
2026-08-01 12:00:00+00:00,0.0,56.52965
2026-08-01 13:00:00+00:00,2.6025,60.89509999999999
2026-08-01 14:00:00+00:00,38.0575,74.65515
2026-08-01 15:00:00+00:00,95.805,112.63415000000002
2026-08-01 16:00:00+00:00,140.0125,205.29825000000002
2026-08-01 17:00:00+00:00,166.3975,294.42225
2026-08-01 18:00:00+00:00,181.065,360.67875000000004
2026-08-01 19:00:00+00:00,180.8075,412.94175
2026-08-01 20:00:00+00:00,178.54749999999999,420.22225000000003
2026-08-01 21:00:00+00:00,170.0,421.89525
2026-08-01 22:00:00+00:00,168.4025,422.2305
2026-08-01 23:00:00+00:00,159.7275,423.81625
2026-08-02 00:00:00+00:00,156.5675,425.56350000000003
2026-08-02 01:00:00+00:00,153.345,425.91875
2026-08-02 02:00:00+00:00,152.1325,424.50699999999995
2026-08-02 03:00:00+00:00,157.0025,427.29875
2026-08-02 04:00:00+00:00,149.9975,418.80975
2026-08-02 05:00:00+00:00,138.6,344.2335
2026-08-02 06:00:00+00:00,122.18,218.60174999999998
2026-08-02 07:00:00+00:00,60.647499999999994,104.1788
2026-08-02 08:00:00+00:00,2.73,55.806000000000004
2026-08-02 09:00:00+00:00,-0.20500000000000002,51.39042499999999
2026-08-02 10:00:00+00:00,-1.8825,47.560024999999996
2026-08-02 11:00:00+00:00,-3.7625,44.85775
2026-08-02 12:00:00+00:00,-2.785,43.372725
2026-08-02 13:00:00+00:00,-1.0475,43.765100000000004
2026-08-02 14:00:00+00:00,2.8800000000000003,54.31895
2026-08-02 15:00:00+00:00,86.1625,67.523225
2026-08-02 16:00:00+00:00,146.115,143.93225
2026-08-02 17:00:00+00:00,175.8775,211.33875
2026-08-02 18:00:00+00:00,185.465,249.6535
2026-08-02 19:00:00+00:00,178.0875,272.25325
2026-08-02 20:00:00+00:00,168.4675,269.77175
2026-08-02 21:00:00+00:00,154.125,258.1375
2026-08-02 22:00:00+00:00,140.9625,247.7915
2026-08-02 23:00:00+00:00,135.8475,251.29174999999998
2026-08-03 00:00:00+00:00,132.85,259.8475
2026-08-03 01:00:00+00:00,130.35500000000002,263.46824999999995
2026-08-03 02:00:00+00:00,133.20499999999998,269.08074999999997
2026-08-03 03:00:00+00:00,144.345,270.8545
2026-08-03 04:00:00+00:00,166.6575,277.8925
2026-08-03 05:00:00+00:00,163.7825,245.45825
2026-08-03 06:00:00+00:00,150.0,209.93200000000002
2026-08-03 07:00:00+00:00,136.0225,150.34550000000002
2026-08-03 08:00:00+00:00,111.36,77.5367
2026-08-03 09:00:00+00:00,30.505,48.188675
2026-08-03 10:00:00+00:00,9.5775,42.05200000000001
2026-08-03 11:00:00+00:00,-0.5625,41.001875
2026-08-03 12:00:00+00:00,3.2025,39.330125
2026-08-03 13:00:00+00:00,41.985,48.729425000000006
2026-08-03 14:00:00+00:00,103.28,80.54645
2026-08-03 15:00:00+00:00,140.0,145.77625
2026-08-03 16:00:00+00:00,166.6375,204.56325000000004
2026-08-03 17:00:00+00:00,200.9325,262.134
2026-08-03 18:00:00+00:00,197.905,323.6845
2026-08-03 19:00:00+00:00,186.49,364.634
2026-08-03 20:00:00+00:00,175.085,372.37350000000004
2026-08-03 21:00:00+00:00,157.77,375.06975
2026-08-03 22:00:00+00:00,154.6425,375.02124999999995
2026-08-03 23:00:00+00:00,145.3175,369.89775000000003
2026-08-04 00:00:00+00:00,139.515,373.9075
2026-08-04 01:00:00+00:00,137.1825,374.27374999999995
2026-08-04 02:00:00+00:00,142.2575,380.2085
2026-08-04 03:00:00+00:00,155.0925,383.87475
2026-08-04 04:00:00+00:00,167.35250000000002,375.4975
2026-08-04 05:00:00+00:00,169.14499999999998,335.61075
2026-08-04 06:00:00+00:00,161.49,272.06975
2026-08-04 07:00:00+00:00,146.5375,179.32125
2026-08-04 08:00:00+00:00,124.8075,112.7326
2026-08-04 09:00:00+00:00,103.7775,78.76502500000001
2026-08-04 10:00:00+00:00,87.3125,56.77479999999999
2026-08-04 11:00:00+00:00,76.465,47.724824999999996
2026-08-04 12:00:00+00:00,84.0625,46.722475
2026-08-04 13:00:00+00:00,105.6575,74.36137500000001
2026-08-04 14:00:00+00:00,120.5675,116.16225
2026-08-04 15:00:00+00:00,146.34,175.27300000000002
2026-08-04 16:00:00+00:00,160.2975,231.14425
2026-08-04 17:00:00+00:00,175.0725,258.76625
2026-08-04 18:00:00+00:00,191.2925,271.57149999999996
2026-08-04 19:00:00+00:00,193.57999999999998,284.44775
2026-08-04 20:00:00+00:00,181.61,290.84225
2026-08-04 21:00:00+00:00,162.6825,283.7355
2026-08-04 22:00:00+00:00,155.1475,274.1365
2026-08-04 23:00:00+00:00,149.29500000000002,261.68075
2026-08-05 00:00:00+00:00,147.0675,245.8735
2026-08-05 01:00:00+00:00,142.79250000000002,236.141
2026-08-05 02:00:00+00:00,137.70499999999998,236.38725000000002
2026-08-05 03:00:00+00:00,142.5125,237.51799999999997
2026-08-05 04:00:00+00:00,154.5075,234.76425
2026-08-05 05:00:00+00:00,154.4325,212.78349999999998
2026-08-05 06:00:00+00:00,139.93,155.39025
2026-08-05 07:00:00+00:00,112.0375,93.79814999999999
2026-08-05 08:00:00+00:00,64.455,50.620125
2026-08-05 09:00:00+00:00,2.66,40.39755
2026-08-05 10:00:00+00:00,-0.07250000000000001,40.91265
2026-08-05 11:00:00+00:00,-0.89,38.58355
2026-08-05 12:00:00+00:00,-1.5925,39.267625
2026-08-05 13:00:00+00:00,-1.5875,38.67032499999999
2026-08-05 14:00:00+00:00,0.9800000000000001,39.119600000000005
2026-08-05 15:00:00+00:00,50.25,48.657025
2026-08-05 16:00:00+00:00,113.9575,73.117825
2026-08-05 17:00:00+00:00,143.03,140.71349999999998
2026-08-05 18:00:00+00:00,158.4275,184.685
2026-08-05 19:00:00+00:00,175.4,214.52
2026-08-05 20:00:00+00:00,172.0025,239.29725000000002
2026-08-05 21:00:00+00:00,160.0,262.9185
2026-08-05 22:00:00+00:00,158.5075,283.50199999999995
2026-08-05 23:00:00+00:00,151.5975,290.80275
2026-08-06 00:00:00+00:00,144.6475,297.66125
2026-08-06 01:00:00+00:00,135.54250000000002,305.59349999999995
2026-08-06 02:00:00+00:00,132.29250000000002,308.56525
2026-08-06 03:00:00+00:00,135.195,312.6135
2026-08-06 04:00:00+00:00,155.1975,303.5695
2026-08-06 05:00:00+00:00,149.8925,259.37525
2026-08-06 06:00:00+00:00,140.13,197.40675
2026-08-06 07:00:00+00:00,94.65,113.5291
2026-08-06 08:00:00+00:00,20.2425,51.282925
2026-08-06 09:00:00+00:00,-0.97,39.9054
2026-08-06 10:00:00+00:00,-3.0324999999999998,40.99685
2026-08-06 11:00:00+00:00,-2.3975,38.6829
2026-08-06 12:00:00+00:00,-3.0374999999999996,37.5978
2026-08-06 13:00:00+00:00,-0.665,45.04355
2026-08-06 14:00:00+00:00,0.665,49.864149999999995
2026-08-06 15:00:00+00:00,40.065,64.155275
2026-08-06 16:00:00+00:00,117.93,104.7094
2026-08-06 17:00:00+00:00,147.3225,204.70649999999998
2026-08-06 18:00:00+00:00,167.525,274.9295
2026-08-06 19:00:00+00:00,171.3825,326.75425
2026-08-06 20:00:00+00:00,174.6325,335.898
2026-08-06 21:00:00+00:00,163.05,355.8585
2026-08-06 22:00:00+00:00,150.5925,364.53525
2026-08-06 23:00:00+00:00,140.12,371.1725
2026-08-07 00:00:00+00:00,131.26749999999998,375.67125
2026-08-07 01:00:00+00:00,128.7975,381.70074999999997
2026-08-07 02:00:00+00:00,131.4625,383.25325
2026-08-07 03:00:00+00:00,141.28,380.578
2026-08-07 04:00:00+00:00,158.0175,377.12525
2026-08-07 05:00:00+00:00,155.5275,344.0705
2026-08-07 06:00:00+00:00,145.9925,294.189
2026-08-07 07:00:00+00:00,125.61,205.81700000000004
2026-08-07 08:00:00+00:00,98.0475,133.172
2026-08-07 09:00:00+00:00,62.68,91.9779
2026-08-07 10:00:00+00:00,32.9525,81.86200000000001
2026-08-07 11:00:00+00:00,21.0025,71.0137
2026-08-07 12:00:00+00:00,25.525000000000002,67.266975
2026-08-07 13:00:00+00:00,48.02,62.38265
2026-08-07 14:00:00+00:00,81.135,79.39437499999998
2026-08-07 15:00:00+00:00,114.88,136.143
2026-08-07 16:00:00+00:00,141.7725,210.66825
2026-08-07 17:00:00+00:00,168.7775,278.854
2026-08-07 18:00:00+00:00,191.82999999999998,342.27075
2026-08-07 19:00:00+00:00,190.685,384.33175
2026-08-07 20:00:00+00:00,176.8025,387.26375
2026-08-07 21:00:00+00:00,164.8775,388.52049999999997
2026-08-07 22:00:00+00:00,155.0,389.43275
2026-08-07 23:00:00+00:00,148.0525,388.6315
2026-08-08 00:00:00+00:00,143.64749999999998,392.58700000000005
2026-08-08 01:00:00+00:00,142.3525,387.59325
2026-08-08 02:00:00+00:00,140.2,382.89225
2026-08-08 03:00:00+00:00,143.5625,383.78875
2026-08-08 04:00:00+00:00,145.91,378.01450000000006
2026-08-08 05:00:00+00:00,137.6975,303.236
2026-08-08 06:00:00+00:00,115.0325,176.54875000000004
2026-08-08 07:00:00+00:00,62.545,84.85600000000001
2026-08-08 08:00:00+00:00,3.8875,52.495525
2026-08-08 09:00:00+00:00,-0.9099999999999999,46.214675
2026-08-08 10:00:00+00:00,-4.5600000000000005,39.517825
2026-08-08 11:00:00+00:00,-8.7,36.87085
2026-08-08 12:00:00+00:00,-10.0775,36.970075
2026-08-08 13:00:00+00:00,-5.8374999999999995,39.929775
2026-08-08 14:00:00+00:00,-0.12,44.44475
2026-08-08 15:00:00+00:00,65.89500000000001,66.4443
2026-08-08 16:00:00+00:00,137.3875,159.38225
2026-08-08 17:00:00+00:00,166.9575,266.0865
2026-08-08 18:00:00+00:00,183.3075,328.99125000000004
2026-08-08 19:00:00+00:00,179.3725,359.566
2026-08-08 20:00:00+00:00,170.85,365.27750000000003
2026-08-08 21:00:00+00:00,154.42000000000002,367.53324999999995
2026-08-08 22:00:00+00:00,145.27499999999998,363.04050000000007
2026-08-08 23:00:00+00:00,139.345,356.16925
2026-08-09 00:00:00+00:00,136.4425,356.0935
2026-08-09 01:00:00+00:00,133.95,362.92924999999997
2026-08-09 02:00:00+00:00,134.0275,373.0249999999999
2026-08-09 03:00:00+00:00,135.0,377.37624999999997
2026-08-09 04:00:00+00:00,131.7975,376.55225
2026-08-09 05:00:00+00:00,118.315,299.02025
2026-08-09 06:00:00+00:00,91.57,167.1975
2026-08-09 07:00:00+00:00,27.2525,81.29962499999999
2026-08-09 08:00:00+00:00,0.345,55.870325
2026-08-09 09:00:00+00:00,0.0,49.58149999999999
2026-08-09 10:00:00+00:00,-2.24,47.1412
2026-08-09 11:00:00+00:00,-3.05,44.928374999999996
2026-08-09 12:00:00+00:00,-1.3225,45.2824
2026-08-09 13:00:00+00:00,-0.015,48.8783
2026-08-09 14:00:00+00:00,4.1225,68.70942500000001
2026-08-09 15:00:00+00:00,80.2575,138.997025
2026-08-09 16:00:00+00:00,147.98250000000002,257.56100000000004
2026-08-09 17:00:00+00:00,166.3125,316.88325000000003
2026-08-09 18:00:00+00:00,174.4925,356.81225
2026-08-09 19:00:00+00:00,174.1325,376.39475
2026-08-09 20:00:00+00:00,170.0,363.892
2026-08-09 21:00:00+00:00,157.32999999999998,341.854
2026-08-09 22:00:00+00:00,146.555,329.18725
2026-08-09 23:00:00+00:00,138.3275,323.249
2026-08-10 00:00:00+00:00,131.7375,335.95699999999994
2026-08-10 01:00:00+00:00,127.075,341.77124999999995
2026-08-10 02:00:00+00:00,127.5075,354.60575
2026-08-10 03:00:00+00:00,143.075,358.5275
2026-08-10 04:00:00+00:00,163.2425,349.00025
2026-08-10 05:00:00+00:00,164.7025,317.53549999999996
2026-08-10 06:00:00+00:00,160.885,258.96324999999996
2026-08-10 07:00:00+00:00,138.8825,190.5895
2026-08-10 08:00:00+00:00,111.71,106.334425
2026-08-10 09:00:00+00:00,79.4625,54.200174999999994
2026-08-10 10:00:00+00:00,39.2025,38.856550000000006
2026-08-10 11:00:00+00:00,11.755,35.978675
2026-08-10 12:00:00+00:00,4.3375,35.49885
2026-08-10 13:00:00+00:00,10.0,35.7933
2026-08-10 14:00:00+00:00,48.9475,47.492149999999995
2026-08-10 15:00:00+00:00,109.0675,83.44754999999999
2026-08-10 16:00:00+00:00,141.3075,175.13575
2026-08-10 17:00:00+00:00,171.7425,240.531
2026-08-10 18:00:00+00:00,182.6,278.454
2026-08-10 19:00:00+00:00,182.32999999999998,325.227
2026-08-10 20:00:00+00:00,172.085,343.45025000000004
2026-08-10 21:00:00+00:00,155.3,338.3235
2026-08-10 22:00:00+00:00,144.19,344.1385
2026-08-10 23:00:00+00:00,146.5125,350.3685
2026-08-11 00:00:00+00:00,141.16,357.372
2026-08-11 01:00:00+00:00,133.345,366.67475
2026-08-11 02:00:00+00:00,133.9325,371.20399999999995
2026-08-11 03:00:00+00:00,143.33,370.3785
2026-08-11 04:00:00+00:00,159.9,363.427
2026-08-11 05:00:00+00:00,160.275,311.12
2026-08-11 06:00:00+00:00,145.76,230.5335
2026-08-11 07:00:00+00:00,111.7225,124.79857500000001
2026-08-11 08:00:00+00:00,58.535,61.991724999999995
2026-08-11 09:00:00+00:00,10.174999999999999,38.109550000000006
2026-08-11 10:00:00+00:00,0.0175,27.309350000000002
2026-08-11 11:00:00+00:00,-0.0675,29.68575
2026-08-11 12:00:00+00:00,-1.9375,30.5563
2026-08-11 13:00:00+00:00,1.3475,33.149725000000004
2026-08-11 14:00:00+00:00,44.900000000000006,41.518075
2026-08-11 15:00:00+00:00,111.265,84.5762
2026-08-11 16:00:00+00:00,146.735,162.75400000000002
2026-08-11 17:00:00+00:00,175.8075,208.19325
2026-08-11 18:00:00+00:00,199.085,244.79825
2026-08-11 19:00:00+00:00,188.51500000000001,274.0545
2026-08-11 20:00:00+00:00,171.35750000000002,284.99975
2026-08-11 21:00:00+00:00,153.5925,289.54249999999996
2026-08-11 22:00:00+00:00,155.255,292.81325000000004
2026-08-11 23:00:00+00:00,149.505,289.29525
2026-08-12 00:00:00+00:00,143.3,292.2775
2026-08-12 01:00:00+00:00,139.7525,298.30625
2026-08-12 02:00:00+00:00,139.9,309.38125
2026-08-12 03:00:00+00:00,153.5,316.03725
2026-08-12 04:00:00+00:00,170.35,320.849
2026-08-12 05:00:00+00:00,167.5425,290.8805
2026-08-12 06:00:00+00:00,155.175,228.20499999999998
2026-08-12 07:00:00+00:00,128.91,136.0735
2026-08-12 08:00:00+00:00,87.635,71.0877
2026-08-12 09:00:00+00:00,37.1975,47.318675
2026-08-12 10:00:00+00:00,-0.0125,44.00127499999999
2026-08-12 11:00:00+00:00,-2.2824999999999998,41.915425
2026-08-12 12:00:00+00:00,-4.53,43.76025
2026-08-12 13:00:00+00:00,10.24,52.00022500000001
2026-08-12 14:00:00+00:00,85.54,76.6287
2026-08-12 15:00:00+00:00,140.5875,140.41225
2026-08-12 16:00:00+00:00,183.56,210.52124999999998
2026-08-12 17:00:00+00:00,300.0,260.0655
2026-08-12 18:00:00+00:00,299.3125,331.08675
2026-08-12 19:00:00+00:00,229.62,341.80299999999994
2026-08-12 20:00:00+00:00,190.6625,333.68975
2026-08-12 21:00:00+00:00,172.1,325.83925
2026-08-12 22:00:00+00:00,154.1025,324.508
2026-08-12 23:00:00+00:00,147.5925,327.6035
2026-08-13 00:00:00+00:00,143.4225,341.14549999999997
2026-08-13 01:00:00+00:00,142.7225,350.823
2026-08-13 02:00:00+00:00,144.92000000000002,361.887
2026-08-13 03:00:00+00:00,157.3975,368.97999999999996
2026-08-13 04:00:00+00:00,174.23250000000002,370.54575
2026-08-13 05:00:00+00:00,171.0975,327.918
2026-08-13 06:00:00+00:00,156.8,252.89225
2026-08-13 07:00:00+00:00,138.1125,148.87449999999998
2026-08-13 08:00:00+00:00,110.3475,72.0773
2026-08-13 09:00:00+00:00,54.07,48.089075
2026-08-13 10:00:00+00:00,10.73,39.169999999999995
2026-08-13 11:00:00+00:00,4.62,35.428575
2026-08-13 12:00:00+00:00,5.0,37.1999
2026-08-13 13:00:00+00:00,45.137499999999996,49.58865
2026-08-13 14:00:00+00:00,111.1525,83.894075
2026-08-13 15:00:00+00:00,149.6975,162.74949999999998
2026-08-13 16:00:00+00:00,203.9975,234.71599999999998
2026-08-13 17:00:00+00:00,326.6,299.92275
2026-08-13 18:00:00+00:00,338.8625,362.0815
2026-08-13 19:00:00+00:00,270.01,388.94700000000006
2026-08-13 20:00:00+00:00,213.4825,391.63825
2026-08-13 21:00:00+00:00,167.8125,389.29875000000004
2026-08-13 22:00:00+00:00,156.0,389.78200000000004
2026-08-13 23:00:00+00:00,147.815,394.12
2026-08-14 00:00:00+00:00,145.73000000000002,395.934
2026-08-14 01:00:00+00:00,142.05,398.0445
2026-08-14 02:00:00+00:00,143.9075,399.953
2026-08-14 03:00:00+00:00,154.6975,400.637
2026-08-14 04:00:00+00:00,171.95999999999998,399.8815
2026-08-14 05:00:00+00:00,170.0825,360.28225000000003
2026-08-14 06:00:00+00:00,147.37,283.2365
2026-08-14 07:00:00+00:00,141.2725,189.66725
2026-08-14 08:00:00+00:00,118.93,118.379275
2026-08-14 09:00:00+00:00,67.23,77.217375
2026-08-14 10:00:00+00:00,32.365,52.26555
2026-08-14 11:00:00+00:00,21.5,48.9521
2026-08-14 12:00:00+00:00,24.005,51.07124999999999
2026-08-14 13:00:00+00:00,64.9075,71.27130000000001
2026-08-14 14:00:00+00:00,116.32,110.34767500000001
2026-08-14 15:00:00+00:00,143.655,172.8685
2026-08-14 16:00:00+00:00,179.995,240.64875
2026-08-14 17:00:00+00:00,246.2525,292.1137499999999
2026-08-14 18:00:00+00:00,262.79,344.93050000000005
2026-08-14 19:00:00+00:00,231.57,371.88675
2026-08-14 20:00:00+00:00,198.0,375.14975
2026-08-14 21:00:00+00:00,177.5175,380.69599999999997
2026-08-14 22:00:00+00:00,169.4475,384.51125
2026-08-14 23:00:00+00:00,162.3975,385.53
2026-08-15 00:00:00+00:00,156.9025,382.10949999999997
2026-08-15 01:00:00+00:00,156.9375,377.40599999999995
2026-08-15 02:00:00+00:00,154.515,378.46575000000007
2026-08-15 03:00:00+00:00,153.8425,370.10025
2026-08-15 04:00:00+00:00,156.9825,359.1235
2026-08-15 05:00:00+00:00,154.3125,334.96824999999995
2026-08-15 06:00:00+00:00,149.7775,288.9945
2026-08-15 07:00:00+00:00,123.0325,235.27774999999997
2026-08-15 08:00:00+00:00,73.78,172.51500000000004
2026-08-15 09:00:00+00:00,29.33,125.2355
2026-08-15 10:00:00+00:00,13.8475,145.308
2026-08-15 11:00:00+00:00,6.05,136.31199999999998
2026-08-15 12:00:00+00:00,6.2275,130.3185
2026-08-15 13:00:00+00:00,15.0975,140.28825
2026-08-15 14:00:00+00:00,68.5875,161.45999999999998
2026-08-15 15:00:00+00:00,130.6375,204.02375
2026-08-15 16:00:00+00:00,165.35,261.12874999999997
2026-08-15 17:00:00+00:00,179.995,290.05174999999997
2026-08-15 18:00:00+00:00,184.99,316.497
2026-08-15 19:00:00+00:00,183.3425,341.02074999999996
2026-08-15 20:00:00+00:00,179.5925,349.39175
2026-08-15 21:00:00+00:00,173.99,359.06874999999997
2026-08-15 22:00:00+00:00,174.3125,372.36025
2026-08-15 23:00:00+00:00,168.58749999999998,385.68449999999996
2026-08-16 00:00:00+00:00,165.32999999999998,394.381
2026-08-16 01:00:00+00:00,157.535,401.89025
2026-08-16 02:00:00+00:00,156.9,407.07775
2026-08-16 03:00:00+00:00,156.945,408.33025
2026-08-16 04:00:00+00:00,156.6,408.47925000000004
2026-08-16 05:00:00+00:00,150.37,373.8745
2026-08-16 06:00:00+00:00,146.6825,292.674
2026-08-16 07:00:00+00:00,124.805,176.653
2026-08-16 08:00:00+00:00,96.9,100.68060000000001
2026-08-16 09:00:00+00:00,61.230000000000004,69.54242500000001
2026-08-16 10:00:00+00:00,43.53,59.378699999999995
2026-08-16 11:00:00+00:00,27.3375,60.42637500000001
2026-08-16 12:00:00+00:00,36.5575,66.41505
2026-08-16 13:00:00+00:00,67.7025,90.614575
2026-08-16 14:00:00+00:00,116.135,142.9515
2026-08-16 15:00:00+00:00,145.325,237.08425
2026-08-16 16:00:00+00:00,169.5175,285.311
2026-08-16 17:00:00+00:00,187.97,335.53825
2026-08-16 18:00:00+00:00,200.0175,389.88975000000005
2026-08-16 19:00:00+00:00,205.675,409.83000000000004
2026-08-16 20:00:00+00:00,206.535,409.87174999999996
2026-08-16 21:00:00+00:00,192.6475,409.799
2026-08-16 22:00:00+00:00,192.1275,410.217
2026-08-16 23:00:00+00:00,178.81,410.62399999999997
2026-08-17 00:00:00+00:00,163.9,406.15625
2026-08-17 01:00:00+00:00,160.28,388.615
2026-08-17 02:00:00+00:00,159.07,374.62275
2026-08-17 03:00:00+00:00,174.9675,370.27374999999995
2026-08-17 04:00:00+00:00,197.4,378.93275
2026-08-17 05:00:00+00:00,205.15,384.49725
2026-08-17 06:00:00+00:00,208.835,370.76775000000004
2026-08-17 07:00:00+00:00,198.685,321.66450000000003
2026-08-17 08:00:00+00:00,175.29,265.62624999999997
2026-08-17 09:00:00+00:00,166.7825,231.1025
2026-08-17 10:00:00+00:00,154.2475,209.38575
2026-08-17 11:00:00+00:00,150.115,222.6755
2026-08-17 12:00:00+00:00,141.26749999999998,213.36675
2026-08-17 13:00:00+00:00,137.38,235.44025000000002
2026-08-17 14:00:00+00:00,138.9725,258.77
2026-08-17 15:00:00+00:00,153.0,266.10725
2026-08-17 16:00:00+00:00,179.475,305.5079999999999
2026-08-17 17:00:00+00:00,205.0575,342.99175
2026-08-17 18:00:00+00:00,213.555,386.55
2026-08-17 19:00:00+00:00,210.0025,405.03
2026-08-17 20:00:00+00:00,197.705,405.35175000000004
2026-08-17 21:00:00+00:00,179.92000000000002,408.93125000000003
2026-08-17 22:00:00+00:00,173.5675,408.4695
2026-08-17 23:00:00+00:00,159.7875,406.17725
2026-08-18 00:00:00+00:00,150.805,405.20475
2026-08-18 01:00:00+00:00,148.39249999999998,401.28475
2026-08-18 02:00:00+00:00,149.22,387.23474999999996
2026-08-18 03:00:00+00:00,159.03,368.38275000000004
2026-08-18 04:00:00+00:00,170.60999999999999,362.48775
2026-08-18 05:00:00+00:00,184.275,350.9465
2026-08-18 06:00:00+00:00,185.22,317.04774999999995
2026-08-18 07:00:00+00:00,161.7175,283.01599999999996
2026-08-18 08:00:00+00:00,152.4525,261.44425
2026-08-18 09:00:00+00:00,144.235,254.84925000000004
2026-08-18 10:00:00+00:00,136.5875,254.77899999999997
2026-08-18 11:00:00+00:00,131.8675,250.84
2026-08-18 12:00:00+00:00,130.81,257.381
2026-08-18 13:00:00+00:00,132.2425,240.07975000000002
2026-08-18 14:00:00+00:00,138.4375,254.27975000000004
2026-08-18 15:00:00+00:00,147.3675,265.40975
2026-08-18 16:00:00+00:00,167.395,259.73375
2026-08-18 17:00:00+00:00,196.365,299.6245
2026-08-18 18:00:00+00:00,200.7775,335.09450000000004
2026-08-18 19:00:00+00:00,199.0,353.21274999999997
2026-08-18 20:00:00+00:00,191.385,367.59774999999996
2026-08-18 21:00:00+00:00,177.1425,378.38500000000005
2026-08-18 22:00:00+00:00,176.6,381.75975000000005
2026-08-18 23:00:00+00:00,157.6,382.29125000000005
2026-08-19 00:00:00+00:00,151.4125,383.07899999999995
2026-08-19 01:00:00+00:00,147.3,387.60850000000005
2026-08-19 02:00:00+00:00,148.995,386.02725
2026-08-19 03:00:00+00:00,161.66,382.58149999999995
2026-08-19 04:00:00+00:00,184.765,355.74
2026-08-19 05:00:00+00:00,192.63,331.799
2026-08-19 06:00:00+00:00,190.865,308.51525000000004
2026-08-19 07:00:00+00:00,169.675,287.2745
2026-08-19 08:00:00+00:00,153.245,262.329
2026-08-19 09:00:00+00:00,142.96,240.08225
2026-08-19 10:00:00+00:00,136.08249999999998,218.36075000000002
2026-08-19 11:00:00+00:00,130.3225,217.74099999999999
2026-08-19 12:00:00+00:00,128.3,233.66549999999998
2026-08-19 13:00:00+00:00,131.34,250.63825
2026-08-19 14:00:00+00:00,139.015,252.654
2026-08-19 15:00:00+00:00,153.975,290.0005
2026-08-19 16:00:00+00:00,183.85750000000002,322.254
2026-08-19 17:00:00+00:00,207.575,346.18499999999995
2026-08-19 18:00:00+00:00,209.4775,379.6580000000001
2026-08-19 19:00:00+00:00,206.1225,393.33475
2026-08-19 20:00:00+00:00,199.0975,386.90274999999997
2026-08-19 21:00:00+00:00,186.5475,380.51125
2026-08-19 22:00:00+00:00,172.7125,374.74449999999996
2026-08-19 23:00:00+00:00,162.35000000000002,374.22774999999996
2026-08-20 00:00:00+00:00,153.73250000000002,375.487
2026-08-20 01:00:00+00:00,147.9975,364.18575
2026-08-20 02:00:00+00:00,148.4425,359.874
2026-08-20 03:00:00+00:00,159.075,339.71225
2026-08-20 04:00:00+00:00,176.55,314.28000000000003
2026-08-20 05:00:00+00:00,184.435,275.77275000000003
2026-08-20 06:00:00+00:00,171.7475,224.6185
2026-08-20 07:00:00+00:00,154.505,164.83175
2026-08-20 08:00:00+00:00,135.74,99.12332500000001
2026-08-20 09:00:00+00:00,110.55000000000001,80.23045
2026-08-20 10:00:00+00:00,86.2875,66.30605
2026-08-20 11:00:00+00:00,66.8425,58.192025
2026-08-20 12:00:00+00:00,70.64,62.163725
2026-08-20 13:00:00+00:00,89.5825,79.79615000000001
2026-08-20 14:00:00+00:00,103.73,101.28075
2026-08-20 15:00:00+00:00,141.8225,146.28975
2026-08-20 16:00:00+00:00,163.07,203.39499999999998
2026-08-20 17:00:00+00:00,189.605,254.85375
2026-08-20 18:00:00+00:00,199.2225,306.16225
2026-08-20 19:00:00+00:00,195.6175,329.8215
2026-08-20 20:00:00+00:00,187.9275,369.11175000000003
2026-08-20 21:00:00+00:00,173.015,377.93575000000004
2026-08-20 22:00:00+00:00,170.35,375.6834999999999
2026-08-20 23:00:00+00:00,160.49,374.5255
2026-08-21 00:00:00+00:00,152.6825,373.73475
2026-08-21 01:00:00+00:00,151.485,379.55850000000004
2026-08-21 02:00:00+00:00,153.2625,389.44900000000007
2026-08-21 03:00:00+00:00,165.27,374.93674999999996
2026-08-21 04:00:00+00:00,187.85500000000002,343.84824999999995
2026-08-21 05:00:00+00:00,193.89,293.51475
2026-08-21 06:00:00+00:00,192.585,245.35725
2026-08-21 07:00:00+00:00,167.82999999999998,206.20625
2026-08-21 08:00:00+00:00,149.0,171.7475
2026-08-21 09:00:00+00:00,138.55,146.82475
2026-08-21 10:00:00+00:00,135.7625,127.37424999999999
2026-08-21 11:00:00+00:00,133.89,130.34425
2026-08-21 12:00:00+00:00,135.92,134.926
2026-08-21 13:00:00+00:00,142.795,137.61800000000002
2026-08-21 14:00:00+00:00,154.13,153.53775
2026-08-21 15:00:00+00:00,181.6025,189.66675
2026-08-21 16:00:00+00:00,193.4275,241.3655
2026-08-21 17:00:00+00:00,201.6525,301.95349999999996
2026-08-21 18:00:00+00:00,203.105,351.44050000000004
2026-08-21 19:00:00+00:00,198.71,380.60499999999996
2026-08-21 20:00:00+00:00,187.395,386.51625
2026-08-21 21:00:00+00:00,173.5,387.64925
2026-08-21 22:00:00+00:00,168.29500000000002,387.6595
2026-08-21 23:00:00+00:00,161.5425,373.968
2026-08-22 00:00:00+00:00,158.7125,355.14925
2026-08-22 01:00:00+00:00,154.42000000000002,328.40375
2026-08-22 02:00:00+00:00,148.6925,324.53175
2026-08-22 03:00:00+00:00,146.0225,315.84999999999997
2026-08-22 04:00:00+00:00,154.0,298.81350000000003
2026-08-22 05:00:00+00:00,144.1575,275.61475
2026-08-22 06:00:00+00:00,128.13,182.5025
2026-08-22 07:00:00+00:00,89.7575,118.8925
2026-08-22 08:00:00+00:00,47.18,74.909375
2026-08-22 09:00:00+00:00,16.185,57.080125
2026-08-22 10:00:00+00:00,0.9974999999999999,44.4536
2026-08-22 11:00:00+00:00,-0.005,46.944125
2026-08-22 12:00:00+00:00,-0.01,40.680725
2026-08-22 13:00:00+00:00,-0.045,43.059675000000006
2026-08-22 14:00:00+00:00,0.5275000000000001,48.0147
2026-08-22 15:00:00+00:00,28.37,67.40605
2026-08-22 16:00:00+00:00,105.8325,98.263075
2026-08-22 17:00:00+00:00,150.82,178.59025
2026-08-22 18:00:00+00:00,168.2875,243.98
2026-08-22 19:00:00+00:00,173.025,287.329
2026-08-22 20:00:00+00:00,167.225,298.3405
2026-08-22 21:00:00+00:00,157.89,305.57099999999997
2026-08-22 22:00:00+00:00,139.6675,309.66075
2026-08-22 23:00:00+00:00,129.915,308.29425
2026-08-23 00:00:00+00:00,122.92750000000001,312.28825
2026-08-23 01:00:00+00:00,117.9675,314.0675
2026-08-23 02:00:00+00:00,115.865,319.43699999999995
2026-08-23 03:00:00+00:00,117.895,327.383
2026-08-23 04:00:00+00:00,117.775,322.73850000000004
2026-08-23 05:00:00+00:00,102.0925,276.73400000000004
2026-08-23 06:00:00+00:00,51.2975,174.54225000000002
2026-08-23 07:00:00+00:00,1.2175,108.99749999999999
2026-08-23 08:00:00+00:00,-0.155,85.3943
2026-08-23 09:00:00+00:00,-1.2275,70.12899999999999
2026-08-23 10:00:00+00:00,-2.26,61.746875
2026-08-23 11:00:00+00:00,-4.0600000000000005,56.575250000000004
2026-08-23 12:00:00+00:00,-3.45,54.6045
2026-08-23 13:00:00+00:00,-1.21,59.99825
2026-08-23 14:00:00+00:00,0.44499999999999995,66.98604999999999
2026-08-23 15:00:00+00:00,45.1875,92.2448
2026-08-23 16:00:00+00:00,139.76,179.1835
2026-08-23 17:00:00+00:00,175.2525,279.4855
2026-08-23 18:00:00+00:00,182.2025,352.8535
2026-08-23 19:00:00+00:00,185.2025,382.26249999999993
2026-08-23 20:00:00+00:00,178.82,393.061
2026-08-23 21:00:00+00:00,172.435,395.83650000000006
2026-08-23 22:00:00+00:00,165.1925,402.31125000000003
2026-08-23 23:00:00+00:00,156.865,403.4044999999999
2026-08-24 00:00:00+00:00,153.9975,406.88550000000004
2026-08-24 01:00:00+00:00,151.91250000000002,405.373
2026-08-24 02:00:00+00:00,150.1775,401.22549999999995
2026-08-24 03:00:00+00:00,166.1825,402.02775
2026-08-24 04:00:00+00:00,199.4225,401.968
2026-08-24 05:00:00+00:00,208.67000000000002,370.171
2026-08-24 06:00:00+00:00,184.79999999999998,289.84375
2026-08-24 07:00:00+00:00,154.875,186.87225
2026-08-24 08:00:00+00:00,104.1875,99.964325
2026-08-24 09:00:00+00:00,70.795,67.52105
2026-08-24 10:00:00+00:00,52.08,57.8929
2026-08-24 11:00:00+00:00,31.6375,54.730624999999996
2026-08-24 12:00:00+00:00,34.3225,58.5198
2026-08-24 13:00:00+00:00,65.0925,70.924375
2026-08-24 14:00:00+00:00,95.0425,83.35052499999999
2026-08-24 15:00:00+00:00,138.2525,126.68200000000002
2026-08-24 16:00:00+00:00,178.745,185.7625
2026-08-24 17:00:00+00:00,214.56,235.1695
2026-08-24 18:00:00+00:00,214.9,284.4085
2026-08-24 19:00:00+00:00,188.60750000000002,300.24475
2026-08-24 20:00:00+00:00,171.4,288.60325
2026-08-24 21:00:00+00:00,154.1625,282.36675
2026-08-24 22:00:00+00:00,152.095,282.27524999999997
2026-08-24 23:00:00+00:00,146.5075,282.73275
2026-08-25 00:00:00+00:00,142.45,289.5385
2026-08-25 01:00:00+00:00,139.5175,293.53075
2026-08-25 02:00:00+00:00,140.99,290.018
2026-08-25 03:00:00+00:00,149.05,296.5645
2026-08-25 04:00:00+00:00,171.255,303.75425
2026-08-25 05:00:00+00:00,175.6625,281.16249999999997
2026-08-25 06:00:00+00:00,166.245,218.86950000000002
2026-08-25 07:00:00+00:00,128.1825,140.4
2026-08-25 08:00:00+00:00,89.75,80.73592500000001
2026-08-25 09:00:00+00:00,35.0,58.911899999999996
2026-08-25 10:00:00+00:00,2.775,58.090225000000004
2026-08-25 11:00:00+00:00,-0.005,62.020425
2026-08-25 12:00:00+00:00,11.44,65.103325
2026-08-25 13:00:00+00:00,45.22,68.067875
2026-08-25 14:00:00+00:00,102.52250000000001,94.91255
2026-08-25 15:00:00+00:00,149.785,137.08075
2026-08-25 16:00:00+00:00,178.9975,183.69525000000002
2026-08-25 17:00:00+00:00,209.42000000000002,242.5745
2026-08-25 18:00:00+00:00,204.6275,299.7285
2026-08-25 19:00:00+00:00,179.0625,318.20324999999997
2026-08-25 20:00:00+00:00,160.94,314.9535
2026-08-25 21:00:00+00:00,154.14499999999998,308.6295
2026-08-25 22:00:00+00:00,164.20499999999998,328.84124999999995
2026-08-25 23:00:00+00:00,157.3675,344.66324999999995
2026-08-26 00:00:00+00:00,152.2275,356.14425
2026-08-26 01:00:00+00:00,150.26,367.37025
2026-08-26 02:00:00+00:00,152.1825,371.401
2026-08-26 03:00:00+00:00,160.42000000000002,362.57025
2026-08-26 04:00:00+00:00,184.405,357.35225
2026-08-26 05:00:00+00:00,194.9025,332.80025
2026-08-26 06:00:00+00:00,193.52,281.90700000000004
2026-08-26 07:00:00+00:00,166.39499999999998,235.371
2026-08-26 08:00:00+00:00,131.0,165.8805
2026-08-26 09:00:00+00:00,106.97749999999999,114.5915
2026-08-26 10:00:00+00:00,65.755,82.195375
2026-08-26 11:00:00+00:00,55.91,66.758025
2026-08-26 12:00:00+00:00,61.352500000000006,67.78405
2026-08-26 13:00:00+00:00,87.28,80.209575
2026-08-26 14:00:00+00:00,119.10749999999999,107.52087499999999
2026-08-26 15:00:00+00:00,158.73000000000002,174.13475
2026-08-26 16:00:00+00:00,185.46,228.22074999999998
2026-08-26 17:00:00+00:00,211.7475,275.2925
2026-08-26 18:00:00+00:00,200.0,321.766
2026-08-26 19:00:00+00:00,179.335,327.138
2026-08-26 20:00:00+00:00,162.6225,297.69874999999996
2026-08-26 21:00:00+00:00,151.275,276.4365
2026-08-26 22:00:00+00:00,148.9675,273.80925
2026-08-26 23:00:00+00:00,142.4575,279.52775
2026-08-27 00:00:00+00:00,135.2075,292.76025
2026-08-27 01:00:00+00:00,134.525,300.4125
2026-08-27 02:00:00+00:00,136.2125,312.64575
2026-08-27 03:00:00+00:00,146.7525,309.93699999999995
2026-08-27 04:00:00+00:00,167.9575,307.8925
2026-08-27 05:00:00+00:00,173.875,282.2905
2026-08-27 06:00:00+00:00,149.04500000000002,214.47674999999998
2026-08-27 07:00:00+00:00,108.3075,160.87324999999998
2026-08-27 08:00:00+00:00,100.0275,111.826125
2026-08-27 09:00:00+00:00,61.665,79.29845
2026-08-27 10:00:00+00:00,10.4725,65.79074999999999
2026-08-27 11:00:00+00:00,5.0,60.363249999999994
2026-08-27 12:00:00+00:00,14.9925,53.681
2026-08-27 13:00:00+00:00,49.91,63.238699999999994
2026-08-27 14:00:00+00:00,111.12,95.2141
2026-08-27 15:00:00+00:00,156.79749999999999,157.64149999999998
2026-08-27 16:00:00+00:00,179.9975,241.67025
2026-08-27 17:00:00+00:00,207.86,306.38874999999996
2026-08-27 18:00:00+00:00,198.275,367.586
2026-08-27 19:00:00+00:00,185.2225,383.91725
2026-08-27 20:00:00+00:00,167.37,395.456
2026-08-27 21:00:00+00:00,155.975,395.74725
2026-08-27 22:00:00+00:00,162.36,402.01975
2026-08-27 23:00:00+00:00,167.45999999999998,398.61674999999997
2026-08-28 00:00:00+00:00,147.975,395.76099999999997
2026-08-28 01:00:00+00:00,144.64749999999998,387.711
2026-08-28 02:00:00+00:00,145.0725,372.03799999999995
2026-08-28 03:00:00+00:00,152.0775,359.64725
2026-08-28 04:00:00+00:00,175.935,355.60350000000005
2026-08-28 05:00:00+00:00,181.9525,348.97225
2026-08-28 06:00:00+00:00,173.3325,316.8845
2026-08-28 07:00:00+00:00,157.9825,271.884
2026-08-28 08:00:00+00:00,138.6825,234.37824999999998
2026-08-28 09:00:00+00:00,121.69999999999999,226.8675
2026-08-28 10:00:00+00:00,113.6675,222.8145
2026-08-28 11:00:00+00:00,107.7325,200.77800000000002
2026-08-28 12:00:00+00:00,98.23,184.57475000000002
2026-08-28 13:00:00+00:00,107.1125,165.54350000000002
2026-08-28 14:00:00+00:00,111.1425,162.58275
2026-08-28 15:00:00+00:00,136.365,172.84275
2026-08-28 16:00:00+00:00,158.9575,181.516
2026-08-28 17:00:00+00:00,172.0,191.86225
2026-08-28 18:00:00+00:00,176.5025,214.97499999999997
2026-08-28 19:00:00+00:00,166.1875,222.9005
2026-08-28 20:00:00+00:00,161.695,210.70649999999998
2026-08-28 21:00:00+00:00,142.33499999999998,192.5605
2026-08-28 22:00:00+00:00,128.415,172.3505
2026-08-28 23:00:00+00:00,111.6675,152.369
2026-08-29 00:00:00+00:00,99.9225,142.35850000000002
2026-08-29 01:00:00+00:00,92.6075,107.635
2026-08-29 02:00:00+00:00,92.1375,96.223775
2026-08-29 03:00:00+00:00,95.755,95.29142499999999
2026-08-29 04:00:00+00:00,97.595,93.900225
2026-08-29 05:00:00+00:00,101.2575,86.742025
2026-08-29 06:00:00+00:00,60.705,73.742375
2026-08-29 07:00:00+00:00,5.2075,55.07045
2026-08-29 08:00:00+00:00,0.13,44.146950000000004
2026-08-29 09:00:00+00:00,-0.585,40.508975
2026-08-29 10:00:00+00:00,-1.2825,38.3357
2026-08-29 11:00:00+00:00,-1.5899999999999999,39.47677499999999
2026-08-29 12:00:00+00:00,-0.5175,44.2318
2026-08-29 13:00:00+00:00,2.9475,51.904025
2026-08-29 14:00:00+00:00,23.425,60.63870000000001
2026-08-29 15:00:00+00:00,102.0075,86.676425
2026-08-29 16:00:00+00:00,151.35,144.488
2026-08-29 17:00:00+00:00,185.98250000000002,192.03599999999997
2026-08-29 18:00:00+00:00,187.86,196.35474999999997
2026-08-29 19:00:00+00:00,171.865,192.11849999999998
2026-08-29 20:00:00+00:00,158.57,175.1145
2026-08-29 21:00:00+00:00,143.3625,150.07025000000002
2026-08-29 22:00:00+00:00,117.1225,132.97224999999997
2026-08-29 23:00:00+00:00,102.65,110.92215
2026-08-30 00:00:00+00:00,86.23,83.42325000000001
2026-08-30 01:00:00+00:00,76.47749999999999,69.8729
2026-08-30 02:00:00+00:00,67.97749999999999,65.713275
2026-08-30 03:00:00+00:00,71.435,64.046375
2026-08-30 04:00:00+00:00,71.4625,71.57915000000001
2026-08-30 05:00:00+00:00,59.155,76.77040000000001
2026-08-30 06:00:00+00:00,16.1525,77.45490000000001
2026-08-30 07:00:00+00:00,0.27249999999999996,77.24635
2026-08-30 08:00:00+00:00,-0.09,76.07625
2026-08-30 09:00:00+00:00,-0.15,69.704675
2026-08-30 10:00:00+00:00,-0.775,63.497075
2026-08-30 11:00:00+00:00,-1.04,54.11025
2026-08-30 12:00:00+00:00,-1.0225,59.50607499999999
2026-08-30 13:00:00+00:00,-0.12,58.9998
2026-08-30 14:00:00+00:00,0.47750000000000004,60.669475000000006
2026-08-30 15:00:00+00:00,56.714999999999996,99.90017499999999
2026-08-30 16:00:00+00:00,157.0425,202.10575
2026-08-30 17:00:00+00:00,184.0575,295.4285
2026-08-30 18:00:00+00:00,193.3125,343.10875000000004
2026-08-30 19:00:00+00:00,193.0625,353.28875
2026-08-30 20:00:00+00:00,181.495,333.12649999999996
2026-08-30 21:00:00+00:00,168.02249999999998,320.4035
2026-08-30 22:00:00+00:00,173.0775,314.05075000000005
2026-08-30 23:00:00+00:00,157.625,294.54024999999996
2026-08-31 00:00:00+00:00,142.73000000000002,283.1445
2026-08-31 01:00:00+00:00,130.54500000000002,257.66875
2026-08-31 02:00:00+00:00,124.89,243.75775000000002
2026-08-31 03:00:00+00:00,128.275,229.42575000000002
2026-08-31 04:00:00+00:00,150.0575,229.61975
2026-08-31 05:00:00+00:00,165.05,217.75024999999997
2026-08-31 06:00:00+00:00,162.3025,172.79350000000002
2026-08-31 07:00:00+00:00,120.55250000000001,116.72132500000001
2026-08-31 08:00:00+00:00,26.9625,61.12582499999999
2026-08-31 09:00:00+00:00,-1.5925,44.221625
2026-08-31 10:00:00+00:00,-3.03,42.10167500000001
2026-08-31 11:00:00+00:00,-0.9450000000000001,42.684275
2026-08-31 12:00:00+00:00,0.71,42.381825
2026-08-31 13:00:00+00:00,2.1925,42.007850000000005
2026-08-31 14:00:00+00:00,2.8,52.71864999999999
2026-08-31 15:00:00+00:00,68.275,85.07172499999999
2026-08-31 16:00:00+00:00,150.9575,141.646
2026-08-31 17:00:00+00:00,183.985,183.04099999999997
2026-08-31 18:00:00+00:00,190.415,228.821
2026-08-31 19:00:00+00:00,182.15,277.81924999999995
2026-08-31 20:00:00+00:00,171.37,290.7115
2026-08-31 21:00:00+00:00,148.0425,300.02225000000004
2026-08-31 22:00:00+00:00,170.0,301.28825
2026-08-31 23:00:00+00:00,156.0025,294.93225
2026-09-01 00:00:00+00:00,155.60500000000002,295.7935
2026-09-01 01:00:00+00:00,149.89,311.84225
2026-09-01 02:00:00+00:00,148.3025,322.53525
2026-09-01 03:00:00+00:00,156.7125,320.38624999999996
2026-09-01 04:00:00+00:00,189.76,323.909
2026-09-01 05:00:00+00:00,205.85500000000002,316.70074999999997
2026-09-01 06:00:00+00:00,193.3625,278.456
2026-09-01 07:00:00+00:00,164.175,202.42874999999998
2026-09-01 08:00:00+00:00,128.01749999999998,132.9065
2026-09-01 09:00:00+00:00,89.9975,83.616675
2026-09-01 10:00:00+00:00,53.1575,46.091775000000005
2026-09-01 11:00:00+00:00,34.0,40.824175000000004
2026-09-01 12:00:00+00:00,37.4625,42.409099999999995
2026-09-01 13:00:00+00:00,54.9,58.205325
2026-09-01 14:00:00+00:00,95.91499999999999,94.517975
2026-09-01 15:00:00+00:00,142.755,149.66775
2026-09-01 16:00:00+00:00,178.47,210.46875
2026-09-01 17:00:00+00:00,214.7725,273.25325
2026-09-01 18:00:00+00:00,233.64,341.89599999999996
2026-09-01 19:00:00+00:00,217.9975,344.6085
2026-09-01 20:00:00+00:00,200.1775,344.67949999999996
2026-09-01 21:00:00+00:00,180.485,343.0335
2026-09-01 22:00:00+00:00,173.6675,339.503
2026-09-01 23:00:00+00:00,165.4175,341.6825
2026-09-02 00:00:00+00:00,155.2375,341.0115
2026-09-02 01:00:00+00:00,150.37,346.1
2026-09-02 02:00:00+00:00,150.85,346.84725
2026-09-02 03:00:00+00:00,168.005,348.078
2026-09-02 04:00:00+00:00,196.3425,356.9545
2026-09-02 05:00:00+00:00,209.155,354.0625
2026-09-02 06:00:00+00:00,201.695,290.3675
2026-09-02 07:00:00+00:00,171.345,209.60500000000002
2026-09-02 08:00:00+00:00,156.98,140.70325
2026-09-02 09:00:00+00:00,131.0,107.16775
2026-09-02 10:00:00+00:00,110.805,98.472425
2026-09-02 11:00:00+00:00,98.76,116.47325000000001
2026-09-02 12:00:00+00:00,103.6275,118.29599999999999
2026-09-02 13:00:00+00:00,114.51,108.82275000000001
2026-09-02 14:00:00+00:00,135.0,134.70250000000001
2026-09-02 15:00:00+00:00,167.9975,183.44525000000002
2026-09-02 16:00:00+00:00,197.2475,218.4605
2026-09-02 17:00:00+00:00,238.0875,252.089
2026-09-02 18:00:00+00:00,244.4575,262.63175000000007
2026-09-02 19:00:00+00:00,214.85,260.41925
2026-09-02 20:00:00+00:00,194.29500000000002,255.70575000000002
2026-09-02 21:00:00+00:00,164.17,237.91025000000002
2026-09-02 22:00:00+00:00,177.14,221.63
2026-09-02 23:00:00+00:00,170.785,201.79274999999998
2026-09-03 00:00:00+00:00,155.3825,175.87699999999998
2026-09-03 01:00:00+00:00,144.5125,173.24375
2026-09-03 02:00:00+00:00,139.54,173.8115
2026-09-03 03:00:00+00:00,144.475,171.722
2026-09-03 04:00:00+00:00,170.025,175.765
2026-09-03 05:00:00+00:00,188.69,176.65324999999999
2026-09-03 06:00:00+00:00,180.1125,169.3875
2026-09-03 07:00:00+00:00,149.5825,138.65925
2026-09-03 08:00:00+00:00,118.55250000000001,87.35789999999999
2026-09-03 09:00:00+00:00,87.28999999999999,65.695825
2026-09-03 10:00:00+00:00,54.11,46.897974999999995
2026-09-03 11:00:00+00:00,33.025000000000006,36.58695
2026-09-03 12:00:00+00:00,28.54,36.746025
2026-09-03 13:00:00+00:00,31.5875,37.762724999999996
2026-09-03 14:00:00+00:00,65.10000000000001,51.56415
2026-09-03 15:00:00+00:00,123.1075,82.21915
2026-09-03 16:00:00+00:00,179.7425,147.444
2026-09-03 17:00:00+00:00,215.3875,215.004
2026-09-03 18:00:00+00:00,224.14,240.5065
2026-09-03 19:00:00+00:00,197.1325,235.03
2026-09-03 20:00:00+00:00,178.5625,226.3855
2026-09-03 21:00:00+00:00,166.72,202.6525
2026-09-03 22:00:00+00:00,142.7925,178.49425000000002
2026-09-03 23:00:00+00:00,124.0025,165.94475
2026-09-04 00:00:00+00:00,116.0075,158.0935
2026-09-04 01:00:00+00:00,115.69,148.77175
2026-09-04 02:00:00+00:00,108.26,145.43975
2026-09-04 03:00:00+00:00,109.0025,148.1805
2026-09-04 04:00:00+00:00,132.9625,151.10625
2026-09-04 05:00:00+00:00,152.3,148.61225
2026-09-04 06:00:00+00:00,152.9925,139.14149999999998
2026-09-04 07:00:00+00:00,137.7975,116.474
2026-09-04 08:00:00+00:00,106.14,77.4011
2026-09-04 09:00:00+00:00,62.660000000000004,60.112425
2026-09-04 10:00:00+00:00,47.932500000000005,53.259299999999996
2026-09-04 11:00:00+00:00,33.42,55.825925
2026-09-04 12:00:00+00:00,40.125,57.818974999999995
2026-09-04 13:00:00+00:00,40.41,54.656299999999995
2026-09-04 14:00:00+00:00,48.12,60.094325000000005
2026-09-04 15:00:00+00:00,70.345,78.86262500000001
2026-09-04 16:00:00+00:00,127.1575,118.319
2026-09-04 17:00:00+00:00,143.9975,146.71824999999998
2026-09-04 18:00:00+00:00,151.01749999999998,150.68649999999997
2026-09-04 19:00:00+00:00,154.47750000000002,157.7655
2026-09-04 20:00:00+00:00,149.395,164.60975
2026-09-04 21:00:00+00:00,140.7,161.62125
2026-09-04 22:00:00+00:00,85.12,140.67025
2026-09-04 23:00:00+00:00,85.215,127.66225
2026-09-05 00:00:00+00:00,78.7175,115.33
2026-09-05 01:00:00+00:00,62.59,103.9455
2026-09-05 02:00:00+00:00,59.53,96.807925
2026-09-05 03:00:00+00:00,60.84,97.81667499999999
2026-09-05 04:00:00+00:00,75.0,101.779725
2026-09-05 05:00:00+00:00,64.4325,95.95165
2026-09-05 06:00:00+00:00,45.0075,76.5835
2026-09-05 07:00:00+00:00,2.4625000000000004,56.762775000000005
2026-09-05 08:00:00+00:00,-0.24249999999999997,42.695899999999995
2026-09-05 09:00:00+00:00,-3.8049999999999997,38.581575
2026-09-05 10:00:00+00:00,-8.9625,37.88185
2026-09-05 11:00:00+00:00,-13.805,37.488275
2026-09-05 12:00:00+00:00,-12.6375,37.474599999999995
2026-09-05 13:00:00+00:00,-6.6274999999999995,39.1962
2026-09-05 14:00:00+00:00,-1.7025000000000001,46.132949999999994
2026-09-05 15:00:00+00:00,46.9425,67.583275
2026-09-05 16:00:00+00:00,150.0,132.170025
2026-09-05 17:00:00+00:00,192.215,240.26925000000003
2026-09-05 18:00:00+00:00,217.1775,312.73974999999996
2026-09-05 19:00:00+00:00,224.0,344.80625
2026-09-05 20:00:00+00:00,215.89,358.09049999999996
2026-09-05 21:00:00+00:00,196.35999999999999,371.35249999999996
2026-09-05 22:00:00+00:00,175.70250000000001,376.2285
2026-09-05 23:00:00+00:00,182.515,384.85999999999996
2026-09-06 00:00:00+00:00,184.3175,389.31750000000005
2026-09-06 01:00:00+00:00,164.0925,396.35725
2026-09-06 02:00:00+00:00,144.605,392.0995
2026-09-06 03:00:00+00:00,144.5825,368.73699999999997
2026-09-06 04:00:00+00:00,145.54500000000002,339.71324999999996
2026-09-06 05:00:00+00:00,134.0675,300.90425
2026-09-06 06:00:00+00:00,110.87,178.08775
2026-09-06 07:00:00+00:00,39.675,99.540925
2026-09-06 08:00:00+00:00,0.5825,59.16782499999999
2026-09-06 09:00:00+00:00,-0.0775,48.036675
2026-09-06 10:00:00+00:00,-2.5425,44.10175
2026-09-06 11:00:00+00:00,-3.7325,41.632200000000005
2026-09-06 12:00:00+00:00,-1.305,45.887375
2026-09-06 13:00:00+00:00,-0.005,50.90840000000001
2026-09-06 14:00:00+00:00,19.945,73.54050000000001
2026-09-06 15:00:00+00:00,122.41499999999999,148.04725
2026-09-06 16:00:00+00:00,193.32,257.5425
2026-09-06 17:00:00+00:00,222.08499999999998,344.45799999999997
2026-09-06 18:00:00+00:00,227.655,365.28774999999996
2026-09-06 19:00:00+00:00,206.155,347.54675000000003
2026-09-06 20:00:00+00:00,189.385,337.387
2026-09-06 21:00:00+00:00,169.9525,329.6825
2026-09-06 22:00:00+00:00,155.7875,335.46475
2026-09-06 23:00:00+00:00,151.0425,350.7565
2026-09-07 00:00:00+00:00,148.58,367.23650000000004
2026-09-07 01:00:00+00:00,148.575,366.61499999999995
2026-09-07 02:00:00+00:00,151.96,371.185
2026-09-07 03:00:00+00:00,172.65,371.09325
2026-09-07 04:00:00+00:00,207.79,371.86825
2026-09-07 05:00:00+00:00,221.07999999999998,360.27725
2026-09-07 06:00:00+00:00,212.3075,309.07225
2026-09-07 07:00:00+00:00,176.79,238.1195
2026-09-07 08:00:00+00:00,140.8625,156.87699999999998
2026-09-07 09:00:00+00:00,106.405,90.15485000000001
2026-09-07 10:00:00+00:00,64.89,54.43855
2026-09-07 11:00:00+00:00,22.7775,43.4455
2026-09-07 12:00:00+00:00,2.5475,46.25472499999999
2026-09-07 13:00:00+00:00,39.8925,54.049925
2026-09-07 14:00:00+00:00,97.16499999999999,73.6476
2026-09-07 15:00:00+00:00,158.79,127.16949999999999
2026-09-07 16:00:00+00:00,205.965,198.22550000000004
2026-09-07 17:00:00+00:00,241.01,244.65675000000002
2026-09-07 18:00:00+00:00,233.02249999999998,275.335
2026-09-07 19:00:00+00:00,204.9675,281.129
2026-09-07 20:00:00+00:00,186.23,280.51699999999994
2026-09-07 21:00:00+00:00,169.5375,265.37825000000004
2026-09-07 22:00:00+00:00,178.945,261.49525
2026-09-07 23:00:00+00:00,168.33249999999998,266.34875
2026-09-08 00:00:00+00:00,156.76999999999998,273.94725
2026-09-08 01:00:00+00:00,153.1375,276.76075
2026-09-08 02:00:00+00:00,152.26,283.3025
2026-09-08 03:00:00+00:00,167.44,279.77375
2026-09-08 04:00:00+00:00,202.7325,276.80850000000004
2026-09-08 05:00:00+00:00,222.9175,282.45825
2026-09-08 06:00:00+00:00,200.735,269.763
2026-09-08 07:00:00+00:00,165.02,230.53924999999998
2026-09-08 08:00:00+00:00,150.0,184.56675
2026-09-08 09:00:00+00:00,116.6175,146.0985
2026-09-08 10:00:00+00:00,110.9975,135.90550000000002
2026-09-08 11:00:00+00:00,105.2625,130.258
2026-09-08 12:00:00+00:00,96.495,133.66375000000002
2026-09-08 13:00:00+00:00,124.7525,168.2105
2026-09-08 14:00:00+00:00,159.965,253.9755
2026-09-08 15:00:00+00:00,178.3525,333.635
2026-09-08 16:00:00+00:00,206.7125,358.35675
2026-09-08 17:00:00+00:00,242.99,329.40925
2026-09-08 18:00:00+00:00,256.5625,304.32725000000005
2026-09-08 19:00:00+00:00,218.975,282.15325
2026-09-08 20:00:00+00:00,195.9075,258.97425
2026-09-08 21:00:00+00:00,177.57,233.60999999999999
2026-09-08 22:00:00+00:00,150.025,206.17599999999996
2026-09-08 23:00:00+00:00,146.19,189.29800000000003
2026-09-09 00:00:00+00:00,143.995,181.8005
2026-09-09 01:00:00+00:00,140.035,187.55175000000003
2026-09-09 02:00:00+00:00,138.1575,207.09475
2026-09-09 03:00:00+00:00,141.815,216.86075
2026-09-09 04:00:00+00:00,173.37,223.35125
2026-09-09 05:00:00+00:00,199.38,220.62075000000002
2026-09-09 06:00:00+00:00,198.0,180.22
2026-09-09 07:00:00+00:00,156.3025,119.114
2026-09-09 08:00:00+00:00,112.1425,79.907325
2026-09-09 09:00:00+00:00,97.115,72.011325
2026-09-09 10:00:00+00:00,86.51,60.5391
2026-09-09 11:00:00+00:00,66.9975,50.692975000000004
2026-09-09 12:00:00+00:00,59.58,48.179
2026-09-09 13:00:00+00:00,59.07,53.600875
2026-09-09 14:00:00+00:00,88.1675,69.310175
2026-09-09 15:00:00+00:00,123.81750000000001,113.738325
2026-09-09 16:00:00+00:00,177.77249999999998,171.58
2026-09-09 17:00:00+00:00,202.23499999999999,241.3785
2026-09-09 18:00:00+00:00,207.60250000000002,285.68974999999995
2026-09-09 19:00:00+00:00,201.26749999999998,330.73125000000005
2026-09-09 20:00:00+00:00,201.7925,352.0715
2026-09-09 21:00:00+00:00,182.3525,365.5695
2026-09-09 22:00:00+00:00,171.56,368.02925
2026-09-09 23:00:00+00:00,167.4725,375.7065
2026-09-10 00:00:00+00:00,165.54500000000002,384.97974999999997
2026-09-10 01:00:00+00:00,165.01,393.67474999999996
2026-09-10 02:00:00+00:00,169.9,397.69025000000005
2026-09-10 03:00:00+00:00,184.025,404.12125
2026-09-10 04:00:00+00:00,211.2075,397.03075
2026-09-10 05:00:00+00:00,231.97750000000002,389.01075
2026-09-10 06:00:00+00:00,222.04500000000002,328.206
2026-09-10 07:00:00+00:00,185.1475,253.43475000000004
2026-09-10 08:00:00+00:00,147.1625,166.69775
2026-09-10 09:00:00+00:00,114.335,113.34175
2026-09-10 10:00:00+00:00,93.4725,94.53190000000001
2026-09-10 11:00:00+00:00,103.6125,91.357825
2026-09-10 12:00:00+00:00,110.175,96.510675
2026-09-10 13:00:00+00:00,130.20999999999998,114.11725
2026-09-10 14:00:00+00:00,156.77,164.3875
2026-09-10 15:00:00+00:00,187.64749999999998,217.887
2026-09-10 16:00:00+00:00,247.745,271.755
2026-09-10 17:00:00+00:00,473.765,337.00924999999995
2026-09-10 18:00:00+00:00,438.2275,361.57349999999997
2026-09-10 19:00:00+00:00,254.7225,354.63525000000004
2026-09-10 20:00:00+00:00,225.1025,345.27125
2026-09-10 21:00:00+00:00,199.435,333.7795
2026-09-10 22:00:00+00:00,184.38,311.39125
2026-09-10 23:00:00+00:00,180.7175,292.08725000000004
2026-09-11 00:00:00+00:00,171.48499999999999,290.149
2026-09-11 01:00:00+00:00,164.8675,290.3355
2026-09-11 02:00:00+00:00,167.2575,291.07275
2026-09-11 03:00:00+00:00,175.93,293.98225
2026-09-11 04:00:00+00:00,202.46,298.57849999999996
2026-09-11 05:00:00+00:00,222.8125,303.7175
2026-09-11 06:00:00+00:00,214.71,284.56550000000004
2026-09-11 07:00:00+00:00,192.595,248.19000000000003
2026-09-11 08:00:00+00:00,178.5775,206.45950000000002
2026-09-11 09:00:00+00:00,161.2625,184.99375
2026-09-11 10:00:00+00:00,147.83749999999998,187.22375000000002
2026-09-11 11:00:00+00:00,149.0925,193.58625
2026-09-11 12:00:00+00:00,153.0075,187.96474999999998
2026-09-11 13:00:00+00:00,172.28,172.3215
2026-09-11 14:00:00+00:00,179.465,209.04975
2026-09-11 15:00:00+00:00,205.5025,257.90975000000003
2026-09-11 16:00:00+00:00,248.555,305.25775
2026-09-11 17:00:00+00:00,306.1725,358.714
2026-09-11 18:00:00+00:00,287.4625,393.9765
2026-09-11 19:00:00+00:00,244.85,404.683
2026-09-11 20:00:00+00:00,224.965,410.44975000000005
2026-09-11 21:00:00+00:00,204.655,413.446
2026-09-11 22:00:00+00:00,205.43,411.05625000000003
2026-09-11 23:00:00+00:00,199.035,395.56874999999997
2026-09-12 00:00:00+00:00,196.385,395.063
2026-09-12 01:00:00+00:00,189.3,398.21825
2026-09-12 02:00:00+00:00,184.23250000000002,409.481
2026-09-12 03:00:00+00:00,186.6275,411.776
2026-09-12 04:00:00+00:00,193.0775,408.77225
2026-09-12 05:00:00+00:00,193.5525,398.752
2026-09-12 06:00:00+00:00,175.5575,321.0705
2026-09-12 07:00:00+00:00,150.9525,198.89625
2026-09-12 08:00:00+00:00,85.7425,103.6779
2026-09-12 09:00:00+00:00,30.2775,68.28735
2026-09-12 10:00:00+00:00,0.9525,54.417849999999994
2026-09-12 11:00:00+00:00,-0.0275,54.38825
2026-09-12 12:00:00+00:00,0.0175,56.879775
2026-09-12 13:00:00+00:00,1.0825,54.830575
2026-09-12 14:00:00+00:00,29.985,72.09895
2026-09-12 15:00:00+00:00,116.25999999999999,119.41057500000001
2026-09-12 16:00:00+00:00,178.64749999999998,192.2025
2026-09-12 17:00:00+00:00,204.11,231.07274999999998
2026-09-12 18:00:00+00:00,210.1925,252.40449999999998
2026-09-12 19:00:00+00:00,200.42,243.13475
2026-09-12 20:00:00+00:00,184.3,239.13925
2026-09-12 21:00:00+00:00,180.0,260.1035
2026-09-12 22:00:00+00:00,177.8275,268.16074999999995
2026-09-12 23:00:00+00:00,167.595,268.4145
2026-09-13 00:00:00+00:00,163.0275,275.2005
2026-09-13 01:00:00+00:00,161.73,283.36775
2026-09-13 02:00:00+00:00,164.055,289.17775
2026-09-13 03:00:00+00:00,168.03,309.3975
2026-09-13 04:00:00+00:00,176.385,330.22875
2026-09-13 05:00:00+00:00,179.9025,340.009
2026-09-13 06:00:00+00:00,169.3975,331.87925
2026-09-13 07:00:00+00:00,168.88,306.32525
2026-09-13 08:00:00+00:00,173.725,279.15175000000005
2026-09-13 09:00:00+00:00,163.28,254.1275
2026-09-13 10:00:00+00:00,157.18,254.17100000000005
2026-09-13 11:00:00+00:00,151.295,226.74375
2026-09-13 12:00:00+00:00,150.8125,176.18200000000002
2026-09-13 13:00:00+00:00,156.5875,154.01675
2026-09-13 14:00:00+00:00,164.9,180.93875
2026-09-13 15:00:00+00:00,191.2175,260.8915
2026-09-13 16:00:00+00:00,209.8375,318.262
2026-09-13 17:00:00+00:00,230.01,383.35975
2026-09-13 18:00:00+00:00,233.83,412.72
2026-09-13 19:00:00+00:00,232.37,421.40749999999997
2026-09-13 20:00:00+00:00,227.46,422.74475
2026-09-13 21:00:00+00:00,210.5875,424.19775
2026-09-13 22:00:00+00:00,201.70499999999998,424.19649999999996
2026-09-13 23:00:00+00:00,187.89249999999998,424.056
2026-09-14 00:00:00+00:00,184.1725,424.2845
2026-09-14 01:00:00+00:00,183.8675,423.69449999999995
2026-09-14 02:00:00+00:00,183.755,422.574
2026-09-14 03:00:00+00:00,201.95,420.0125
2026-09-14 04:00:00+00:00,233.89,415.0695
2026-09-14 05:00:00+00:00,305.345,406.00800000000004
2026-09-14 06:00:00+00:00,296.47,365.7695
2026-09-14 07:00:00+00:00,250.12,312.7315
2026-09-14 08:00:00+00:00,211.4725,267.677
2026-09-14 09:00:00+00:00,196.64999999999998,228.64075
2026-09-14 10:00:00+00:00,180.58,202.56099999999998
2026-09-14 11:00:00+00:00,163.82,192.19675
2026-09-14 12:00:00+00:00,160.805,175.23925
2026-09-14 13:00:00+00:00,164.9,180.049
2026-09-14 14:00:00+00:00,178.8325,205.13625
2026-09-14 15:00:00+00:00,216.64249999999998,271.39025
2026-09-14 16:00:00+00:00,296.015,309.86525
2026-09-14 17:00:00+00:00,400.0,357.74300000000005
2026-09-14 18:00:00+00:00,382.0,375.26775000000004
2026-09-14 19:00:00+00:00,269.41499999999996,376.97825
2026-09-14 20:00:00+00:00,243.4075,374.62874999999997
2026-09-14 21:00:00+00:00,211.98,371.71925
2026-09-14 22:00:00+00:00,208.9,377.21925
2026-09-14 23:00:00+00:00,198.015,375.52175
2026-09-15 00:00:00+00:00,188.37,370.1125
2026-09-15 01:00:00+00:00,185.655,364.0745
2026-09-15 02:00:00+00:00,183.55,357.80899999999997
2026-09-15 03:00:00+00:00,196.14249999999998,352.3075
2026-09-15 04:00:00+00:00,224.42249999999999,345.4075
2026-09-15 05:00:00+00:00,244.3075,339.99749999999995
2026-09-15 06:00:00+00:00,233.1125,293.12575
2026-09-15 07:00:00+00:00,196.71,199.63875
2026-09-15 08:00:00+00:00,145.96,110.34215
2026-09-15 09:00:00+00:00,92.995,64.102075
2026-09-15 10:00:00+00:00,52.75,45.771674999999995
2026-09-15 11:00:00+00:00,35.19,44.64319999999999
2026-09-15 12:00:00+00:00,53.567499999999995,49.53589999999999
2026-09-15 13:00:00+00:00,102.2325,77.15577499999999
2026-09-15 14:00:00+00:00,152.7925,140.06199999999998
2026-09-15 15:00:00+00:00,207.9525,219.00675
2026-09-15 16:00:00+00:00,226.9775,267.43125000000003
2026-09-15 17:00:00+00:00,266.4125,310.93499999999995
2026-09-15 18:00:00+00:00,248.485,362.07649999999995
2026-09-15 19:00:00+00:00,222.3225,374.41325
2026-09-15 20:00:00+00:00,200.0775,375.27600000000007
2026-09-15 21:00:00+00:00,183.035,381.8449999999999
2026-09-15 22:00:00+00:00,176.815,392.75124999999997
2026-09-15 23:00:00+00:00,171.31,362.24899999999997
2026-09-16 00:00:00+00:00,168.875,343.26250000000005
2026-09-16 01:00:00+00:00,168.64249999999998,325.01025
2026-09-16 02:00:00+00:00,169.4225,332.19624999999996
2026-09-16 03:00:00+00:00,189.1575,350.11375
2026-09-16 04:00:00+00:00,218.72,360.15549999999996
2026-09-16 05:00:00+00:00,235.79250000000002,354.83299999999997
2026-09-16 06:00:00+00:00,224.9925,304.18700000000007
2026-09-16 07:00:00+00:00,194.395,238.67675
2026-09-16 08:00:00+00:00,182.0975,153.86699999999996
2026-09-16 09:00:00+00:00,146.3775,131.74450000000002
2026-09-16 10:00:00+00:00,116.515,115.79125
2026-09-16 11:00:00+00:00,97.38749999999999,101.196575
2026-09-16 12:00:00+00:00,102.89750000000001,102.52625
2026-09-16 13:00:00+00:00,119.515,110.21125
2026-09-16 14:00:00+00:00,153.5375,139.49275
2026-09-16 15:00:00+00:00,200.1725,195.25625
2026-09-16 16:00:00+00:00,231.0875,255.68849999999998
2026-09-16 17:00:00+00:00,254.835,326.55875000000003
2026-09-16 18:00:00+00:00,247.17249999999999,355.8647500000001
2026-09-16 19:00:00+00:00,220.365,365.8825
2026-09-16 20:00:00+00:00,202.2975,376.49475
2026-09-16 21:00:00+00:00,186.025,373.4285
2026-09-16 22:00:00+00:00,183.6525,360.30125
2026-09-16 23:00:00+00:00,168.5875,339.68325000000004
2026-09-17 00:00:00+00:00,161.6325,321.552
2026-09-17 01:00:00+00:00,161.82,308.2075
2026-09-17 02:00:00+00:00,161.1625,266.93224999999995
2026-09-17 03:00:00+00:00,162.5175,240.778
2026-09-17 04:00:00+00:00,196.2425,234.70325
2026-09-17 05:00:00+00:00,217.14749999999998,220.65125000000003
2026-09-17 06:00:00+00:00,198.365,195.24599999999998
2026-09-17 07:00:00+00:00,164.03,140.3535
2026-09-17 08:00:00+00:00,112.48750000000001,81.531275
2026-09-17 09:00:00+00:00,41.0,50.94882500000001
2026-09-17 10:00:00+00:00,26.927500000000002,44.287675
2026-09-17 11:00:00+00:00,26.802500000000002,52.142175
2026-09-17 12:00:00+00:00,46.0325,57.83005
2026-09-17 13:00:00+00:00,85.7,72.485025
2026-09-17 14:00:00+00:00,114.9,109.3396
2026-09-17 15:00:00+00:00,167.28,153.95475
2026-09-17 16:00:00+00:00,201.51999999999998,193.33425000000005
2026-09-17 17:00:00+00:00,222.2525,226.82325
2026-09-17 18:00:00+00:00,220.37,260.30375
2026-09-17 19:00:00+00:00,208.95,281.81800000000004
2026-09-17 20:00:00+00:00,195.82,277.883
2026-09-17 21:00:00+00:00,181.585,265.924
2026-09-17 22:00:00+00:00,142.5775,236.76325
2026-09-17 23:00:00+00:00,133.285,231.03675
2026-09-18 00:00:00+00:00,132.725,227.31425
2026-09-18 01:00:00+00:00,133.9325,234.59675000000001
2026-09-18 02:00:00+00:00,134.01749999999998,239.21349999999998
2026-09-18 03:00:00+00:00,150.14,252.9515
2026-09-18 04:00:00+00:00,192.3425,275.831
2026-09-18 05:00:00+00:00,221.715,279.497
2026-09-18 06:00:00+00:00,210.8175,238.5375
2026-09-18 07:00:00+00:00,164.5175,155.91625000000002
2026-09-18 08:00:00+00:00,94.2825,82.21077499999998
2026-09-18 09:00:00+00:00,39.9975,49.093225000000004
2026-09-18 10:00:00+00:00,5.3175,44.61395
2026-09-18 11:00:00+00:00,0.1175,39.289525000000005
2026-09-18 12:00:00+00:00,0.0025,43.89082499999999
2026-09-18 13:00:00+00:00,3.075,44.51825
2026-09-18 14:00:00+00:00,30.535,56.9386
2026-09-18 15:00:00+00:00,94.0,81.854325
2026-09-18 16:00:00+00:00,182.495,143.68625
2026-09-18 17:00:00+00:00,199.9,189.76975000000002
2026-09-18 18:00:00+00:00,201.0025,205.5575
2026-09-18 19:00:00+00:00,183.375,199.91500000000002
2026-09-18 20:00:00+00:00,168.84,169.847
2026-09-18 21:00:00+00:00,140.145,148.85025
2026-09-18 22:00:00+00:00,108.985,116.978
2026-09-18 23:00:00+00:00,86.1225,85.09700000000001
2026-09-19 00:00:00+00:00,64.82000000000001,70.97485
2026-09-19 01:00:00+00:00,32.43,57.483000000000004
2026-09-19 02:00:00+00:00,36.11,57.4366
2026-09-19 03:00:00+00:00,35.864999999999995,55.632799999999996
2026-09-19 04:00:00+00:00,46.215,56.2884
2026-09-19 05:00:00+00:00,46.0775,58.595425000000006
2026-09-19 06:00:00+00:00,32.9,55.80415000000001
2026-09-19 07:00:00+00:00,9.8775,48.097925
2026-09-19 08:00:00+00:00,0.0825,41.64785
2026-09-19 09:00:00+00:00,-0.165,36.910374999999995
2026-09-19 10:00:00+00:00,-0.6,35.519074999999994
2026-09-19 11:00:00+00:00,-1.1724999999999999,35.892675
2026-09-19 12:00:00+00:00,-1.225,34.734925
2026-09-19 13:00:00+00:00,-0.9025,36.08285
2026-09-19 14:00:00+00:00,-0.055,39.086125
2026-09-19 15:00:00+00:00,8.5625,45.120425000000004
2026-09-19 16:00:00+00:00,70.695,61.071349999999995
2026-09-19 17:00:00+00:00,131.8225,81.86012500000001
2026-09-19 18:00:00+00:00,119.7575,88.2542
2026-09-19 19:00:00+00:00,104.6075,87.31150000000001
2026-09-19 20:00:00+00:00,98.7725,75.57265000000001
2026-09-19 21:00:00+00:00,92.12,65.19422499999999
2026-09-19 22:00:00+00:00,31.195,59.218399999999995
2026-09-19 23:00:00+00:00,31.2325,60.130100000000006
2026-09-20 00:00:00+00:00,24.6575,63.02805
2026-09-20 01:00:00+00:00,19.0425,65.248425
2026-09-20 02:00:00+00:00,12.005,67.80657500000001
2026-09-20 03:00:00+00:00,14.7575,72.997225
2026-09-20 04:00:00+00:00,21.4525,73.76067499999999
2026-09-20 05:00:00+00:00,27.0725,76.10335
2026-09-20 06:00:00+00:00,21.8725,74.3724
2026-09-20 07:00:00+00:00,4.18,62.57645000000001
2026-09-20 08:00:00+00:00,-0.01,49.0595
2026-09-20 09:00:00+00:00,-0.125,39.39329999999999
2026-09-20 10:00:00+00:00,-2.1225,33.515975
2026-09-20 11:00:00+00:00,-3.0525,31.44325
2026-09-20 12:00:00+00:00,-3.0075,28.492175000000003
2026-09-20 13:00:00+00:00,-1.6,32.435975
2026-09-20 14:00:00+00:00,-0.7925,39.154849999999996
2026-09-20 15:00:00+00:00,25.5925,59.1762
2026-09-20 16:00:00+00:00,192.7375,116.085825
2026-09-20 17:00:00+00:00,218.0,201.65349999999998
2026-09-20 18:00:00+00:00,241.1525,254.43824999999998
2026-09-20 19:00:00+00:00,238.25,277.81425
2026-09-20 20:00:00+00:00,219.995,291.746
2026-09-20 21:00:00+00:00,195.995,294.17199999999997
2026-09-20 22:00:00+00:00,164.5925,289.20349999999996
2026-09-20 23:00:00+00:00,170.55,289.47625
2026-09-21 00:00:00+00:00,162.1,289.17325
2026-09-21 01:00:00+00:00,161.225,296.3525
2026-09-21 02:00:00+00:00,160.0,306.4595
2026-09-21 03:00:00+00:00,174.5675,316.15775
2026-09-21 04:00:00+00:00,178.9525,321.7035
2026-09-21 05:00:00+00:00,210.39,333.03849999999994
2026-09-21 06:00:00+00:00,239.6,307.18275
2026-09-21 07:00:00+00:00,207.85,231.91950000000003
2026-09-21 08:00:00+00:00,172.66,123.033
2026-09-21 09:00:00+00:00,92.9625,69.635625
2026-09-21 10:00:00+00:00,60.8875,58.794200000000004
2026-09-21 11:00:00+00:00,41.0925,48.667725000000004
2026-09-21 12:00:00+00:00,49.9975,47.40295
2026-09-21 13:00:00+00:00,72.925,58.017025
2026-09-21 14:00:00+00:00,133.145,86.38985000000001
2026-09-21 15:00:00+00:00,183.48000000000002,153.983
2026-09-21 16:00:00+00:00,216.6525,260.171
2026-09-21 17:00:00+00:00,243.7675,352.48375
2026-09-21 18:00:00+00:00,241.025,389.18625000000003
2026-09-21 19:00:00+00:00,218.10750000000002,393.14225000000005
2026-09-21 20:00:00+00:00,206.0475,389.7705
2026-09-21 21:00:00+00:00,185.5075,395.91875
2026-09-21 22:00:00+00:00,181.565,400.4965
2026-09-21 23:00:00+00:00,176.42,408.46900000000005
2026-09-22 00:00:00+00:00,173.9425,415.25175
2026-09-22 01:00:00+00:00,171.9125,416.9842499999999
2026-09-22 02:00:00+00:00,175.6025,418.0295
2026-09-22 03:00:00+00:00,190.29500000000002,421.64199999999994
2026-09-22 04:00:00+00:00,234.0525,422.01875
2026-09-22 05:00:00+00:00,285.14750000000004,420.93649999999997
2026-09-22 06:00:00+00:00,249.0225,397.508
2026-09-22 07:00:00+00:00,204.05,341.26700000000005
2026-09-22 08:00:00+00:00,178.9325,261.38475
2026-09-22 09:00:00+00:00,158.33249999999998,207.33599999999998
2026-09-22 10:00:00+00:00,127.7,190.55149999999998
2026-09-22 11:00:00+00:00,118.03,216.79175
2026-09-22 12:00:00+00:00,124.9325,241.83374999999998
2026-09-22 13:00:00+00:00,141.4675,265.49675
2026-09-22 14:00:00+00:00,169.1525,303.85974999999996
2026-09-22 15:00:00+00:00,213.0,355.37874999999997
2026-09-22 16:00:00+00:00,363.2125,388.4172499999999
2026-09-22 17:00:00+00:00,570.9375,419.58949999999993
2026-09-22 18:00:00+00:00,421.21000000000004,422.25674999999995
2026-09-22 19:00:00+00:00,286.485,422.53974999999997
2026-09-22 20:00:00+00:00,246.2725,423.45725
2026-09-22 21:00:00+00:00,212.9225,424.3895
2026-09-22 22:00:00+00:00,188.20499999999998,424.933
2026-09-22 23:00:00+00:00,177.1275,425.31975000000006
2026-09-23 00:00:00+00:00,175.155,425.44124999999997
2026-09-23 01:00:00+00:00,173.7125,424.77225000000004
2026-09-23 02:00:00+00:00,172.9775,421.678
2026-09-23 03:00:00+00:00,177.3775,416.62025
2026-09-23 04:00:00+00:00,212.365,414.38325000000003
2026-09-23 05:00:00+00:00,268.64,412.7545
2026-09-23 06:00:00+00:00,229.76749999999998,378.957
2026-09-23 07:00:00+00:00,181.7525,311.38575000000003
2026-09-23 08:00:00+00:00,144.20499999999998,213.29274999999998
2026-09-23 09:00:00+00:00,107.94,123.944
2026-09-23 10:00:00+00:00,68.5675,86.551
2026-09-23 11:00:00+00:00,52.55,76.61845000000001
2026-09-23 12:00:00+00:00,69.9125,84.30185
2026-09-23 13:00:00+00:00,100.995,135.56425
2026-09-23 14:00:00+00:00,146.0025,189.81475
2026-09-23 15:00:00+00:00,177.32999999999998,246.94674999999998
2026-09-23 16:00:00+00:00,218.0,300.33575
2026-09-23 17:00:00+00:00,225.7,320.78175
2026-09-23 18:00:00+00:00,219.27,318.63550000000004
2026-09-23 19:00:00+00:00,190.9375,298.26175
2026-09-23 20:00:00+00:00,164.14,279.02175
2026-09-23 21:00:00+00:00,146.0,283.43225
2026-09-23 22:00:00+00:00,155.29250000000002,279.23074999999994
2026-09-23 23:00:00+00:00,152.60250000000002,293.06224999999995
2026-09-24 00:00:00+00:00,130.39,299.11350000000004
2026-09-24 01:00:00+00:00,153.1225,295.77049999999997
2026-09-24 02:00:00+00:00,153.9525,307.00550000000004
2026-09-24 03:00:00+00:00,158.365,324.66425
2026-09-24 04:00:00+00:00,173.56,326.43525
2026-09-24 05:00:00+00:00,218.0025,327.695
2026-09-24 06:00:00+00:00,206.4775,299.18
2026-09-24 07:00:00+00:00,161.105,232.48125
2026-09-24 08:00:00+00:00,115.0625,150.96874999999997
2026-09-24 09:00:00+00:00,85.245,92.94704999999999
2026-09-24 10:00:00+00:00,52.7625,76.80347499999999
2026-09-24 11:00:00+00:00,39.41,67.24752499999998
2026-09-24 12:00:00+00:00,39.03,77.6432
2026-09-24 13:00:00+00:00,79.9875,98.69279999999999
2026-09-24 14:00:00+00:00,120.56,161.447
2026-09-24 15:00:00+00:00,171.37,260.1635
2026-09-24 16:00:00+00:00,221.18,350.713
2026-09-24 17:00:00+00:00,267.7,412.3035
2026-09-24 18:00:00+00:00,260.0,418.26000000000005
2026-09-24 19:00:00+00:00,225.855,417.82125
2026-09-24 20:00:00+00:00,204.9975,416.98799999999994
2026-09-24 21:00:00+00:00,188.2225,397.666
2026-09-24 22:00:00+00:00,181.9825,388.8245
2026-09-24 23:00:00+00:00,172.2,379.44875
2026-09-25 00:00:00+00:00,164.93,371.77375
2026-09-25 01:00:00+00:00,164.4775,376.20149999999995
2026-09-25 02:00:00+00:00,161.17000000000002,380.01624999999996
2026-09-25 03:00:00+00:00,165.8625,386.18924999999996
2026-09-25 04:00:00+00:00,179.9,389.398
2026-09-25 05:00:00+00:00,207.57,390.0567500000001
2026-09-25 06:00:00+00:00,212.46,350.47975
2026-09-25 07:00:00+00:00,194.7075,276.8735
2026-09-25 08:00:00+00:00,155.0075,181.64425
2026-09-25 09:00:00+00:00,106.0075,111.85232500000001
2026-09-25 10:00:00+00:00,61.682500000000005,66.5857
2026-09-25 11:00:00+00:00,34.927499999999995,55.35359999999999
2026-09-25 12:00:00+00:00,43.635,56.59307499999999
2026-09-25 13:00:00+00:00,85.855,85.58375
2026-09-25 14:00:00+00:00,145.28,157.11799999999997
2026-09-25 15:00:00+00:00,195.2525,246.325
2026-09-25 16:00:00+00:00,240.39249999999998,324.11175
2026-09-25 17:00:00+00:00,297.40250000000003,404.77299999999997
2026-09-25 18:00:00+00:00,252.1875,415.53974999999997
2026-09-25 19:00:00+00:00,224.25,416.9905
2026-09-25 20:00:00+00:00,206.51999999999998,416.8335
2026-09-25 21:00:00+00:00,177.0,412.89549999999997
2026-09-25 22:00:00+00:00,196.7575,407.0525
2026-09-25 23:00:00+00:00,184.6,398.54075
2026-09-26 00:00:00+00:00,176.0775,399.866
2026-09-26 01:00:00+00:00,164.6925,399.27299999999997
2026-09-26 02:00:00+00:00,161.7975,393.67724999999996
2026-09-26 03:00:00+00:00,161.7275,390.39599999999996
2026-09-26 04:00:00+00:00,179.465,388.25425
2026-09-26 05:00:00+00:00,194.89,388.61575
2026-09-26 06:00:00+00:00,191.9525,369.23224999999996
2026-09-26 07:00:00+00:00,156.4425,295.49550000000005
2026-09-26 08:00:00+00:00,114.745,192.90425
2026-09-26 09:00:00+00:00,59.935,105.6957
2026-09-26 10:00:00+00:00,40.9975,81.851125
2026-09-26 11:00:00+00:00,18.5275,79.71475
2026-09-26 12:00:00+00:00,19.215,80.88365
2026-09-26 13:00:00+00:00,57.6775,110.6952
2026-09-26 14:00:00+00:00,125.205,183.52425
2026-09-26 15:00:00+00:00,186.475,283.02425
2026-09-26 16:00:00+00:00,213.2,340.74475000000007
2026-09-26 17:00:00+00:00,236.78750000000002,406.57125
2026-09-26 18:00:00+00:00,226.36,417.2915
2026-09-26 19:00:00+00:00,208.4875,419.53475000000003
2026-09-26 20:00:00+00:00,199.31,418.41724999999997
2026-09-26 21:00:00+00:00,186.0,416.47625
2026-09-26 22:00:00+00:00,183.435,413.311
2026-09-26 23:00:00+00:00,178.29500000000002,412.5575
2026-09-27 00:00:00+00:00,171.34,408.46375
2026-09-27 01:00:00+00:00,166.4325,403.4565
2026-09-27 02:00:00+00:00,161.5675,399.9825
2026-09-27 03:00:00+00:00,158.67000000000002,399.76675
2026-09-27 04:00:00+00:00,159.57,407.62850000000003
2026-09-27 05:00:00+00:00,151.89249999999998,411.736
2026-09-27 06:00:00+00:00,130.9375,341.8105
2026-09-27 07:00:00+00:00,64.96,179.804
2026-09-27 08:00:00+00:00,21.9475,94.846075
2026-09-27 09:00:00+00:00,0.6975,74.85307499999999
2026-09-27 10:00:00+00:00,1.1875,66.984825
2026-09-27 11:00:00+00:00,0.1225,64.30745
2026-09-27 12:00:00+00:00,-0.042499999999999996,66.14437500000001
2026-09-27 13:00:00+00:00,-0.005,73.43825000000001
2026-09-27 14:00:00+00:00,13.1025,99.77485
2026-09-27 15:00:00+00:00,114.7775,179.76749999999998
2026-09-27 16:00:00+00:00,190.04500000000002,303.27375
2026-09-27 17:00:00+00:00,202.14000000000001,385.4685
2026-09-27 18:00:00+00:00,201.1275,381.01375
2026-09-27 19:00:00+00:00,189.915,373.66274999999996
2026-09-27 20:00:00+00:00,177.3025,361.08849999999995
2026-09-27 21:00:00+00:00,163.6675,359.27549999999997
